mtllib vintage_pickup_chassis.mtl
usemtl vintage_pickup_chassis_mat
v -0.595336 0.804015 1.894372
v -0.595336 0.804015 -0.000584
v -0.595336 0.616468 1.894372
v -0.595336 0.616468 -0.000584
v 0.607889 0.804015 -0.000584
v 0.607889 0.804015 1.894372
v 0.607889 0.616468 -0.000584
v 0.607889 0.616468 1.894372
v 0.607889 0.804015 -0.000584
v -0.595336 0.804015 -0.000584
v 0.607889 0.804015 1.894372
v -0.595336 0.804015 1.894372
v 0.607889 0.616468 1.894372
v -0.595336 0.616468 1.894372
v 0.607889 0.616468 -0.000584
v -0.595336 0.616468 -0.000584
v 0.607889 0.804015 1.894372
v -0.595336 0.804015 1.894372
v 0.607889 0.616468 1.894372
v -0.595336 0.616468 1.894372
v -0.595336 0.804015 -0.000584
v 0.607889 0.804015 -0.000584
v -0.595336 0.616468 -0.000584
v 0.607889 0.616468 -0.000584
v -0.863260 0.706588 0.012105
v -0.863260 0.706588 -1.517500
v -0.863260 0.567754 0.012105
v -0.863260 0.567754 -1.517500
v 0.851456 0.706588 -1.517500
v 0.851456 0.706588 0.012105
v 0.851456 0.567754 -1.517500
v 0.851456 0.567754 0.012105
v 0.851456 0.706588 -1.517500
v -0.863260 0.706588 -1.517500
v 0.851456 0.706588 0.012105
v -0.863260 0.706588 0.012105
v 0.851456 0.567754 0.012105
v -0.863260 0.567754 0.012105
v 0.851456 0.567754 -1.517500
v -0.863260 0.567754 -1.517500
v 0.851456 0.706588 0.012105
v -0.863260 0.706588 0.012105
v 0.851456 0.567754 0.012105
v -0.863260 0.567754 0.012105
v -0.863260 0.706588 -1.517500
v 0.851456 0.706588 -1.517500
v -0.863260 0.567754 -1.517500
v 0.851456 0.567754 -1.517500
v -0.400482 0.584804 2.009360
v -0.400482 0.584804 -1.639284
v -0.400482 0.494684 2.009360
v -0.400482 0.494684 -1.639284
v -0.268955 0.584804 -1.639284
v -0.268955 0.584804 2.009360
v -0.268955 0.494684 -1.639284
v -0.268955 0.494684 2.009360
v -0.268955 0.584804 -1.639284
v -0.400482 0.584804 -1.639284
v -0.268955 0.584804 2.009360
v -0.400482 0.584804 2.009360
v -0.268955 0.494684 2.009360
v -0.400482 0.494684 2.009360
v -0.268955 0.494684 -1.639284
v -0.400482 0.494684 -1.639284
v -0.268955 0.584804 2.009360
v -0.400482 0.584804 2.009360
v -0.268955 0.494684 2.009360
v -0.400482 0.494684 2.009360
v -0.400482 0.584804 -1.639284
v -0.268955 0.584804 -1.639284
v -0.400482 0.494684 -1.639284
v -0.268955 0.494684 -1.639284
v -0.669503 0.584804 2.175272
v -0.719836 0.584804 2.053757
v -0.669503 0.470327 2.175272
v -0.719836 0.470327 2.053757
v -0.319287 0.584804 1.887845
v -0.268954 0.584804 2.009359
v -0.319287 0.470327 1.887845
v -0.268954 0.470327 2.009359
v -0.319287 0.584804 1.887845
v -0.719836 0.584804 2.053757
v -0.268954 0.584804 2.009359
v -0.669503 0.584804 2.175272
v -0.268954 0.470327 2.009359
v -0.669503 0.470327 2.175272
v -0.319287 0.470327 1.887845
v -0.719836 0.470327 2.053757
v -0.268954 0.584804 2.009359
v -0.669503 0.584804 2.175272
v -0.268954 0.470327 2.009359
v -0.669503 0.470327 2.175272
v -0.719836 0.584804 2.053757
v -0.319287 0.584804 1.887845
v -0.719836 0.470327 2.053757
v -0.319287 0.470327 1.887845
v -1.127412 0.584804 2.175274
v -1.127412 0.584804 2.043748
v -1.127412 0.470327 2.175274
v -1.127412 0.470327 2.043748
v -0.669505 0.584804 2.043748
v -0.669505 0.584804 2.175274
v -0.669505 0.470327 2.043748
v -0.669505 0.470327 2.175274
v -0.669505 0.584804 2.043748
v -1.127412 0.584804 2.043748
v -0.669505 0.584804 2.175274
v -1.127412 0.584804 2.175274
v -0.669505 0.470327 2.175274
v -1.127412 0.470327 2.175274
v -0.669505 0.470327 2.043748
v -1.127412 0.470327 2.043748
v -0.669505 0.584804 2.175274
v -1.127412 0.584804 2.175274
v -0.669505 0.470327 2.175274
v -1.127412 0.470327 2.175274
v -1.127412 0.584804 2.043748
v -0.669505 0.584804 2.043748
v -1.127412 0.470327 2.043748
v -0.669505 0.470327 2.043748
v -1.143000 0.590528 2.181850
v -1.143000 0.590528 2.037171
v -1.143000 0.464603 2.181850
v -1.143000 0.464603 2.037171
v -0.800057 0.590528 2.037171
v -0.800057 0.590528 2.181850
v -0.800057 0.464603 2.037171
v -0.800057 0.464603 2.181850
v -0.800057 0.590528 2.037171
v -1.143000 0.590528 2.037171
v -0.800057 0.590528 2.181850
v -1.143000 0.590528 2.181850
v -0.800057 0.464603 2.181850
v -1.143000 0.464603 2.181850
v -0.800057 0.464603 2.037171
v -1.143000 0.464603 2.037171
v -0.800057 0.590528 2.181850
v -1.143000 0.590528 2.181850
v -0.800057 0.464603 2.181850
v -1.143000 0.464603 2.181850
v -1.143000 0.590528 2.037171
v -0.800057 0.590528 2.037171
v -1.143000 0.464603 2.037171
v -0.800057 0.464603 2.037171
v -0.497909 0.584804 0.012105
v -0.497909 0.584804 -0.786797
v -0.497909 0.397257 0.012105
v -0.497909 0.397257 -0.786797
v -0.171528 0.584804 -0.786797
v -0.171528 0.584804 0.012105
v -0.171528 0.397257 -0.786797
v -0.171528 0.397257 0.012105
v -0.171528 0.584804 -0.786797
v -0.497909 0.584804 -0.786797
v -0.171528 0.584804 0.012105
v -0.497909 0.584804 0.012105
v -0.171528 0.397257 0.012105
v -0.497909 0.397257 0.012105
v -0.171528 0.397257 -0.786797
v -0.497909 0.397257 -0.786797
v -0.171528 0.584804 0.012105
v -0.497909 0.584804 0.012105
v -0.171528 0.397257 0.012105
v -0.497909 0.397257 0.012105
v -0.497909 0.584804 -0.786797
v -0.171528 0.584804 -0.786797
v -0.497909 0.397257 -0.786797
v -0.171528 0.397257 -0.786797
v -0.400482 0.544141 -1.541115
v -0.400482 0.747371 -1.744344
v -0.400482 0.463194 -1.622062
v -0.400482 0.666423 -1.825291
v -0.268955 0.747371 -1.744344
v -0.268955 0.544141 -1.541115
v -0.268955 0.666423 -1.825291
v -0.268955 0.463194 -1.622062
v -0.268955 0.747371 -1.744344
v -0.400482 0.747371 -1.744344
v -0.268955 0.544141 -1.541115
v -0.400482 0.544141 -1.541115
v -0.268955 0.463194 -1.622062
v -0.400482 0.463194 -1.622062
v -0.268955 0.666423 -1.825291
v -0.400482 0.666423 -1.825291
v -0.268955 0.544141 -1.541115
v -0.400482 0.544141 -1.541115
v -0.268955 0.463194 -1.622062
v -0.400482 0.463194 -1.622062
v -0.400482 0.747371 -1.744344
v -0.268955 0.747371 -1.744344
v -0.400482 0.666423 -1.825291
v -0.268955 0.666423 -1.825291
v -0.814547 0.755301 -1.254447
v -0.814547 0.755301 -2.637912
v -0.814547 0.616468 -1.254447
v -0.814547 0.616468 -2.637912
v 0.754029 0.755301 -2.637912
v 0.754029 0.755301 -1.254447
v 0.754029 0.616468 -2.637912
v 0.754029 0.616468 -1.254447
v 0.754029 0.755301 -2.637912
v -0.814547 0.755301 -2.637912
v 0.754029 0.755301 -1.254447
v -0.814547 0.755301 -1.254447
v 0.754029 0.616468 -1.254447
v -0.814547 0.616468 -1.254447
v 0.754029 0.616468 -2.637912
v -0.814547 0.616468 -2.637912
v 0.754029 0.755301 -1.254447
v -0.814547 0.755301 -1.254447
v 0.754029 0.616468 -1.254447
v -0.814547 0.616468 -1.254447
v -0.814547 0.755301 -2.637912
v 0.754029 0.755301 -2.637912
v -0.814547 0.616468 -2.637912
v 0.754029 0.616468 -2.637912
v -0.863260 0.744733 -2.584783
v -0.863260 0.798795 -2.715299
v -0.863260 0.616468 -2.637912
v -0.863260 0.670529 -2.768428
v 0.851456 0.798795 -2.715299
v 0.851456 0.744733 -2.584783
v 0.851456 0.670529 -2.768428
v 0.851456 0.616468 -2.637912
v 0.851456 0.798795 -2.715299
v -0.863260 0.798795 -2.715299
v 0.851456 0.744733 -2.584783
v -0.863260 0.744733 -2.584783
v 0.851456 0.616468 -2.637912
v -0.863260 0.616468 -2.637912
v 0.851456 0.670529 -2.768428
v -0.863260 0.670529 -2.768428
v 0.851456 0.744733 -2.584783
v -0.863260 0.744733 -2.584783
v 0.851456 0.616468 -2.637912
v -0.863260 0.616468 -2.637912
v -0.863260 0.798795 -2.715299
v 0.851456 0.798795 -2.715299
v -0.863260 0.670529 -2.768428
v 0.851456 0.670529 -2.768428
v -1.033758 1.389120 -2.567976
v -1.033758 1.316416 -2.743497
v -1.033758 1.283357 -2.524168
v -1.033758 1.210654 -2.699689
v 1.046311 1.316416 -2.743497
v 1.046311 1.389120 -2.567976
v 1.046311 1.210654 -2.699689
v 1.046311 1.283357 -2.524168
v 1.046311 1.316416 -2.743497
v -1.033758 1.316416 -2.743497
v 1.046311 1.389120 -2.567976
v -1.033758 1.389120 -2.567976
v 1.046311 1.283357 -2.524168
v -1.033758 1.283357 -2.524168
v 1.046311 1.210654 -2.699689
v -1.033758 1.210654 -2.699689
v 1.046311 1.389120 -2.567976
v -1.033758 1.389120 -2.567976
v 1.046311 1.283357 -2.524168
v -1.033758 1.283357 -2.524168
v -1.033758 1.316416 -2.743497
v 1.046311 1.316416 -2.743497
v -1.033758 1.210654 -2.699689
v 1.046311 1.210654 -2.699689
v -0.035544 1.459687 -2.612490
v -0.035544 1.459687 -2.656771
v -0.035544 1.368666 -2.612490
v -0.035544 1.368666 -2.656771
v 0.048097 1.459687 -2.656771
v 0.048097 1.459687 -2.612490
v 0.048097 1.368666 -2.656771
v 0.048097 1.368666 -2.612490
v 0.048097 1.459687 -2.656771
v -0.035544 1.459687 -2.656771
v 0.048097 1.459687 -2.612490
v -0.035544 1.459687 -2.612490
v 0.048097 1.368666 -2.612490
v -0.035544 1.368666 -2.612490
v 0.048097 1.368666 -2.656771
v -0.035544 1.368666 -2.656771
v 0.048097 1.459687 -2.612490
v -0.035544 1.459687 -2.612490
v 0.048097 1.368666 -2.612490
v -0.035544 1.368666 -2.612490
v -0.035544 1.459687 -2.656771
v 0.048097 1.459687 -2.656771
v -0.035544 1.368666 -2.656771
v 0.048097 1.368666 -2.656771
v -0.010773 1.386166 -2.612710
v -0.010773 1.386166 -2.656552
v -0.010773 1.296046 -2.612710
v -0.010773 1.296046 -2.656552
v 0.023326 1.386166 -2.656552
v 0.023326 1.386166 -2.612710
v 0.023326 1.296046 -2.656552
v 0.023326 1.296046 -2.612710
v 0.023326 1.386166 -2.656552
v -0.010773 1.386166 -2.656552
v 0.023326 1.386166 -2.612710
v -0.010773 1.386166 -2.612710
v 0.023326 1.296046 -2.612710
v -0.010773 1.296046 -2.612710
v 0.023326 1.296046 -2.656552
v -0.010773 1.296046 -2.656552
v 0.023326 1.386166 -2.612710
v -0.010773 1.386166 -2.612710
v 0.023326 1.296046 -2.612710
v -0.010773 1.296046 -2.612710
v -0.010773 1.386166 -2.656552
v 0.023326 1.386166 -2.656552
v -0.010773 1.296046 -2.656552
v 0.023326 1.296046 -2.656552
v -1.106828 0.950696 -2.694631
v -1.106828 0.950696 -2.835900
v -1.106828 0.641365 -2.694631
v -1.106828 0.641365 -2.835900
v 1.119381 0.950696 -2.835900
v 1.119381 0.950696 -2.694631
v 1.119381 0.641365 -2.835900
v 1.119381 0.641365 -2.694631
v 1.119381 0.950696 -2.835900
v -1.106828 0.950696 -2.835900
v 1.119381 0.950696 -2.694631
v -1.106828 0.950696 -2.694631
v 1.119381 0.641365 -2.694631
v -1.106828 0.641365 -2.694631
v 1.119381 0.641365 -2.835900
v -1.106828 0.641365 -2.835900
v 1.119381 0.950696 -2.694631
v -1.106828 0.950696 -2.694631
v 1.119381 0.641365 -2.694631
v -1.106828 0.641365 -2.694631
v -1.106828 0.950696 -2.835900
v 1.119381 0.950696 -2.835900
v -1.106828 0.641365 -2.835900
v 1.119381 0.641365 -2.835900
v -0.717120 1.242978 -2.694631
v -0.717120 1.242978 -2.714117
v -0.717120 0.933647 -2.694631
v -0.717120 0.933647 -2.714117
v 0.729673 1.242978 -2.714117
v 0.729673 1.242978 -2.694631
v 0.729673 0.933647 -2.714117
v 0.729673 0.933647 -2.694631
v 0.729673 1.242978 -2.714117
v -0.717120 1.242978 -2.714117
v 0.729673 1.242978 -2.694631
v -0.717120 1.242978 -2.694631
v 0.729673 0.933647 -2.694631
v -0.717120 0.933647 -2.694631
v 0.729673 0.933647 -2.714117
v -0.717120 0.933647 -2.714117
v 0.729673 1.242978 -2.694631
v -0.717120 1.242978 -2.694631
v 0.729673 0.933647 -2.694631
v -0.717120 0.933647 -2.694631
v -0.717120 1.242978 -2.714117
v 0.729673 1.242978 -2.714117
v -0.717120 0.933647 -2.714117
v 0.729673 0.933647 -2.714117
v -0.522265 0.829349 -2.788713
v -0.522265 0.846126 -2.829218
v -0.522265 0.678580 -2.851163
v -0.522265 0.695358 -2.891668
v -0.342025 0.846126 -2.829218
v -0.342025 0.829349 -2.788713
v -0.342025 0.695358 -2.891668
v -0.342025 0.678580 -2.851163
v -0.342025 0.846126 -2.829218
v -0.522265 0.846126 -2.829218
v -0.342025 0.829349 -2.788713
v -0.522265 0.829349 -2.788713
v -0.342025 0.678580 -2.851163
v -0.522265 0.678580 -2.851163
v -0.342025 0.695358 -2.891668
v -0.522265 0.695358 -2.891668
v -0.342025 0.829349 -2.788713
v -0.522265 0.829349 -2.788713
v -0.342025 0.678580 -2.851163
v -0.522265 0.678580 -2.851163
v -0.522265 0.846126 -2.829218
v -0.342025 0.846126 -2.829218
v -0.522265 0.695358 -2.891668
v -0.342025 0.695358 -2.891668
v 0.330222 0.829349 -2.788713
v 0.330222 0.846126 -2.829218
v 0.330222 0.678580 -2.851163
v 0.330222 0.695358 -2.891668
v 0.510462 0.846126 -2.829218
v 0.510462 0.829349 -2.788713
v 0.510462 0.695358 -2.891668
v 0.510462 0.678580 -2.851163
v 0.510462 0.846126 -2.829218
v 0.330222 0.846126 -2.829218
v 0.510462 0.829349 -2.788713
v 0.330222 0.829349 -2.788713
v 0.510462 0.678580 -2.851163
v 0.330222 0.678580 -2.851163
v 0.510462 0.695358 -2.891668
v 0.330222 0.695358 -2.891668
v 0.510462 0.829349 -2.788713
v 0.330222 0.829349 -2.788713
v 0.510462 0.678580 -2.851163
v 0.330222 0.678580 -2.851163
v 0.330222 0.846126 -2.829218
v 0.510462 0.846126 -2.829218
v 0.330222 0.695358 -2.891668
v 0.510462 0.695358 -2.891668
v -0.570979 0.609470 2.837550
v -0.570979 0.592692 2.797045
v -0.570979 0.458702 2.900000
v -0.570979 0.441924 2.859495
v -0.390739 0.592692 2.797045
v -0.390739 0.609470 2.837550
v -0.390739 0.441924 2.859495
v -0.390739 0.458702 2.900000
v -0.390739 0.592692 2.797045
v -0.570979 0.592692 2.797045
v -0.390739 0.609470 2.837550
v -0.570979 0.609470 2.837550
v -0.390739 0.458702 2.900000
v -0.570979 0.458702 2.900000
v -0.390739 0.441924 2.859495
v -0.570979 0.441924 2.859495
v -0.390739 0.609470 2.837550
v -0.570979 0.609470 2.837550
v -0.390739 0.458702 2.900000
v -0.570979 0.458702 2.900000
v -0.570979 0.592692 2.797045
v -0.390739 0.592692 2.797045
v -0.570979 0.441924 2.859495
v -0.390739 0.441924 2.859495
v 0.378935 0.609470 2.837550
v 0.378935 0.592692 2.797045
v 0.378935 0.458702 2.900000
v 0.378935 0.441924 2.859495
v 0.559175 0.592692 2.797045
v 0.559175 0.609470 2.837550
v 0.559175 0.441924 2.859495
v 0.559175 0.458702 2.900000
v 0.559175 0.592692 2.797045
v 0.378935 0.592692 2.797045
v 0.559175 0.609470 2.837550
v 0.378935 0.609470 2.837550
v 0.559175 0.458702 2.900000
v 0.378935 0.458702 2.900000
v 0.559175 0.441924 2.859495
v 0.378935 0.441924 2.859495
v 0.559175 0.609470 2.837550
v 0.378935 0.609470 2.837550
v 0.559175 0.458702 2.900000
v 0.378935 0.458702 2.900000
v 0.378935 0.592692 2.797045
v 0.559175 0.592692 2.797045
v 0.378935 0.441924 2.859495
v 0.559175 0.441924 2.859495
v -1.058114 0.942298 -2.865572
v -1.058114 0.911297 -2.896573
v -1.058114 0.861351 -2.784625
v -1.058114 0.830350 -2.815626
v -0.999658 0.911297 -2.896573
v -0.999658 0.942298 -2.865572
v -0.999658 0.830350 -2.815626
v -0.999658 0.861351 -2.784625
v -0.999658 0.911297 -2.896573
v -1.058114 0.911297 -2.896573
v -0.999658 0.942298 -2.865572
v -1.058114 0.942298 -2.865572
v -0.999658 0.861351 -2.784625
v -1.058114 0.861351 -2.784625
v -0.999658 0.830350 -2.815626
v -1.058114 0.830350 -2.815626
v -0.999658 0.942298 -2.865572
v -1.058114 0.942298 -2.865572
v -0.999658 0.861351 -2.784625
v -1.058114 0.861351 -2.784625
v -1.058114 0.911297 -2.896573
v -0.999658 0.911297 -2.896573
v -1.058114 0.830350 -2.815626
v -0.999658 0.830350 -2.815626
v -1.082471 0.979357 -2.856136
v -1.082471 0.979357 -2.899978
v -1.082471 0.913594 -2.856136
v -1.082471 0.913594 -2.899978
v 1.095024 0.979357 -2.899978
v 1.095024 0.979357 -2.856136
v 1.095024 0.913594 -2.899978
v 1.095024 0.913594 -2.856136
v 1.095024 0.979357 -2.899978
v -1.082471 0.979357 -2.899978
v 1.095024 0.979357 -2.856136
v -1.082471 0.979357 -2.856136
v 1.095024 0.913594 -2.856136
v -1.082471 0.913594 -2.856136
v 1.095024 0.913594 -2.899978
v -1.082471 0.913594 -2.899978
v 1.095024 0.979357 -2.856136
v -1.082471 0.979357 -2.856136
v 1.095024 0.913594 -2.856136
v -1.082471 0.913594 -2.856136
v -1.082471 0.979357 -2.899978
v 1.095024 0.979357 -2.899978
v -1.082471 0.913594 -2.899978
v 1.095024 0.913594 -2.899978
v -1.158202 1.093695 -2.856114
v -1.158202 1.093695 -2.900000
v -1.083560 0.913493 -2.856114
v -1.083560 0.913493 -2.900000
v -1.097383 1.118886 -2.900000
v -1.097383 1.118886 -2.856114
v -1.022741 0.938685 -2.900000
v -1.022741 0.938685 -2.856114
v -1.097383 1.118886 -2.900000
v -1.158202 1.093695 -2.900000
v -1.097383 1.118886 -2.856114
v -1.158202 1.093695 -2.856114
v -1.022741 0.938685 -2.856114
v -1.083560 0.913493 -2.856114
v -1.022741 0.938685 -2.900000
v -1.083560 0.913493 -2.900000
v -1.097383 1.118886 -2.856114
v -1.158202 1.093695 -2.856114
v -1.022741 0.938685 -2.856114
v -1.083560 0.913493 -2.856114
v -1.158202 1.093695 -2.900000
v -1.097383 1.118886 -2.900000
v -1.083560 0.913493 -2.900000
v -1.022741 0.938685 -2.900000
v -1.157040 1.191044 -2.856136
v -1.157040 1.191044 -2.899978
v -1.157040 1.093617 -2.856136
v -1.157040 1.093617 -2.899978
v -1.091276 1.191044 -2.899978
v -1.091276 1.191044 -2.856136
v -1.091276 1.093617 -2.899978
v -1.091276 1.093617 -2.856136
v -1.091276 1.191044 -2.899978
v -1.157040 1.191044 -2.899978
v -1.091276 1.191044 -2.856136
v -1.157040 1.191044 -2.856136
v -1.091276 1.093617 -2.856136
v -1.157040 1.093617 -2.856136
v -1.091276 1.093617 -2.899978
v -1.157040 1.093617 -2.899978
v -1.091276 1.191044 -2.856136
v -1.157040 1.191044 -2.856136
v -1.091276 1.093617 -2.856136
v -1.157040 1.093617 -2.856136
v -1.157040 1.191044 -2.899978
v -1.091276 1.191044 -2.899978
v -1.157040 1.093617 -2.899978
v -1.091276 1.093617 -2.899978
v -0.669227 1.361400 -2.856158
v -0.669227 1.361400 -2.899956
v -0.669227 0.972082 -2.856158
v -0.669227 0.972082 -2.899956
v -0.603529 1.361400 -2.899956
v -0.603529 1.361400 -2.856158
v -0.603529 0.972082 -2.899956
v -0.603529 0.972082 -2.856158
v -0.603529 1.361400 -2.899956
v -0.669227 1.361400 -2.899956
v -0.603529 1.361400 -2.856158
v -0.669227 1.361400 -2.856158
v -0.603529 0.972082 -2.856158
v -0.669227 0.972082 -2.856158
v -0.603529 0.972082 -2.899956
v -0.669227 0.972082 -2.899956
v -0.603529 1.361400 -2.856158
v -0.669227 1.361400 -2.856158
v -0.603529 0.972082 -2.856158
v -0.669227 0.972082 -2.856158
v -0.669227 1.361400 -2.899956
v -0.603529 1.361400 -2.899956
v -0.669227 0.972082 -2.899956
v -0.603529 0.972082 -2.899956
v -0.425903 1.337068 -2.856158
v -0.425903 1.337068 -2.899956
v -0.425903 0.972082 -2.856158
v -0.425903 0.972082 -2.899956
v -0.360205 1.337068 -2.899956
v -0.360205 1.337068 -2.856158
v -0.360205 0.972082 -2.899956
v -0.360205 0.972082 -2.856158
v -0.360205 1.337068 -2.899956
v -0.425903 1.337068 -2.899956
v -0.360205 1.337068 -2.856158
v -0.425903 1.337068 -2.856158
v -0.360205 0.972082 -2.856158
v -0.425903 0.972082 -2.856158
v -0.360205 0.972082 -2.899956
v -0.425903 0.972082 -2.899956
v -0.360205 1.337068 -2.856158
v -0.425903 1.337068 -2.856158
v -0.360205 0.972082 -2.856158
v -0.425903 0.972082 -2.856158
v -0.425903 1.337068 -2.899956
v -0.360205 1.337068 -2.899956
v -0.425903 0.972082 -2.899956
v -0.360205 0.972082 -2.899956
v 0.547394 1.361400 -2.856158
v 0.547394 1.361400 -2.899956
v 0.547394 0.972082 -2.856158
v 0.547394 0.972082 -2.899956
v 0.613091 1.361400 -2.899956
v 0.613091 1.361400 -2.856158
v 0.613091 0.972082 -2.899956
v 0.613091 0.972082 -2.856158
v 0.613091 1.361400 -2.899956
v 0.547394 1.361400 -2.899956
v 0.613091 1.361400 -2.856158
v 0.547394 1.361400 -2.856158
v 0.613091 0.972082 -2.856158
v 0.547394 0.972082 -2.856158
v 0.613091 0.972082 -2.899956
v 0.547394 0.972082 -2.899956
v 0.613091 1.361400 -2.856158
v 0.547394 1.361400 -2.856158
v 0.613091 0.972082 -2.856158
v 0.547394 0.972082 -2.856158
v 0.547394 1.361400 -2.899956
v 0.613091 1.361400 -2.899956
v 0.547394 0.972082 -2.899956
v 0.613091 0.972082 -2.899956
v 0.304070 1.337068 -2.856158
v 0.304070 1.337068 -2.899956
v 0.304070 0.972082 -2.856158
v 0.304070 0.972082 -2.899956
v 0.369767 1.337068 -2.899956
v 0.369767 1.337068 -2.856158
v 0.369767 0.972082 -2.899956
v 0.369767 0.972082 -2.856158
v 0.369767 1.337068 -2.899956
v 0.304070 1.337068 -2.899956
v 0.369767 1.337068 -2.856158
v 0.304070 1.337068 -2.856158
v 0.369767 0.972082 -2.856158
v 0.304070 0.972082 -2.856158
v 0.369767 0.972082 -2.899956
v 0.304070 0.972082 -2.899956
v 0.369767 1.337068 -2.856158
v 0.304070 1.337068 -2.856158
v 0.369767 0.972082 -2.856158
v 0.304070 0.972082 -2.856158
v 0.304070 1.337068 -2.899956
v 0.369767 1.337068 -2.899956
v 0.304070 0.972082 -2.899956
v 0.369767 0.972082 -2.899956
v -0.036584 1.361400 -2.856158
v -0.036584 1.361400 -2.899956
v -0.036584 1.215406 -2.856158
v -0.036584 1.215406 -2.899956
v 0.029113 1.361400 -2.899956
v 0.029113 1.361400 -2.856158
v 0.029113 1.215406 -2.899956
v 0.029113 1.215406 -2.856158
v 0.029113 1.361400 -2.899956
v -0.036584 1.361400 -2.899956
v 0.029113 1.361400 -2.856158
v -0.036584 1.361400 -2.856158
v 0.029113 1.215406 -2.856158
v -0.036584 1.215406 -2.856158
v 0.029113 1.215406 -2.899956
v -0.036584 1.215406 -2.899956
v 0.029113 1.361400 -2.856158
v -0.036584 1.361400 -2.856158
v 0.029113 1.215406 -2.856158
v -0.036584 1.215406 -2.856158
v -0.036584 1.361400 -2.899956
v 0.029113 1.361400 -2.899956
v -0.036584 1.215406 -2.899956
v 0.029113 1.215406 -2.899956
v -0.370316 1.215401 -2.856136
v -0.370316 1.215401 -2.899978
v -0.370316 1.166687 -2.856136
v -0.370316 1.166687 -2.899978
v 0.304367 1.215401 -2.899978
v 0.304367 1.215401 -2.856136
v 0.304367 1.166687 -2.899978
v 0.304367 1.166687 -2.856136
v 0.304367 1.215401 -2.899978
v -0.370316 1.215401 -2.899978
v 0.304367 1.215401 -2.856136
v -0.370316 1.215401 -2.856136
v 0.304367 1.166687 -2.856136
v -0.370316 1.166687 -2.856136
v 0.304367 1.166687 -2.899978
v -0.370316 1.166687 -2.899978
v 0.304367 1.215401 -2.856136
v -0.370316 1.215401 -2.856136
v 0.304367 1.166687 -2.856136
v -0.370316 1.166687 -2.856136
v -0.370316 1.215401 -2.899978
v 0.304367 1.215401 -2.899978
v -0.370316 1.166687 -2.899978
v 0.304367 1.166687 -2.899978
v -0.370316 1.093617 -2.856136
v -0.370316 1.093617 -2.899978
v -0.370316 1.044904 -2.856136
v -0.370316 1.044904 -2.899978
v 0.304367 1.093617 -2.899978
v 0.304367 1.093617 -2.856136
v 0.304367 1.044904 -2.899978
v 0.304367 1.044904 -2.856136
v 0.304367 1.093617 -2.899978
v -0.370316 1.093617 -2.899978
v 0.304367 1.093617 -2.856136
v -0.370316 1.093617 -2.856136
v 0.304367 1.044904 -2.856136
v -0.370316 1.044904 -2.856136
v 0.304367 1.044904 -2.899978
v -0.370316 1.044904 -2.899978
v 0.304367 1.093617 -2.856136
v -0.370316 1.093617 -2.856136
v 0.304367 1.044904 -2.856136
v -0.370316 1.044904 -2.856136
v -0.370316 1.093617 -2.899978
v 0.304367 1.093617 -2.899978
v -0.370316 1.044904 -2.899978
v 0.304367 1.044904 -2.899978
v -0.613884 1.166687 -2.856136
v -0.613884 1.166687 -2.899978
v -0.613884 1.117974 -2.856136
v -0.613884 1.117974 -2.899978
v -0.426336 1.166687 -2.899978
v -0.426336 1.166687 -2.856136
v -0.426336 1.117974 -2.899978
v -0.426336 1.117974 -2.856136
v -0.426336 1.166687 -2.899978
v -0.613884 1.166687 -2.899978
v -0.426336 1.166687 -2.856136
v -0.613884 1.166687 -2.856136
v -0.426336 1.117974 -2.856136
v -0.613884 1.117974 -2.856136
v -0.426336 1.117974 -2.899978
v -0.613884 1.117974 -2.899978
v -0.426336 1.166687 -2.856136
v -0.613884 1.166687 -2.856136
v -0.426336 1.117974 -2.856136
v -0.613884 1.117974 -2.856136
v -0.613884 1.166687 -2.899978
v -0.426336 1.166687 -2.899978
v -0.613884 1.117974 -2.899978
v -0.426336 1.117974 -2.899978
v 0.360387 1.166687 -2.856136
v 0.360387 1.166687 -2.899978
v 0.360387 1.117974 -2.856136
v 0.360387 1.117974 -2.899978
v 0.547935 1.166687 -2.899978
v 0.547935 1.166687 -2.856136
v 0.547935 1.117974 -2.899978
v 0.547935 1.117974 -2.856136
v 0.547935 1.166687 -2.899978
v 0.360387 1.166687 -2.899978
v 0.547935 1.166687 -2.856136
v 0.360387 1.166687 -2.856136
v 0.547935 1.117974 -2.856136
v 0.360387 1.117974 -2.856136
v 0.547935 1.117974 -2.899978
v 0.360387 1.117974 -2.899978
v 0.547935 1.166687 -2.856136
v 0.360387 1.166687 -2.856136
v 0.547935 1.117974 -2.856136
v 0.360387 1.117974 -2.856136
v 0.360387 1.166687 -2.899978
v 0.547935 1.166687 -2.899978
v 0.360387 1.117974 -2.899978
v 0.547935 1.117974 -2.899978
v 1.103829 1.191044 -2.856136
v 1.103829 1.191044 -2.899978
v 1.103829 1.093617 -2.856136
v 1.103829 1.093617 -2.899978
v 1.169592 1.191044 -2.899978
v 1.169592 1.191044 -2.856136
v 1.169592 1.093617 -2.899978
v 1.169592 1.093617 -2.856136
v 1.169592 1.191044 -2.899978
v 1.103829 1.191044 -2.899978
v 1.169592 1.191044 -2.856136
v 1.103829 1.191044 -2.856136
v 1.169592 1.093617 -2.856136
v 1.103829 1.093617 -2.856136
v 1.169592 1.093617 -2.899978
v 1.103829 1.093617 -2.899978
v 1.169592 1.191044 -2.856136
v 1.103829 1.191044 -2.856136
v 1.169592 1.093617 -2.856136
v 1.103829 1.093617 -2.856136
v 1.103829 1.191044 -2.899978
v 1.169592 1.191044 -2.899978
v 1.103829 1.093617 -2.899978
v 1.169592 1.093617 -2.899978
v 1.109936 1.118886 -2.856114
v 1.109936 1.118886 -2.900000
v 1.035294 0.938685 -2.856114
v 1.035294 0.938685 -2.900000
v 1.170754 1.093695 -2.900000
v 1.170754 1.093695 -2.856114
v 1.096112 0.913493 -2.900000
v 1.096112 0.913493 -2.856114
v 1.170754 1.093695 -2.900000
v 1.109936 1.118886 -2.900000
v 1.170754 1.093695 -2.856114
v 1.109936 1.118886 -2.856114
v 1.096112 0.913493 -2.856114
v 1.035294 0.938685 -2.856114
v 1.096112 0.913493 -2.900000
v 1.035294 0.938685 -2.900000
v 1.170754 1.093695 -2.856114
v 1.109936 1.118886 -2.856114
v 1.096112 0.913493 -2.856114
v 1.035294 0.938685 -2.856114
v 1.109936 1.118886 -2.900000
v 1.170754 1.093695 -2.900000
v 1.035294 0.938685 -2.900000
v 1.096112 0.913493 -2.900000
v -1.081383 1.370914 -2.856158
v -1.081383 1.370914 -2.899956
v -1.155875 1.191072 -2.856158
v -1.155875 1.191072 -2.899956
v -1.020686 1.345773 -2.899956
v -1.020686 1.345773 -2.856158
v -1.095179 1.165931 -2.899956
v -1.095179 1.165931 -2.856158
v -1.020686 1.345773 -2.899956
v -1.081383 1.370914 -2.899956
v -1.020686 1.345773 -2.856158
v -1.081383 1.370914 -2.856158
v -1.095179 1.165931 -2.856158
v -1.155875 1.191072 -2.856158
v -1.095179 1.165931 -2.899956
v -1.155875 1.191072 -2.899956
v -1.020686 1.345773 -2.856158
v -1.081383 1.370914 -2.856158
v -1.095179 1.165931 -2.856158
v -1.155875 1.191072 -2.856158
v -1.081383 1.370914 -2.899956
v -1.020686 1.345773 -2.899956
v -1.155875 1.191072 -2.899956
v -1.095179 1.165931 -2.899956
v -1.082471 1.371065 -2.856136
v -1.082471 1.371065 -2.899978
v -1.082471 1.305302 -2.856136
v -1.082471 1.305302 -2.899978
v 1.095024 1.371065 -2.899978
v 1.095024 1.371065 -2.856136
v 1.095024 1.305302 -2.899978
v 1.095024 1.305302 -2.856136
v 1.095024 1.371065 -2.899978
v -1.082471 1.371065 -2.899978
v 1.095024 1.371065 -2.856136
v -1.082471 1.371065 -2.856136
v 1.095024 1.305302 -2.856136
v -1.082471 1.305302 -2.856136
v 1.095024 1.305302 -2.899978
v -1.082471 1.305302 -2.899978
v 1.095024 1.371065 -2.856136
v -1.082471 1.371065 -2.856136
v 1.095024 1.305302 -2.856136
v -1.082471 1.305302 -2.856136
v -1.082471 1.371065 -2.899978
v 1.095024 1.371065 -2.899978
v -1.082471 1.305302 -2.899978
v 1.095024 1.305302 -2.899978
v 1.033240 1.345774 -2.856158
v 1.033240 1.345774 -2.899956
v 1.107733 1.165932 -2.856158
v 1.107733 1.165932 -2.899956
v 1.093936 1.370915 -2.899956
v 1.093936 1.370915 -2.856158
v 1.168429 1.191074 -2.899956
v 1.168429 1.191074 -2.856158
v 1.093936 1.370915 -2.899956
v 1.033240 1.345774 -2.899956
v 1.093936 1.370915 -2.856158
v 1.033240 1.345774 -2.856158
v 1.168429 1.191074 -2.856158
v 1.107733 1.165932 -2.856158
v 1.168429 1.191074 -2.899956
v 1.107733 1.165932 -2.899956
v 1.093936 1.370915 -2.856158
v 1.033240 1.345774 -2.856158
v 1.168429 1.191074 -2.856158
v 1.107733 1.165932 -2.856158
v 1.033240 1.345774 -2.899956
v 1.093936 1.370915 -2.899956
v 1.107733 1.165932 -2.899956
v 1.168429 1.191074 -2.899956
v 1.012211 0.942298 -2.865572
v 1.012211 0.911297 -2.896573
v 1.012211 0.861351 -2.784625
v 1.012211 0.830350 -2.815626
v 1.070668 0.911297 -2.896573
v 1.070668 0.942298 -2.865572
v 1.070668 0.830350 -2.815626
v 1.070668 0.861351 -2.784625
v 1.070668 0.911297 -2.896573
v 1.012211 0.911297 -2.896573
v 1.070668 0.942298 -2.865572
v 1.012211 0.942298 -2.865572
v 1.070668 0.861351 -2.784625
v 1.012211 0.861351 -2.784625
v 1.070668 0.830350 -2.815626
v 1.012211 0.830350 -2.815626
v 1.070668 0.942298 -2.865572
v 1.012211 0.942298 -2.865572
v 1.070668 0.861351 -2.784625
v 1.012211 0.861351 -2.784625
v 1.012211 0.911297 -2.896573
v 1.070668 0.911297 -2.896573
v 1.012211 0.830350 -2.815626
v 1.070668 0.830350 -2.815626
v -1.185785 0.950543 -2.637629
v -1.107567 0.950543 -2.826463
v -1.185785 0.641521 -2.637629
v -1.107567 0.641521 -2.826463
v -0.977182 0.950543 -2.772456
v -1.055400 0.950543 -2.583622
v -0.977182 0.641521 -2.772456
v -1.055400 0.641521 -2.583622
v -0.977182 0.950543 -2.772456
v -1.107567 0.950543 -2.826463
v -1.055400 0.950543 -2.583622
v -1.185785 0.950543 -2.637629
v -1.055400 0.641521 -2.583622
v -1.185785 0.641521 -2.637629
v -0.977182 0.641521 -2.772456
v -1.107567 0.641521 -2.826463
v -1.055400 0.950543 -2.583622
v -1.185785 0.950543 -2.637629
v -1.055400 0.641521 -2.583622
v -1.185785 0.641521 -2.637629
v -1.107567 0.950543 -2.826463
v -0.977182 0.950543 -2.772456
v -1.107567 0.641521 -2.826463
v -0.977182 0.641521 -2.772456
v 1.066099 0.950543 -2.592932
v 0.987882 0.950543 -2.781766
v 1.066099 0.641521 -2.592932
v 0.987882 0.641521 -2.781766
v 1.118267 0.950543 -2.835773
v 1.196484 0.950543 -2.646940
v 1.118267 0.641521 -2.835773
v 1.196484 0.641521 -2.646940
v 1.118267 0.950543 -2.835773
v 0.987882 0.950543 -2.781766
v 1.196484 0.950543 -2.646940
v 1.066099 0.950543 -2.592932
v 1.196484 0.641521 -2.646940
v 1.066099 0.641521 -2.592932
v 1.118267 0.641521 -2.835773
v 0.987882 0.641521 -2.781766
v 1.196484 0.950543 -2.646940
v 1.066099 0.950543 -2.592932
v 1.196484 0.641521 -2.646940
v 1.066099 0.641521 -2.592932
v 0.987882 0.950543 -2.781766
v 1.118267 0.950543 -2.835773
v 0.987882 0.641521 -2.781766
v 1.118267 0.641521 -2.835773
v -1.033758 1.437832 -1.208868
v -1.033758 1.437832 -1.959057
v -1.033758 1.225928 -1.208868
v -1.033758 1.225928 -1.959057
v 1.046311 1.437832 -1.959057
v 1.046311 1.437832 -1.208868
v 1.046311 1.225928 -1.959057
v 1.046311 1.225928 -1.208868
v 1.046311 1.437832 -1.959057
v -1.033758 1.437832 -1.959057
v 1.046311 1.437832 -1.208868
v -1.033758 1.437832 -1.208868
v 1.046311 1.225928 -1.208868
v -1.033758 1.225928 -1.208868
v 1.046311 1.225928 -1.959057
v -1.033758 1.225928 -1.959057
v 1.046311 1.437832 -1.208868
v -1.033758 1.437832 -1.208868
v 1.046311 1.225928 -1.208868
v -1.033758 1.225928 -1.208868
v -1.033758 1.437832 -1.959057
v 1.046311 1.437832 -1.959057
v -1.033758 1.225928 -1.959057
v 1.046311 1.225928 -1.959057
v 0.111011 1.520474 -1.063631
v 0.111011 1.520474 -1.253614
v 0.111011 1.089360 -1.063631
v 0.111011 1.089360 -1.253614
v 0.754029 1.520474 -1.253614
v 0.754029 1.520474 -1.063631
v 0.754029 1.089360 -1.253614
v 0.754029 1.089360 -1.063631
v 0.754029 1.520474 -1.253614
v 0.111011 1.520474 -1.253614
v 0.754029 1.520474 -1.063631
v 0.111011 1.520474 -1.063631
v 0.754029 1.089360 -1.063631
v 0.111011 1.089360 -1.063631
v 0.754029 1.089360 -1.253614
v 0.111011 1.089360 -1.253614
v 0.754029 1.520474 -1.063631
v 0.111011 1.520474 -1.063631
v 0.754029 1.089360 -1.063631
v 0.111011 1.089360 -1.063631
v 0.111011 1.520474 -1.253614
v 0.754029 1.520474 -1.253614
v 0.111011 1.089360 -1.253614
v 0.754029 1.089360 -1.253614
v -0.960688 1.423047 -1.087988
v -0.960688 1.423047 -1.253614
v -0.960688 1.259857 -1.087988
v -0.960688 1.259857 -1.253614
v 0.120753 1.423047 -1.253614
v 0.120753 1.423047 -1.087988
v 0.120753 1.259857 -1.253614
v 0.120753 1.259857 -1.087988
v 0.120753 1.423047 -1.253614
v -0.960688 1.423047 -1.253614
v 0.120753 1.423047 -1.087988
v -0.960688 1.423047 -1.087988
v 0.120753 1.259857 -1.087988
v -0.960688 1.259857 -1.087988
v 0.120753 1.259857 -1.253614
v -0.960688 1.259857 -1.253614
v 0.120753 1.423047 -1.087988
v -0.960688 1.423047 -1.087988
v 0.120753 1.259857 -1.087988
v -0.960688 1.259857 -1.087988
v -0.960688 1.423047 -1.253614
v 0.120753 1.423047 -1.253614
v -0.960688 1.259857 -1.253614
v 0.120753 1.259857 -1.253614
v 0.378935 1.407826 -0.888388
v 0.378935 1.260555 -1.243931
v 0.378935 1.324565 -0.853900
v 0.378935 1.177295 -1.209443
v 0.510462 1.260555 -1.243931
v 0.510462 1.407826 -0.888388
v 0.510462 1.177295 -1.209443
v 0.510462 1.324565 -0.853900
v 0.510462 1.260555 -1.243931
v 0.378935 1.260555 -1.243931
v 0.510462 1.407826 -0.888388
v 0.378935 1.407826 -0.888388
v 0.510462 1.324565 -0.853900
v 0.378935 1.324565 -0.853900
v 0.510462 1.177295 -1.209443
v 0.378935 1.177295 -1.209443
v 0.510462 1.407826 -0.888388
v 0.378935 1.407826 -0.888388
v 0.510462 1.324565 -0.853900
v 0.378935 1.324565 -0.853900
v 0.378935 1.260555 -1.243931
v 0.510462 1.260555 -1.243931
v 0.378935 1.177295 -1.209443
v 0.510462 1.177295 -1.209443
v 0.245729 1.389575 -0.960448
v 0.245729 1.389575 -0.985779
v 0.237247 1.369098 -0.960448
v 0.237247 1.369098 -0.985779
v 0.329439 1.354902 -0.985779
v 0.329439 1.354902 -0.960448
v 0.320957 1.334424 -0.985779
v 0.320957 1.334424 -0.960448
v 0.329439 1.354902 -0.985779
v 0.245729 1.389575 -0.985779
v 0.329439 1.354902 -0.960448
v 0.245729 1.389575 -0.960448
v 0.320957 1.334424 -0.960448
v 0.237247 1.369098 -0.960448
v 0.320957 1.334424 -0.985779
v 0.237247 1.369098 -0.985779
v 0.329439 1.354902 -0.960448
v 0.245729 1.389575 -0.960448
v 0.320957 1.334424 -0.960448
v 0.237247 1.369098 -0.960448
v 0.245729 1.389575 -0.985779
v 0.329439 1.354902 -0.985779
v 0.237247 1.369098 -0.985779
v 0.320957 1.334424 -0.985779
v 0.571000 1.359626 -0.960448
v 0.571000 1.359626 -0.985779
v 0.579482 1.339149 -0.960448
v 0.579482 1.339149 -0.985779
v 0.683964 1.406417 -0.985779
v 0.683964 1.406417 -0.960448
v 0.692446 1.385940 -0.985779
v 0.692446 1.385940 -0.960448
v 0.683964 1.406417 -0.985779
v 0.571000 1.359626 -0.985779
v 0.683964 1.406417 -0.960448
v 0.571000 1.359626 -0.960448
v 0.692446 1.385940 -0.960448
v 0.579482 1.339149 -0.960448
v 0.692446 1.385940 -0.985779
v 0.579482 1.339149 -0.985779
v 0.683964 1.406417 -0.960448
v 0.571000 1.359626 -0.960448
v 0.692446 1.385940 -0.960448
v 0.579482 1.339149 -0.960448
v 0.571000 1.359626 -0.985779
v 0.683964 1.406417 -0.985779
v 0.579482 1.339149 -0.985779
v 0.692446 1.385940 -0.985779
v 0.477692 1.318207 -0.963371
v 0.477692 1.318207 -0.982857
v 0.484217 1.302455 -0.963371
v 0.484217 1.302455 -0.982857
v 0.666715 1.396503 -0.982857
v 0.666715 1.396503 -0.963371
v 0.673240 1.380751 -0.982857
v 0.673240 1.380751 -0.963371
v 0.666715 1.396503 -0.982857
v 0.477692 1.318207 -0.982857
v 0.666715 1.396503 -0.963371
v 0.477692 1.318207 -0.963371
v 0.673240 1.380751 -0.963371
v 0.484217 1.302455 -0.963371
v 0.673240 1.380751 -0.982857
v 0.484217 1.302455 -0.982857
v 0.666715 1.396503 -0.963371
v 0.477692 1.318207 -0.963371
v 0.673240 1.380751 -0.963371
v 0.484217 1.302455 -0.963371
v 0.477692 1.318207 -0.982857
v 0.666715 1.396503 -0.982857
v 0.484217 1.302455 -0.982857
v 0.673240 1.380751 -0.982857
v 0.259602 1.381060 -0.963371
v 0.259602 1.381060 -0.982857
v 0.253078 1.365308 -0.963371
v 0.253078 1.365308 -0.982857
v 0.426123 1.312085 -0.982857
v 0.426123 1.312085 -0.963371
v 0.419598 1.296333 -0.982857
v 0.419598 1.296333 -0.963371
v 0.426123 1.312085 -0.982857
v 0.259602 1.381060 -0.982857
v 0.426123 1.312085 -0.963371
v 0.259602 1.381060 -0.963371
v 0.419598 1.296333 -0.963371
v 0.253078 1.365308 -0.963371
v 0.419598 1.296333 -0.982857
v 0.253078 1.365308 -0.982857
v 0.426123 1.312085 -0.963371
v 0.259602 1.381060 -0.963371
v 0.419598 1.296333 -0.963371
v 0.253078 1.365308 -0.963371
v 0.259602 1.381060 -0.982857
v 0.426123 1.312085 -0.982857
v 0.253078 1.365308 -0.982857
v 0.419598 1.296333 -0.982857
v 0.110689 1.560022 -1.024258
v 0.110689 1.560022 -1.263169
v 0.110689 1.518575 -1.024258
v 0.110689 1.518575 -1.263169
v 0.754351 1.560022 -1.263169
v 0.754351 1.560022 -1.024258
v 0.754351 1.518575 -1.263169
v 0.754351 1.518575 -1.024258
v 0.754351 1.560022 -1.263169
v 0.110689 1.560022 -1.263169
v 0.754351 1.560022 -1.024258
v 0.110689 1.560022 -1.024258
v 0.754351 1.518575 -1.024258
v 0.110689 1.518575 -1.024258
v 0.754351 1.518575 -1.263169
v 0.110689 1.518575 -1.263169
v 0.754351 1.560022 -1.024258
v 0.110689 1.560022 -1.024258
v 0.754351 1.518575 -1.024258
v 0.110689 1.518575 -1.024258
v 0.110689 1.560022 -1.263169
v 0.754351 1.560022 -1.263169
v 0.110689 1.518575 -1.263169
v 0.754351 1.518575 -1.263169
v -0.959830 1.259815 -1.088113
v -0.959830 1.340681 -1.168979
v -0.959830 1.091199 -1.256728
v -0.959830 1.172066 -1.337595
v 0.753172 1.340681 -1.168979
v 0.753172 1.259815 -1.088113
v 0.753172 1.172066 -1.337595
v 0.753172 1.091199 -1.256728
v 0.753172 1.340681 -1.168979
v -0.959830 1.340681 -1.168979
v 0.753172 1.259815 -1.088113
v -0.959830 1.259815 -1.088113
v 0.753172 1.091199 -1.256728
v -0.959830 1.091199 -1.256728
v 0.753172 1.172066 -1.337595
v -0.959830 1.172066 -1.337595
v 0.753172 1.259815 -1.088113
v -0.959830 1.259815 -1.088113
v 0.753172 1.091199 -1.256728
v -0.959830 1.091199 -1.256728
v -0.959830 1.340681 -1.168979
v 0.753172 1.340681 -1.168979
v -0.959830 1.172066 -1.337595
v 0.753172 1.172066 -1.337595
v -0.959733 1.070757 -1.070537
v -0.959733 1.207637 -1.400997
v -0.959733 0.715569 -1.217661
v -0.959733 0.852450 -1.548120
v 0.947929 1.207637 -1.400997
v 0.947929 1.070757 -1.070537
v 0.947929 0.852450 -1.548120
v 0.947929 0.715569 -1.217661
v 0.947929 1.207637 -1.400997
v -0.959733 1.207637 -1.400997
v 0.947929 1.070757 -1.070537
v -0.959733 1.070757 -1.070537
v 0.947929 0.715569 -1.217661
v -0.959733 0.715569 -1.217661
v 0.947929 0.852450 -1.548120
v -0.959733 0.852450 -1.548120
v 0.947929 1.070757 -1.070537
v -0.959733 1.070757 -1.070537
v 0.947929 0.715569 -1.217661
v -0.959733 0.715569 -1.217661
v -0.959733 1.207637 -1.400997
v 0.947929 1.207637 -1.400997
v -0.959733 0.852450 -1.548120
v 0.947929 0.852450 -1.548120
v 0.364779 0.974671 -1.117778
v 0.364779 0.967214 -1.135780
v 0.364779 0.868908 -1.073970
v 0.364779 0.861452 -1.091972
v 0.398878 0.967214 -1.135780
v 0.398878 0.974671 -1.117778
v 0.398878 0.861452 -1.091972
v 0.398878 0.868908 -1.073970
v 0.398878 0.967214 -1.135780
v 0.364779 0.967214 -1.135780
v 0.398878 0.974671 -1.117778
v 0.364779 0.974671 -1.117778
v 0.398878 0.868908 -1.073970
v 0.364779 0.868908 -1.073970
v 0.398878 0.861452 -1.091972
v 0.364779 0.861452 -1.091972
v 0.398878 0.974671 -1.117778
v 0.364779 0.974671 -1.117778
v 0.398878 0.868908 -1.073970
v 0.364779 0.868908 -1.073970
v 0.364779 0.967214 -1.135780
v 0.398878 0.967214 -1.135780
v 0.364779 0.861452 -1.091972
v 0.398878 0.861452 -1.091972
v 0.525076 0.974671 -1.117778
v 0.525076 0.967214 -1.135780
v 0.525076 0.868908 -1.073970
v 0.525076 0.861452 -1.091972
v 0.559175 0.967214 -1.135780
v 0.559175 0.974671 -1.117778
v 0.559175 0.861452 -1.091972
v 0.559175 0.868908 -1.073970
v 0.559175 0.967214 -1.135780
v 0.525076 0.967214 -1.135780
v 0.559175 0.974671 -1.117778
v 0.525076 0.974671 -1.117778
v 0.559175 0.868908 -1.073970
v 0.525076 0.868908 -1.073970
v 0.559175 0.861452 -1.091972
v 0.525076 0.861452 -1.091972
v 0.559175 0.974671 -1.117778
v 0.525076 0.974671 -1.117778
v 0.559175 0.868908 -1.073970
v 0.525076 0.868908 -1.073970
v 0.525076 0.967214 -1.135780
v 0.559175 0.967214 -1.135780
v 0.525076 0.861452 -1.091972
v 0.559175 0.861452 -1.091972
v 0.671216 0.974671 -1.117778
v 0.671216 0.967214 -1.135780
v 0.671216 0.868908 -1.073970
v 0.671216 0.861452 -1.091972
v 0.705316 0.967214 -1.135780
v 0.705316 0.974671 -1.117778
v 0.705316 0.861452 -1.091972
v 0.705316 0.868908 -1.073970
v 0.705316 0.967214 -1.135780
v 0.671216 0.967214 -1.135780
v 0.705316 0.974671 -1.117778
v 0.671216 0.974671 -1.117778
v 0.705316 0.868908 -1.073970
v 0.671216 0.868908 -1.073970
v 0.705316 0.861452 -1.091972
v 0.671216 0.861452 -1.091972
v 0.705316 0.974671 -1.117778
v 0.671216 0.974671 -1.117778
v 0.705316 0.868908 -1.073970
v 0.671216 0.868908 -1.073970
v 0.671216 0.967214 -1.135780
v 0.705316 0.967214 -1.135780
v 0.671216 0.861452 -1.091972
v 0.705316 0.861452 -1.091972
v 0.364779 0.883131 -1.083472
v 0.364779 0.869352 -1.097251
v 0.364779 0.836629 -1.036970
v 0.364779 0.822851 -1.050749
v 0.398878 0.869352 -1.097251
v 0.398878 0.883131 -1.083472
v 0.398878 0.822851 -1.050749
v 0.398878 0.836629 -1.036970
v 0.398878 0.869352 -1.097251
v 0.364779 0.869352 -1.097251
v 0.398878 0.883131 -1.083472
v 0.364779 0.883131 -1.083472
v 0.398878 0.836629 -1.036970
v 0.364779 0.836629 -1.036970
v 0.398878 0.822851 -1.050749
v 0.364779 0.822851 -1.050749
v 0.398878 0.883131 -1.083472
v 0.364779 0.883131 -1.083472
v 0.398878 0.836629 -1.036970
v 0.364779 0.836629 -1.036970
v 0.364779 0.869352 -1.097251
v 0.398878 0.869352 -1.097251
v 0.364779 0.822851 -1.050749
v 0.398878 0.822851 -1.050749
v 0.340422 0.906561 -1.094488
v 0.340422 0.892782 -1.108266
v 0.340422 0.808390 -0.996318
v 0.340422 0.794612 -1.010096
v 0.423235 0.892782 -1.108266
v 0.423235 0.906561 -1.094488
v 0.423235 0.794612 -1.010096
v 0.423235 0.808390 -0.996318
v 0.423235 0.892782 -1.108266
v 0.340422 0.892782 -1.108266
v 0.423235 0.906561 -1.094488
v 0.340422 0.906561 -1.094488
v 0.423235 0.808390 -0.996318
v 0.340422 0.808390 -0.996318
v 0.423235 0.794612 -1.010096
v 0.340422 0.794612 -1.010096
v 0.423235 0.906561 -1.094488
v 0.340422 0.906561 -1.094488
v 0.423235 0.808390 -0.996318
v 0.340422 0.808390 -0.996318
v 0.340422 0.892782 -1.108266
v 0.423235 0.892782 -1.108266
v 0.340422 0.794612 -1.010096
v 0.423235 0.794612 -1.010096
v 0.486563 0.872115 -1.060042
v 0.486563 0.858337 -1.073821
v 0.486563 0.825613 -1.013541
v 0.486563 0.811835 -1.027319
v 0.593733 0.858337 -1.073821
v 0.593733 0.872115 -1.060042
v 0.593733 0.811835 -1.027319
v 0.593733 0.825613 -1.013541
v 0.593733 0.858337 -1.073821
v 0.486563 0.858337 -1.073821
v 0.593733 0.872115 -1.060042
v 0.486563 0.872115 -1.060042
v 0.593733 0.825613 -1.013541
v 0.486563 0.825613 -1.013541
v 0.593733 0.811835 -1.027319
v 0.486563 0.811835 -1.027319
v 0.593733 0.872115 -1.060042
v 0.486563 0.872115 -1.060042
v 0.593733 0.825613 -1.013541
v 0.486563 0.825613 -1.013541
v 0.486563 0.858337 -1.073821
v 0.593733 0.858337 -1.073821
v 0.486563 0.811835 -1.027319
v 0.593733 0.811835 -1.027319
v 0.632703 0.872115 -1.060042
v 0.632703 0.858337 -1.073821
v 0.632703 0.825613 -1.013541
v 0.632703 0.811835 -1.027319
v 0.739873 0.858337 -1.073821
v 0.739873 0.872115 -1.060042
v 0.739873 0.811835 -1.027319
v 0.739873 0.825613 -1.013541
v 0.739873 0.858337 -1.073821
v 0.632703 0.858337 -1.073821
v 0.739873 0.872115 -1.060042
v 0.632703 0.872115 -1.060042
v 0.739873 0.825613 -1.013541
v 0.632703 0.825613 -1.013541
v 0.739873 0.811835 -1.027319
v 0.632703 0.811835 -1.027319
v 0.739873 0.872115 -1.060042
v 0.632703 0.872115 -1.060042
v 0.739873 0.825613 -1.013541
v 0.632703 0.825613 -1.013541
v 0.632703 0.858337 -1.073821
v 0.739873 0.858337 -1.073821
v 0.632703 0.811835 -1.027319
v 0.739873 0.811835 -1.027319
v 0.671216 0.883131 -1.083472
v 0.671216 0.869353 -1.097251
v 0.671216 0.836629 -1.036971
v 0.671216 0.822851 -1.050749
v 0.705316 0.869353 -1.097251
v 0.705316 0.883131 -1.083472
v 0.705316 0.822851 -1.050749
v 0.705316 0.836629 -1.036971
v 0.705316 0.869353 -1.097251
v 0.671216 0.869353 -1.097251
v 0.705316 0.883131 -1.083472
v 0.671216 0.883131 -1.083472
v 0.705316 0.836629 -1.036971
v 0.671216 0.836629 -1.036971
v 0.705316 0.822851 -1.050749
v 0.671216 0.822851 -1.050749
v 0.705316 0.883131 -1.083472
v 0.671216 0.883131 -1.083472
v 0.705316 0.836629 -1.036971
v 0.671216 0.836629 -1.036971
v 0.671216 0.869353 -1.097251
v 0.705316 0.869353 -1.097251
v 0.671216 0.822851 -1.050749
v 0.705316 0.822851 -1.050749
v 0.525076 0.883131 -1.083472
v 0.525076 0.869352 -1.097251
v 0.525076 0.836629 -1.036970
v 0.525076 0.822851 -1.050749
v 0.559175 0.869352 -1.097251
v 0.559175 0.883131 -1.083472
v 0.559175 0.822851 -1.050749
v 0.559175 0.836629 -1.036970
v 0.559175 0.869352 -1.097251
v 0.525076 0.869352 -1.097251
v 0.559175 0.883131 -1.083472
v 0.525076 0.883131 -1.083472
v 0.559175 0.836629 -1.036970
v 0.525076 0.836629 -1.036970
v 0.559175 0.822851 -1.050749
v 0.525076 0.822851 -1.050749
v 0.559175 0.883131 -1.083472
v 0.525076 0.883131 -1.083472
v 0.559175 0.836629 -1.036970
v 0.525076 0.836629 -1.036970
v 0.525076 0.869352 -1.097251
v 0.559175 0.869352 -1.097251
v 0.525076 0.822851 -1.050749
v 0.559175 0.822851 -1.050749
v 0.744287 1.374334 -1.112345
v 0.744287 1.374334 -1.204900
v 0.744287 1.089360 -1.112345
v 0.744287 1.089360 -1.204900
v 0.948884 1.374334 -1.204900
v 0.948884 1.374334 -1.112345
v 0.948884 1.089360 -1.204900
v 0.948884 1.089360 -1.112345
v 0.948884 1.374334 -1.204900
v 0.744287 1.374334 -1.204900
v 0.948884 1.374334 -1.112345
v 0.744287 1.374334 -1.112345
v 0.948884 1.089360 -1.112345
v 0.744287 1.089360 -1.112345
v 0.948884 1.089360 -1.204900
v 0.744287 1.089360 -1.204900
v 0.948884 1.374334 -1.112345
v 0.744287 1.374334 -1.112345
v 0.948884 1.089360 -1.112345
v 0.744287 1.089360 -1.112345
v 0.744287 1.374334 -1.204900
v 0.948884 1.374334 -1.204900
v 0.744287 1.089360 -1.204900
v 0.948884 1.089360 -1.204900
v -1.023557 2.069932 -0.959688
v -1.023557 2.104419 -1.042948
v -1.023557 1.309339 -1.274735
v -1.023557 1.343827 -1.357996
v -0.892031 2.104419 -1.042948
v -0.892031 2.069932 -0.959688
v -0.892031 1.343827 -1.357996
v -0.892031 1.309339 -1.274735
v -0.892031 2.104419 -1.042948
v -1.023557 2.104419 -1.042948
v -0.892031 2.069932 -0.959688
v -1.023557 2.069932 -0.959688
v -0.892031 1.309339 -1.274735
v -1.023557 1.309339 -1.274735
v -0.892031 1.343827 -1.357996
v -1.023557 1.343827 -1.357996
v -0.892031 2.069932 -0.959688
v -1.023557 2.069932 -0.959688
v -0.892031 1.309339 -1.274735
v -1.023557 1.309339 -1.274735
v -1.023557 2.104419 -1.042948
v -0.892031 2.104419 -1.042948
v -1.023557 1.343827 -1.357996
v -0.892031 1.343827 -1.357996
v -0.902231 2.095595 -0.959405
v -0.902231 2.111441 -0.997660
v -0.902231 1.312501 -1.283774
v -0.902231 1.328346 -1.322028
v 0.934269 2.111441 -0.997660
v 0.934269 2.095595 -0.959405
v 0.934269 1.328346 -1.322028
v 0.934269 1.312501 -1.283774
v 0.934269 2.111441 -0.997660
v -0.902231 2.111441 -0.997660
v 0.934269 2.095595 -0.959405
v -0.902231 2.095595 -0.959405
v 0.934269 1.312501 -1.283774
v -0.902231 1.312501 -1.283774
v 0.934269 1.328346 -1.322028
v -0.902231 1.328346 -1.322028
v 0.934269 2.095595 -0.959405
v -0.902231 2.095595 -0.959405
v 0.934269 1.312501 -1.283774
v -0.902231 1.312501 -1.283774
v -0.902231 2.111441 -0.997660
v 0.934269 2.111441 -0.997660
v -0.902231 1.328346 -1.322028
v 0.934269 1.328346 -1.322028
v -0.902231 1.786017 -1.166727
v -0.902231 1.801863 -1.204982
v -0.902231 1.317961 -1.360603
v -0.902231 1.333806 -1.398857
v 0.934269 1.801863 -1.204982
v 0.934269 1.786017 -1.166727
v 0.934269 1.333806 -1.398857
v 0.934269 1.317961 -1.360603
v 0.934269 1.801863 -1.204982
v -0.902231 1.801863 -1.204982
v 0.934269 1.786017 -1.166727
v -0.902231 1.786017 -1.166727
v 0.934269 1.317961 -1.360603
v -0.902231 1.317961 -1.360603
v 0.934269 1.333806 -1.398857
v -0.902231 1.333806 -1.398857
v 0.934269 1.786017 -1.166727
v -0.902231 1.786017 -1.166727
v 0.934269 1.317961 -1.360603
v -0.902231 1.317961 -1.360603
v -0.902231 1.801863 -1.204982
v 0.934269 1.801863 -1.204982
v -0.902231 1.333806 -1.398857
v 0.934269 1.333806 -1.398857
v -0.902231 1.469380 -1.166065
v -0.902231 1.513188 -1.271828
v -0.902231 1.293859 -1.238768
v -0.902231 1.337667 -1.344531
v 0.934269 1.513188 -1.271828
v 0.934269 1.469380 -1.166065
v 0.934269 1.337667 -1.344531
v 0.934269 1.293859 -1.238768
v 0.934269 1.513188 -1.271828
v -0.902231 1.513188 -1.271828
v 0.934269 1.469380 -1.166065
v -0.902231 1.469380 -1.166065
v 0.934269 1.293859 -1.238768
v -0.902231 1.293859 -1.238768
v 0.934269 1.337667 -1.344531
v -0.902231 1.337667 -1.344531
v 0.934269 1.469380 -1.166065
v -0.902231 1.469380 -1.166065
v 0.934269 1.293859 -1.238768
v -0.902231 1.293859 -1.238768
v -0.902231 1.513188 -1.271828
v 0.934269 1.513188 -1.271828
v -0.902231 1.337667 -1.344531
v 0.934269 1.337667 -1.344531
v 0.910371 2.069934 -0.959687
v 0.910371 2.104421 -1.042947
v 0.910371 1.309342 -1.274735
v 0.910371 1.343829 -1.357995
v 1.017540 2.104421 -1.042947
v 1.017540 2.069934 -0.959687
v 1.017540 1.343829 -1.357995
v 1.017540 1.309342 -1.274735
v 1.017540 2.104421 -1.042947
v 0.910371 2.104421 -1.042947
v 1.017540 2.069934 -0.959687
v 0.910371 2.069934 -0.959687
v 1.017540 1.309342 -1.274735
v 0.910371 1.309342 -1.274735
v 1.017540 1.343829 -1.357995
v 0.910371 1.343829 -1.357995
v 1.017540 2.069934 -0.959687
v 0.910371 2.069934 -0.959687
v 1.017540 1.309342 -1.274735
v 0.910371 1.309342 -1.274735
v 0.910371 2.104421 -1.042947
v 1.017540 2.104421 -1.042947
v 0.910371 1.343829 -1.357995
v 1.017540 1.343829 -1.357995
v -1.022532 2.157785 -0.862199
v -1.022532 2.221446 -0.925860
v -1.022532 2.040787 -0.979197
v -1.022532 2.104448 -1.042858
v -0.891137 2.221446 -0.925860
v -0.891137 2.157785 -0.862199
v -0.891137 2.104448 -1.042858
v -0.891137 2.040787 -0.979197
v -0.891137 2.221446 -0.925860
v -1.022532 2.221446 -0.925860
v -0.891137 2.157785 -0.862199
v -1.022532 2.157785 -0.862199
v -0.891137 2.040787 -0.979197
v -1.022532 2.040787 -0.979197
v -0.891137 2.104448 -1.042858
v -1.022532 2.104448 -1.042858
v -0.891137 2.157785 -0.862199
v -1.022532 2.157785 -0.862199
v -0.891137 2.040787 -0.979197
v -1.022532 2.040787 -0.979197
v -1.022532 2.221446 -0.925860
v -0.891137 2.221446 -0.925860
v -1.022532 2.104448 -1.042858
v -0.891137 2.104448 -1.042858
v -0.911974 2.151651 -0.848642
v -0.911974 2.215375 -0.912367
v -0.911974 2.051759 -0.948535
v -0.911974 2.115483 -1.012259
v 0.924527 2.215375 -0.912367
v 0.924527 2.151651 -0.848642
v 0.924527 2.115483 -1.012259
v 0.924527 2.051759 -0.948535
v 0.924527 2.215375 -0.912367
v -0.911974 2.215375 -0.912367
v 0.924527 2.151651 -0.848642
v -0.911974 2.151651 -0.848642
v 0.924527 2.051759 -0.948535
v -0.911974 2.051759 -0.948535
v 0.924527 2.115483 -1.012259
v -0.911974 2.115483 -1.012259
v 0.924527 2.151651 -0.848642
v -0.911974 2.151651 -0.848642
v 0.924527 2.051759 -0.948535
v -0.911974 2.051759 -0.948535
v -0.911974 2.215375 -0.912367
v 0.924527 2.215375 -0.912367
v -0.911974 2.115483 -1.012259
v 0.924527 2.115483 -1.012259
v -0.034838 2.121789 -0.933227
v -0.034838 2.121789 -1.000744
v -0.034838 1.960231 -0.933227
v -0.034838 1.960231 -1.000744
v 0.023034 2.121789 -1.000744
v 0.023034 2.121789 -0.933227
v 0.023034 1.960231 -1.000744
v 0.023034 1.960231 -0.933227
v 0.023034 2.121789 -1.000744
v -0.034838 2.121789 -1.000744
v 0.023034 2.121789 -0.933227
v -0.034838 2.121789 -0.933227
v 0.023034 1.960231 -0.933227
v -0.034838 1.960231 -0.933227
v 0.023034 1.960231 -1.000744
v -0.034838 1.960231 -1.000744
v 0.023034 2.121789 -0.933227
v -0.034838 2.121789 -0.933227
v 0.023034 1.960231 -0.933227
v -0.034838 1.960231 -0.933227
v -0.034838 2.121789 -1.000744
v 0.023034 2.121789 -1.000744
v -0.034838 1.960231 -1.000744
v 0.023034 1.960231 -1.000744
v -0.156914 1.983772 -0.932886
v -0.156914 1.983772 -1.001085
v -0.156914 1.869295 -0.932886
v -0.156914 1.869295 -1.001085
v 0.145110 1.983772 -1.001085
v 0.145110 1.983772 -0.932886
v 0.145110 1.869295 -1.001085
v 0.145110 1.869295 -0.932886
v 0.145110 1.983772 -1.001085
v -0.156914 1.983772 -1.001085
v 0.145110 1.983772 -0.932886
v -0.156914 1.983772 -0.932886
v 0.145110 1.869295 -0.932886
v -0.156914 1.869295 -0.932886
v 0.145110 1.869295 -1.001085
v -0.156914 1.869295 -1.001085
v 0.145110 1.983772 -0.932886
v -0.156914 1.983772 -0.932886
v 0.145110 1.869295 -0.932886
v -0.156914 1.869295 -0.932886
v -0.156914 1.983772 -1.001085
v 0.145110 1.983772 -1.001085
v -0.156914 1.869295 -1.001085
v 0.145110 1.869295 -1.001085
v 0.909462 2.157785 -0.862199
v 0.909462 2.221446 -0.925860
v 0.909462 2.040787 -0.979197
v 0.909462 2.104448 -1.042858
v 1.016525 2.221446 -0.925860
v 1.016525 2.157785 -0.862199
v 1.016525 2.104448 -1.042858
v 1.016525 2.040787 -0.979197
v 1.016525 2.221446 -0.925860
v 0.909462 2.221446 -0.925860
v 1.016525 2.157785 -0.862199
v 0.909462 2.157785 -0.862199
v 1.016525 2.040787 -0.979197
v 0.909462 2.040787 -0.979197
v 1.016525 2.104448 -1.042858
v 0.909462 2.104448 -1.042858
v 1.016525 2.157785 -0.862199
v 0.909462 2.157785 -0.862199
v 1.016525 2.040787 -0.979197
v 0.909462 2.040787 -0.979197
v 0.909462 2.221446 -0.925860
v 1.016525 2.221446 -0.925860
v 0.909462 2.104448 -1.042858
v 1.016525 2.104448 -1.042858
v -0.960687 0.804015 2.673789
v -0.960687 0.804015 1.899244
v -0.960687 0.616468 2.673789
v -0.960687 0.616468 1.899244
v 0.948884 0.804015 1.899244
v 0.948884 0.804015 2.673789
v 0.948884 0.616468 1.899244
v 0.948884 0.616468 2.673789
v 0.948884 0.804015 1.899244
v -0.960687 0.804015 1.899244
v 0.948884 0.804015 2.673789
v -0.960687 0.804015 2.673789
v 0.948884 0.616468 2.673789
v -0.960687 0.616468 2.673789
v 0.948884 0.616468 1.899244
v -0.960687 0.616468 1.899244
v 0.948884 0.804015 2.673789
v -0.960687 0.804015 2.673789
v 0.948884 0.616468 2.673789
v -0.960687 0.616468 2.673789
v -0.960687 0.804015 1.899244
v 0.948884 0.804015 1.899244
v -0.960687 0.616468 1.899244
v 0.948884 0.616468 1.899244
v -0.949539 0.803922 0.724884
v -0.949539 0.803922 -0.000222
v -0.949539 0.616560 0.724884
v -0.949539 0.616560 -0.000222
v -0.574820 0.803922 -0.000222
v -0.574820 0.803922 0.724884
v -0.574820 0.616560 -0.000222
v -0.574820 0.616560 0.724884
v -0.574820 0.803922 -0.000222
v -0.949539 0.803922 -0.000222
v -0.574820 0.803922 0.724884
v -0.949539 0.803922 0.724884
v -0.574820 0.616560 0.724884
v -0.949539 0.616560 0.724884
v -0.574820 0.616560 -0.000222
v -0.949539 0.616560 -0.000222
v -0.574820 0.803922 0.724884
v -0.949539 0.803922 0.724884
v -0.574820 0.616560 0.724884
v -0.949539 0.616560 0.724884
v -0.949539 0.803922 -0.000222
v -0.574820 0.803922 -0.000222
v -0.949539 0.616560 -0.000222
v -0.574820 0.616560 -0.000222
v 0.573112 0.802985 0.721380
v 0.573112 0.802985 0.003284
v 0.573112 0.617498 0.721380
v 0.573112 0.617498 0.003284
v 0.944083 0.802985 0.003284
v 0.944083 0.802985 0.721380
v 0.944083 0.617498 0.003284
v 0.944083 0.617498 0.721380
v 0.944083 0.802985 0.003284
v 0.573112 0.802985 0.003284
v 0.944083 0.802985 0.721380
v 0.573112 0.802985 0.721380
v 0.944083 0.617498 0.721380
v 0.573112 0.617498 0.721380
v 0.944083 0.617498 0.003284
v 0.573112 0.617498 0.003284
v 0.944083 0.802985 0.721380
v 0.573112 0.802985 0.721380
v 0.944083 0.617498 0.721380
v 0.573112 0.617498 0.721380
v 0.573112 0.802985 0.003284
v 0.944083 0.802985 0.003284
v 0.573112 0.617498 0.003284
v 0.944083 0.617498 0.003284
v 0.719930 0.828372 0.457323
v 0.719930 0.828372 0.048129
v 0.719930 0.762609 0.457323
v 0.719930 0.762609 0.048129
v 0.924527 0.828372 0.048129
v 0.924527 0.828372 0.457323
v 0.924527 0.762609 0.048129
v 0.924527 0.762609 0.457323
v 0.924527 0.828372 0.048129
v 0.719930 0.828372 0.048129
v 0.924527 0.828372 0.457323
v 0.719930 0.828372 0.457323
v 0.924527 0.762609 0.457323
v 0.719930 0.762609 0.457323
v 0.924527 0.762609 0.048129
v 0.719930 0.762609 0.048129
v 0.924527 0.828372 0.457323
v 0.719930 0.828372 0.457323
v 0.924527 0.762609 0.457323
v 0.719930 0.762609 0.457323
v 0.719930 0.828372 0.048129
v 0.924527 0.828372 0.048129
v 0.719930 0.762609 0.048129
v 0.924527 0.762609 0.048129
v 0.719930 1.266794 1.577734
v 0.719930 1.266794 1.168541
v 0.719930 1.201031 1.577734
v 0.719930 1.201031 1.168541
v 0.924527 1.266794 1.168541
v 0.924527 1.266794 1.577734
v 0.924527 1.201031 1.168541
v 0.924527 1.201031 1.577734
v 0.924527 1.266794 1.168541
v 0.719930 1.266794 1.168541
v 0.924527 1.266794 1.577734
v 0.719930 1.266794 1.577734
v 0.924527 1.201031 1.577734
v 0.719930 1.201031 1.577734
v 0.924527 1.201031 1.168541
v 0.719930 1.201031 1.168541
v 0.924527 1.266794 1.577734
v 0.719930 1.266794 1.577734
v 0.924527 1.201031 1.577734
v 0.719930 1.201031 1.577734
v 0.719930 1.266794 1.168541
v 0.924527 1.266794 1.168541
v 0.719930 1.201031 1.168541
v 0.924527 1.201031 1.168541
v -0.936331 0.828372 0.457323
v -0.936331 0.828372 0.048129
v -0.936331 0.762609 0.457323
v -0.936331 0.762609 0.048129
v -0.731734 0.828372 0.048129
v -0.731734 0.828372 0.457323
v -0.731734 0.762609 0.048129
v -0.731734 0.762609 0.457323
v -0.731734 0.828372 0.048129
v -0.936331 0.828372 0.048129
v -0.731734 0.828372 0.457323
v -0.936331 0.828372 0.457323
v -0.731734 0.762609 0.457323
v -0.936331 0.762609 0.457323
v -0.731734 0.762609 0.048129
v -0.936331 0.762609 0.048129
v -0.731734 0.828372 0.457323
v -0.936331 0.828372 0.457323
v -0.731734 0.762609 0.457323
v -0.936331 0.762609 0.457323
v -0.936331 0.828372 0.048129
v -0.731734 0.828372 0.048129
v -0.936331 0.762609 0.048129
v -0.731734 0.762609 0.048129
v -0.936331 1.266794 1.577734
v -0.936331 1.266794 1.168541
v -0.936331 1.201031 1.577734
v -0.936331 1.201031 1.168541
v -0.731734 1.266794 1.168541
v -0.731734 1.266794 1.577734
v -0.731734 1.201031 1.168541
v -0.731734 1.201031 1.577734
v -0.731734 1.266794 1.168541
v -0.936331 1.266794 1.168541
v -0.731734 1.266794 1.577734
v -0.936331 1.266794 1.577734
v -0.731734 1.201031 1.577734
v -0.936331 1.201031 1.577734
v -0.731734 1.201031 1.168541
v -0.936331 1.201031 1.168541
v -0.731734 1.266794 1.577734
v -0.936331 1.266794 1.577734
v -0.731734 1.201031 1.577734
v -0.936331 1.201031 1.577734
v -0.936331 1.266794 1.168541
v -0.731734 1.266794 1.168541
v -0.936331 1.201031 1.168541
v -0.731734 1.201031 1.168541
v -0.887617 2.289778 0.238112
v -0.887617 2.289778 0.145556
v -0.887617 0.713895 0.238112
v -0.887617 0.713895 0.145556
v -0.780447 2.289778 0.145556
v -0.780447 2.289778 0.238112
v -0.780447 0.713895 0.145556
v -0.780447 0.713895 0.238112
v -0.780447 2.289778 0.145556
v -0.887617 2.289778 0.145556
v -0.780447 2.289778 0.238112
v -0.887617 2.289778 0.238112
v -0.780447 0.713895 0.238112
v -0.887617 0.713895 0.238112
v -0.780447 0.713895 0.145556
v -0.887617 0.713895 0.145556
v -0.780447 2.289778 0.238112
v -0.887617 2.289778 0.238112
v -0.780447 0.713895 0.238112
v -0.887617 0.713895 0.238112
v -0.887617 2.289778 0.145556
v -0.780447 2.289778 0.145556
v -0.887617 0.713895 0.145556
v -0.780447 0.713895 0.145556
v -0.886735 2.160447 0.546832
v -0.886735 2.288947 0.236605
v -0.886735 2.075022 0.511448
v -0.886735 2.203522 0.201221
v -0.779673 2.288947 0.236605
v -0.779673 2.160447 0.546832
v -0.779673 2.203522 0.201221
v -0.779673 2.075022 0.511448
v -0.779673 2.288947 0.236605
v -0.886735 2.288947 0.236605
v -0.779673 2.160447 0.546832
v -0.886735 2.160447 0.546832
v -0.779673 2.075022 0.511448
v -0.886735 2.075022 0.511448
v -0.779673 2.203522 0.201221
v -0.886735 2.203522 0.201221
v -0.779673 2.160447 0.546832
v -0.886735 2.160447 0.546832
v -0.779673 2.075022 0.511448
v -0.886735 2.075022 0.511448
v -0.886735 2.288947 0.236605
v -0.779673 2.288947 0.236605
v -0.886735 2.203522 0.201221
v -0.779673 2.203522 0.201221
v 0.767869 2.160447 0.546832
v 0.767869 2.288947 0.236605
v 0.767869 2.075022 0.511448
v 0.767869 2.203522 0.201221
v 0.874931 2.288947 0.236605
v 0.874931 2.160447 0.546832
v 0.874931 2.203522 0.201221
v 0.874931 2.075022 0.511448
v 0.874931 2.288947 0.236605
v 0.767869 2.288947 0.236605
v 0.874931 2.160447 0.546832
v 0.767869 2.160447 0.546832
v 0.874931 2.075022 0.511448
v 0.767869 2.075022 0.511448
v 0.874931 2.203522 0.201221
v 0.767869 2.203522 0.201221
v 0.874931 2.160447 0.546832
v 0.767869 2.160447 0.546832
v 0.874931 2.075022 0.511448
v 0.767869 2.075022 0.511448
v 0.767869 2.288947 0.236605
v 0.874931 2.288947 0.236605
v 0.767869 2.203522 0.201221
v 0.874931 2.203522 0.201221
v -0.887617 2.160425 0.547004
v -0.887617 2.094978 0.481557
v -0.887617 1.218336 1.489093
v -0.887617 1.152889 1.423646
v -0.780447 2.094978 0.481557
v -0.780447 2.160425 0.547004
v -0.780447 1.152889 1.423646
v -0.780447 1.218336 1.489093
v -0.780447 2.094978 0.481557
v -0.887617 2.094978 0.481557
v -0.780447 2.160425 0.547004
v -0.887617 2.160425 0.547004
v -0.780447 1.218336 1.489093
v -0.887617 1.218336 1.489093
v -0.780447 1.152889 1.423646
v -0.887617 1.152889 1.423646
v -0.780447 2.160425 0.547004
v -0.887617 2.160425 0.547004
v -0.780447 1.218336 1.489093
v -0.887617 1.218336 1.489093
v -0.887617 2.094978 0.481557
v -0.780447 2.094978 0.481557
v -0.887617 1.152889 1.423646
v -0.780447 1.152889 1.423646
v 0.768643 2.160425 0.547004
v 0.768643 2.094978 0.481557
v 0.768643 1.218336 1.489093
v 0.768643 1.152889 1.423646
v 0.875813 2.094978 0.481557
v 0.875813 2.160425 0.547004
v 0.875813 1.152889 1.423646
v 0.875813 1.218336 1.489093
v 0.875813 2.094978 0.481557
v 0.768643 2.094978 0.481557
v 0.875813 2.160425 0.547004
v 0.768643 2.160425 0.547004
v 0.875813 1.218336 1.489093
v 0.768643 1.218336 1.489093
v 0.875813 1.152889 1.423646
v 0.768643 1.152889 1.423646
v 0.875813 2.160425 0.547004
v 0.768643 2.160425 0.547004
v 0.875813 1.218336 1.489093
v 0.768643 1.218336 1.489093
v 0.768643 2.094978 0.481557
v 0.875813 2.094978 0.481557
v 0.768643 1.152889 1.423646
v 0.875813 1.152889 1.423646
v 0.768643 2.289778 0.238112
v 0.768643 2.289778 0.145556
v 0.768643 0.713895 0.238112
v 0.768643 0.713895 0.145556
v 0.875813 2.289778 0.145556
v 0.875813 2.289778 0.238112
v 0.875813 0.713895 0.145556
v 0.875813 0.713895 0.238112
v 0.875813 2.289778 0.145556
v 0.768643 2.289778 0.145556
v 0.875813 2.289778 0.238112
v 0.768643 2.289778 0.238112
v 0.875813 0.713895 0.238112
v 0.768643 0.713895 0.238112
v 0.875813 0.713895 0.145556
v 0.768643 0.713895 0.145556
v 0.875813 2.289778 0.238112
v 0.768643 2.289778 0.238112
v 0.875813 0.713895 0.238112
v 0.768643 0.713895 0.238112
v 0.768643 2.289778 0.145556
v 0.875813 2.289778 0.145556
v 0.768643 0.713895 0.145556
v 0.875813 0.713895 0.145556
v -0.790986 1.559121 0.238158
v -0.790986 1.559121 0.145510
v -0.790986 1.468911 0.238158
v -0.790986 1.468911 0.145510
v 0.803539 1.559121 0.145510
v 0.803539 1.559121 0.238158
v 0.803539 1.468911 0.145510
v 0.803539 1.468911 0.238158
v 0.803539 1.559121 0.145510
v -0.790986 1.559121 0.145510
v 0.803539 1.559121 0.238158
v -0.790986 1.559121 0.238158
v 0.803539 1.468911 0.238158
v -0.790986 1.468911 0.238158
v 0.803539 1.468911 0.145510
v -0.790986 1.468911 0.145510
v 0.803539 1.559121 0.238158
v -0.790986 1.559121 0.238158
v 0.803539 1.468911 0.238158
v -0.790986 1.468911 0.238158
v -0.790986 1.559121 0.145510
v 0.803539 1.559121 0.145510
v -0.790986 1.468911 0.145510
v 0.803539 1.468911 0.145510
v -0.960687 0.852729 2.016156
v -0.960687 0.852729 1.923601
v -0.960687 0.762609 2.016156
v -0.960687 0.762609 1.923601
v 0.948884 0.852729 1.923601
v 0.948884 0.852729 2.016156
v 0.948884 0.762609 1.923601
v 0.948884 0.762609 2.016156
v 0.948884 0.852729 1.923601
v -0.960687 0.852729 1.923601
v 0.948884 0.852729 2.016156
v -0.960687 0.852729 2.016156
v 0.948884 0.762609 2.016156
v -0.960687 0.762609 2.016156
v 0.948884 0.762609 1.923601
v -0.960687 0.762609 1.923601
v 0.948884 0.852729 2.016156
v -0.960687 0.852729 2.016156
v 0.948884 0.762609 2.016156
v -0.960687 0.762609 2.016156
v -0.960687 0.852729 1.923601
v 0.948884 0.852729 1.923601
v -0.960687 0.762609 1.923601
v 0.948884 0.762609 1.923601
v -0.960687 0.877085 0.262469
v -0.960687 0.877085 0.145556
v -0.960687 0.762609 0.262469
v -0.960687 0.762609 0.145556
v 0.948884 0.877085 0.145556
v 0.948884 0.877085 0.262469
v 0.948884 0.762609 0.145556
v 0.948884 0.762609 0.262469
v 0.948884 0.877085 0.145556
v -0.960687 0.877085 0.145556
v 0.948884 0.877085 0.262469
v -0.960687 0.877085 0.262469
v 0.948884 0.762609 0.262469
v -0.960687 0.762609 0.262469
v 0.948884 0.762609 0.145556
v -0.960687 0.762609 0.145556
v 0.948884 0.877085 0.262469
v -0.960687 0.877085 0.262469
v 0.948884 0.762609 0.262469
v -0.960687 0.762609 0.262469
v -0.960687 0.877085 0.145556
v 0.948884 0.877085 0.145556
v -0.960687 0.762609 0.145556
v 0.948884 0.762609 0.145556
v -0.478423 0.852729 1.938215
v -0.478423 0.852729 0.272211
v -0.478423 0.762609 1.938215
v -0.478423 0.762609 0.272211
v -0.361511 0.852729 0.272211
v -0.361511 0.852729 1.938215
v -0.361511 0.762609 0.272211
v -0.361511 0.762609 1.938215
v -0.361511 0.852729 0.272211
v -0.478423 0.852729 0.272211
v -0.361511 0.852729 1.938215
v -0.478423 0.852729 1.938215
v -0.361511 0.762609 1.938215
v -0.478423 0.762609 1.938215
v -0.361511 0.762609 0.272211
v -0.478423 0.762609 0.272211
v -0.361511 0.852729 1.938215
v -0.478423 0.852729 1.938215
v -0.361511 0.762609 1.938215
v -0.478423 0.762609 1.938215
v -0.478423 0.852729 0.272211
v -0.361511 0.852729 0.272211
v -0.478423 0.762609 0.272211
v -0.361511 0.762609 0.272211
v 0.349707 0.852729 1.938215
v 0.349707 0.852729 0.272211
v 0.349707 0.762609 1.938215
v 0.349707 0.762609 0.272211
v 0.466619 0.852729 0.272211
v 0.466619 0.852729 1.938215
v 0.466619 0.762609 0.272211
v 0.466619 0.762609 1.938215
v 0.466619 0.852729 0.272211
v 0.349707 0.852729 0.272211
v 0.466619 0.852729 1.938215
v 0.349707 0.852729 1.938215
v 0.466619 0.762609 1.938215
v 0.349707 0.762609 1.938215
v 0.466619 0.762609 0.272211
v 0.349707 0.762609 0.272211
v 0.466619 0.852729 1.938215
v 0.349707 0.852729 1.938215
v 0.466619 0.762609 1.938215
v 0.349707 0.762609 1.938215
v 0.349707 0.852729 0.272211
v 0.466619 0.852729 0.272211
v 0.349707 0.762609 0.272211
v 0.466619 0.762609 0.272211
v -0.805806 2.323290 0.238066
v -0.805806 2.323290 0.145603
v -0.805806 2.233259 0.238066
v -0.805806 2.233259 0.145603
v 0.792833 2.323290 0.145603
v 0.792833 2.323290 0.238066
v 0.792833 2.233259 0.145603
v 0.792833 2.233259 0.238066
v 0.792833 2.323290 0.145603
v -0.805806 2.323290 0.145603
v 0.792833 2.323290 0.238066
v -0.805806 2.323290 0.238066
v 0.792833 2.233259 0.238066
v -0.805806 2.233259 0.238066
v 0.792833 2.233259 0.145603
v -0.805806 2.233259 0.145603
v 0.792833 2.323290 0.238066
v -0.805806 2.323290 0.238066
v 0.792833 2.233259 0.238066
v -0.805806 2.233259 0.238066
v -0.805806 2.323290 0.145603
v 0.792833 2.323290 0.145603
v -0.805806 2.233259 0.145603
v 0.792833 2.233259 0.145603
v -0.707764 2.499451 0.189398
v -0.707764 2.499451 0.096843
v -0.707764 2.311904 0.189398
v -0.707764 2.311904 0.096843
v -0.522653 2.499451 0.096843
v -0.522653 2.499451 0.189398
v -0.522653 2.311904 0.096843
v -0.522653 2.311904 0.189398
v -0.522653 2.499451 0.096843
v -0.707764 2.499451 0.096843
v -0.522653 2.499451 0.189398
v -0.707764 2.499451 0.189398
v -0.522653 2.311904 0.189398
v -0.707764 2.311904 0.189398
v -0.522653 2.311904 0.096843
v -0.707764 2.311904 0.096843
v -0.522653 2.499451 0.189398
v -0.707764 2.499451 0.189398
v -0.522653 2.311904 0.189398
v -0.707764 2.311904 0.189398
v -0.707764 2.499451 0.096843
v -0.522653 2.499451 0.096843
v -0.707764 2.311904 0.096843
v -0.522653 2.311904 0.096843
v 0.485718 2.499451 0.189398
v 0.485718 2.499451 0.096843
v 0.485718 2.311904 0.189398
v 0.485718 2.311904 0.096843
v 0.670829 2.499451 0.096843
v 0.670829 2.499451 0.189398
v 0.670829 2.311904 0.096843
v 0.670829 2.311904 0.189398
v 0.670829 2.499451 0.096843
v 0.485718 2.499451 0.096843
v 0.670829 2.499451 0.189398
v 0.485718 2.499451 0.189398
v 0.670829 2.311904 0.189398
v 0.485718 2.311904 0.189398
v 0.670829 2.311904 0.096843
v 0.485718 2.311904 0.096843
v 0.670829 2.499451 0.189398
v 0.485718 2.499451 0.189398
v 0.670829 2.311904 0.189398
v 0.485718 2.311904 0.189398
v 0.485718 2.499451 0.096843
v 0.670829 2.499451 0.096843
v 0.485718 2.311904 0.096843
v 0.670829 2.311904 0.096843
v -0.701334 2.491949 0.161339
v -0.701334 2.491949 0.076188
v -0.701334 2.319406 0.161339
v -0.701334 2.319406 0.076188
v -0.531032 2.491949 0.076188
v -0.531032 2.491949 0.161339
v -0.531032 2.319406 0.076188
v -0.531032 2.319406 0.161339
v -0.531032 2.491949 0.076188
v -0.701334 2.491949 0.076188
v -0.531032 2.491949 0.161339
v -0.701334 2.491949 0.161339
v -0.531032 2.319406 0.161339
v -0.701334 2.319406 0.161339
v -0.531032 2.319406 0.076188
v -0.701334 2.319406 0.076188
v -0.531032 2.491949 0.161339
v -0.701334 2.491949 0.161339
v -0.531032 2.319406 0.161339
v -0.701334 2.319406 0.161339
v -0.701334 2.491949 0.076188
v -0.531032 2.491949 0.076188
v -0.701334 2.319406 0.076188
v -0.531032 2.319406 0.076188
v -0.311626 2.491949 0.161339
v -0.311626 2.491949 0.076188
v -0.311626 2.319406 0.161339
v -0.311626 2.319406 0.076188
v -0.141323 2.491949 0.076188
v -0.141323 2.491949 0.161339
v -0.141323 2.319406 0.076188
v -0.141323 2.319406 0.161339
v -0.141323 2.491949 0.076188
v -0.311626 2.491949 0.076188
v -0.141323 2.491949 0.161339
v -0.311626 2.491949 0.161339
v -0.141323 2.319406 0.161339
v -0.311626 2.319406 0.161339
v -0.141323 2.319406 0.076188
v -0.311626 2.319406 0.076188
v -0.141323 2.491949 0.161339
v -0.311626 2.491949 0.161339
v -0.141323 2.319406 0.161339
v -0.311626 2.319406 0.161339
v -0.311626 2.491949 0.076188
v -0.141323 2.491949 0.076188
v -0.311626 2.319406 0.076188
v -0.141323 2.319406 0.076188
v -0.318056 2.499451 0.189398
v -0.318056 2.499451 0.096843
v -0.318056 2.311904 0.189398
v -0.318056 2.311904 0.096843
v -0.132944 2.499451 0.096843
v -0.132944 2.499451 0.189398
v -0.132944 2.311904 0.096843
v -0.132944 2.311904 0.189398
v -0.132944 2.499451 0.096843
v -0.318056 2.499451 0.096843
v -0.132944 2.499451 0.189398
v -0.318056 2.499451 0.189398
v -0.132944 2.311904 0.189398
v -0.318056 2.311904 0.189398
v -0.132944 2.311904 0.096843
v -0.318056 2.311904 0.096843
v -0.132944 2.499451 0.189398
v -0.318056 2.499451 0.189398
v -0.132944 2.311904 0.189398
v -0.318056 2.311904 0.189398
v -0.318056 2.499451 0.096843
v -0.132944 2.499451 0.096843
v -0.318056 2.311904 0.096843
v -0.132944 2.311904 0.096843
v 0.494096 2.491949 0.161339
v 0.494096 2.491949 0.076188
v 0.494096 2.319406 0.161339
v 0.494096 2.319406 0.076188
v 0.664399 2.491949 0.076188
v 0.664399 2.491949 0.161339
v 0.664399 2.319406 0.076188
v 0.664399 2.319406 0.161339
v 0.664399 2.491949 0.076188
v 0.494096 2.491949 0.076188
v 0.664399 2.491949 0.161339
v 0.494096 2.491949 0.161339
v 0.664399 2.319406 0.161339
v 0.494096 2.319406 0.161339
v 0.664399 2.319406 0.076188
v 0.494096 2.319406 0.076188
v 0.664399 2.491949 0.161339
v 0.494096 2.491949 0.161339
v 0.664399 2.319406 0.161339
v 0.494096 2.319406 0.161339
v 0.494096 2.491949 0.076188
v 0.664399 2.491949 0.076188
v 0.494096 2.319406 0.076188
v 0.664399 2.319406 0.076188
v 0.080031 2.491949 0.161339
v 0.080031 2.491949 0.076188
v 0.080031 2.319406 0.161339
v 0.080031 2.319406 0.076188
v 0.250334 2.491949 0.076188
v 0.250334 2.491949 0.161339
v 0.250334 2.319406 0.076188
v 0.250334 2.319406 0.161339
v 0.250334 2.491949 0.076188
v 0.080031 2.491949 0.076188
v 0.250334 2.491949 0.161339
v 0.080031 2.491949 0.161339
v 0.250334 2.319406 0.161339
v 0.080031 2.319406 0.161339
v 0.250334 2.319406 0.076188
v 0.080031 2.319406 0.076188
v 0.250334 2.491949 0.161339
v 0.080031 2.491949 0.161339
v 0.250334 2.319406 0.161339
v 0.080031 2.319406 0.161339
v 0.080031 2.491949 0.076188
v 0.250334 2.491949 0.076188
v 0.080031 2.319406 0.076188
v 0.250334 2.319406 0.076188
v -0.335983 2.516306 0.141228
v -0.335983 2.516306 0.056077
v -0.335983 2.319406 0.141228
v -0.335983 2.319406 0.056077
v -0.116966 2.516306 0.056077
v -0.116966 2.516306 0.141228
v -0.116966 2.319406 0.056077
v -0.116966 2.319406 0.141228
v -0.116966 2.516306 0.056077
v -0.335983 2.516306 0.056077
v -0.116966 2.516306 0.141228
v -0.335983 2.516306 0.141228
v -0.116966 2.319406 0.141228
v -0.335983 2.319406 0.141228
v -0.116966 2.319406 0.056077
v -0.335983 2.319406 0.056077
v -0.116966 2.516306 0.141228
v -0.335983 2.516306 0.141228
v -0.116966 2.319406 0.141228
v -0.335983 2.319406 0.141228
v -0.335983 2.516306 0.056077
v -0.116966 2.516306 0.056077
v -0.335983 2.319406 0.056077
v -0.116966 2.319406 0.056077
v -0.725691 2.516306 0.141228
v -0.725691 2.516306 0.056077
v -0.725691 2.319406 0.141228
v -0.725691 2.319406 0.056077
v -0.506675 2.516306 0.056077
v -0.506675 2.516306 0.141228
v -0.506675 2.319406 0.056077
v -0.506675 2.319406 0.141228
v -0.506675 2.516306 0.056077
v -0.725691 2.516306 0.056077
v -0.506675 2.516306 0.141228
v -0.725691 2.516306 0.141228
v -0.506675 2.319406 0.141228
v -0.725691 2.319406 0.141228
v -0.506675 2.319406 0.056077
v -0.725691 2.319406 0.056077
v -0.506675 2.516306 0.141228
v -0.725691 2.516306 0.141228
v -0.506675 2.319406 0.141228
v -0.725691 2.319406 0.141228
v -0.725691 2.516306 0.056077
v -0.506675 2.516306 0.056077
v -0.725691 2.319406 0.056077
v -0.506675 2.319406 0.056077
v 0.055674 2.516306 0.141228
v 0.055674 2.516306 0.056077
v 0.055674 2.319406 0.141228
v 0.055674 2.319406 0.056077
v 0.274691 2.516306 0.056077
v 0.274691 2.516306 0.141228
v 0.274691 2.319406 0.056077
v 0.274691 2.319406 0.141228
v 0.274691 2.516306 0.056077
v 0.055674 2.516306 0.056077
v 0.274691 2.516306 0.141228
v 0.055674 2.516306 0.141228
v 0.274691 2.319406 0.141228
v 0.055674 2.319406 0.141228
v 0.274691 2.319406 0.056077
v 0.055674 2.319406 0.056077
v 0.274691 2.516306 0.141228
v 0.055674 2.516306 0.141228
v 0.274691 2.319406 0.141228
v 0.055674 2.319406 0.141228
v 0.055674 2.516306 0.056077
v 0.274691 2.516306 0.056077
v 0.055674 2.319406 0.056077
v 0.274691 2.319406 0.056077
v 0.469740 2.516306 0.141228
v 0.469740 2.516306 0.056077
v 0.469740 2.319406 0.141228
v 0.469740 2.319406 0.056077
v 0.688756 2.516306 0.056077
v 0.688756 2.516306 0.141228
v 0.688756 2.319406 0.056077
v 0.688756 2.319406 0.141228
v 0.688756 2.516306 0.056077
v 0.469740 2.516306 0.056077
v 0.688756 2.516306 0.141228
v 0.469740 2.516306 0.141228
v 0.688756 2.319406 0.141228
v 0.469740 2.319406 0.141228
v 0.688756 2.319406 0.056077
v 0.469740 2.319406 0.056077
v 0.688756 2.516306 0.141228
v 0.469740 2.516306 0.141228
v 0.688756 2.319406 0.141228
v 0.469740 2.319406 0.141228
v 0.469740 2.516306 0.056077
v 0.688756 2.516306 0.056077
v 0.469740 2.319406 0.056077
v 0.688756 2.319406 0.056077
v 0.071652 2.499451 0.189398
v 0.071652 2.499451 0.096843
v 0.071652 2.311904 0.189398
v 0.071652 2.311904 0.096843
v 0.256764 2.499451 0.096843
v 0.256764 2.499451 0.189398
v 0.256764 2.311904 0.096843
v 0.256764 2.311904 0.189398
v 0.256764 2.499451 0.096843
v 0.071652 2.499451 0.096843
v 0.256764 2.499451 0.189398
v 0.071652 2.499451 0.189398
v 0.256764 2.311904 0.189398
v 0.071652 2.311904 0.189398
v 0.256764 2.311904 0.096843
v 0.071652 2.311904 0.096843
v 0.256764 2.499451 0.189398
v 0.071652 2.499451 0.189398
v 0.256764 2.311904 0.189398
v 0.071652 2.311904 0.189398
v 0.071652 2.499451 0.096843
v 0.256764 2.499451 0.096843
v 0.071652 2.311904 0.096843
v 0.256764 2.311904 0.096843
v 0.128070 1.546099 0.213745
v 0.128070 1.546099 0.169947
v 0.064409 1.482438 0.213745
v 0.064409 1.482438 0.169947
v 0.840383 0.833786 0.169947
v 0.840383 0.833786 0.213745
v 0.776722 0.770126 0.169947
v 0.776722 0.770126 0.213745
v 0.840383 0.833786 0.169947
v 0.128070 1.546099 0.169947
v 0.840383 0.833786 0.213745
v 0.128070 1.546099 0.213745
v 0.776722 0.770126 0.213745
v 0.064409 1.482438 0.213745
v 0.776722 0.770126 0.169947
v 0.064409 1.482438 0.169947
v 0.840383 0.833786 0.213745
v 0.128070 1.546099 0.213745
v 0.776722 0.770126 0.213745
v 0.064409 1.482438 0.213745
v 0.128070 1.546099 0.169947
v 0.840383 0.833786 0.169947
v 0.064409 1.482438 0.169947
v 0.776722 0.770126 0.169947
v -0.852194 0.833787 0.238078
v -0.852194 0.833787 0.194279
v -0.788534 0.770126 0.238078
v -0.788534 0.770126 0.194279
v -0.157088 1.528894 0.194279
v -0.157088 1.528894 0.238078
v -0.093427 1.465233 0.194279
v -0.093427 1.465233 0.238078
v -0.157088 1.528894 0.194279
v -0.852194 0.833787 0.194279
v -0.157088 1.528894 0.238078
v -0.852194 0.833787 0.238078
v -0.093427 1.465233 0.238078
v -0.788534 0.770126 0.238078
v -0.093427 1.465233 0.194279
v -0.788534 0.770126 0.194279
v -0.157088 1.528894 0.238078
v -0.852194 0.833787 0.238078
v -0.093427 1.465233 0.238078
v -0.788534 0.770126 0.238078
v -0.852194 0.833787 0.194279
v -0.157088 1.528894 0.194279
v -0.788534 0.770126 0.194279
v -0.093427 1.465233 0.194279
v -0.803321 1.563683 0.238090
v -0.803321 1.563683 0.194292
v -0.768868 1.480506 0.238090
v -0.768868 1.480506 0.194292
v 0.779287 2.219221 0.194292
v 0.779287 2.219221 0.238090
v 0.813740 2.136044 0.194292
v 0.813740 2.136044 0.238090
v 0.779287 2.219221 0.194292
v -0.803321 1.563683 0.194292
v 0.779287 2.219221 0.238090
v -0.803321 1.563683 0.238090
v 0.813740 2.136044 0.238090
v -0.768868 1.480506 0.238090
v 0.813740 2.136044 0.194292
v -0.768868 1.480506 0.194292
v 0.779287 2.219221 0.238090
v -0.803321 1.563683 0.238090
v 0.813740 2.136044 0.238090
v -0.768868 1.480506 0.238090
v -0.803321 1.563683 0.194292
v 0.779287 2.219221 0.194292
v -0.768868 1.480506 0.194292
v 0.813740 2.136044 0.194292
v -0.838904 0.706588 2.673789
v -0.838904 0.706588 1.826174
v -0.838904 0.567754 2.673789
v -0.838904 0.567754 1.826174
v 0.827100 0.706588 1.826174
v 0.827100 0.706588 2.673789
v 0.827100 0.567754 1.826174
v 0.827100 0.567754 2.673789
v 0.827100 0.706588 1.826174
v -0.838904 0.706588 1.826174
v 0.827100 0.706588 2.673789
v -0.838904 0.706588 2.673789
v 0.827100 0.567754 2.673789
v -0.838904 0.567754 2.673789
v 0.827100 0.567754 1.826174
v -0.838904 0.567754 1.826174
v 0.827100 0.706588 2.673789
v -0.838904 0.706588 2.673789
v 0.827100 0.567754 2.673789
v -0.838904 0.567754 2.673789
v -0.838904 0.706588 1.826174
v 0.827100 0.706588 1.826174
v -0.838904 0.567754 1.826174
v 0.827100 0.567754 1.826174
v -0.838904 0.706590 0.759858
v -0.838904 0.706590 0.034026
v -0.838904 0.567757 0.759858
v -0.838904 0.567757 0.034026
v 0.827100 0.706590 0.034026
v 0.827100 0.706590 0.759858
v 0.827100 0.567757 0.034026
v 0.827100 0.567757 0.759858
v 0.827100 0.706590 0.034026
v -0.838904 0.706590 0.034026
v 0.827100 0.706590 0.759858
v -0.838904 0.706590 0.759858
v 0.827100 0.567757 0.759858
v -0.838904 0.567757 0.759858
v 0.827100 0.567757 0.034026
v -0.838904 0.567757 0.034026
v 0.827100 0.706590 0.759858
v -0.838904 0.706590 0.759858
v 0.827100 0.567757 0.759858
v -0.838904 0.567757 0.759858
v -0.838904 0.706590 0.034026
v 0.827100 0.706590 0.034026
v -0.838904 0.567757 0.034026
v 0.827100 0.567757 0.034026
v -0.951140 1.135791 2.673204
v -0.951140 1.135791 2.557461
v -0.951140 0.757214 2.673204
v -0.951140 0.757214 2.557461
v 0.939336 1.135791 2.557461
v 0.939336 1.135791 2.673204
v 0.939336 0.757214 2.557461
v 0.939336 0.757214 2.673204
v 0.939336 1.135791 2.557461
v -0.951140 1.135791 2.557461
v 0.939336 1.135791 2.673204
v -0.951140 1.135791 2.673204
v 0.939336 0.757214 2.673204
v -0.951140 0.757214 2.673204
v 0.939336 0.757214 2.557461
v -0.951140 0.757214 2.557461
v 0.939336 1.135791 2.673204
v -0.951140 1.135791 2.673204
v 0.939336 0.757214 2.673204
v -0.951140 0.757214 2.673204
v -0.951140 1.135791 2.557461
v 0.939336 1.135791 2.557461
v -0.951140 0.757214 2.557461
v 0.939336 0.757214 2.557461
v -0.960687 1.381271 2.625076
v -0.960687 1.381271 2.556877
v -0.960687 1.145010 2.625076
v -0.960687 1.145010 2.556877
v 0.948884 1.381271 2.556877
v 0.948884 1.381271 2.625076
v 0.948884 1.145010 2.556877
v 0.948884 1.145010 2.625076
v 0.948884 1.381271 2.556877
v -0.960687 1.381271 2.556877
v 0.948884 1.381271 2.625076
v -0.960687 1.381271 2.625076
v 0.948884 1.145010 2.625076
v -0.960687 1.145010 2.625076
v 0.948884 1.145010 2.556877
v -0.960687 1.145010 2.556877
v 0.948884 1.381271 2.625076
v -0.960687 1.381271 2.625076
v 0.948884 1.145010 2.625076
v -0.960687 1.145010 2.625076
v -0.960687 1.381271 2.556877
v 0.948884 1.381271 2.556877
v -0.960687 1.145010 2.556877
v 0.948884 1.145010 2.556877
v -0.960687 1.288472 2.611340
v -0.960687 1.281015 2.593338
v -0.960687 1.137704 2.673790
v -0.960687 1.130247 2.655788
v 0.948884 1.281015 2.593338
v 0.948884 1.288472 2.611340
v 0.948884 1.130247 2.655788
v 0.948884 1.137704 2.673790
v 0.948884 1.281015 2.593338
v -0.960687 1.281015 2.593338
v 0.948884 1.288472 2.611340
v -0.960687 1.288472 2.611340
v 0.948884 1.137704 2.673790
v -0.960687 1.137704 2.673790
v 0.948884 1.130247 2.655788
v -0.960687 1.130247 2.655788
v 0.948884 1.288472 2.611340
v -0.960687 1.288472 2.611340
v 0.948884 1.137704 2.673790
v -0.960687 1.137704 2.673790
v -0.960687 1.281015 2.593338
v 0.948884 1.281015 2.593338
v -0.960687 1.130247 2.655788
v 0.948884 1.130247 2.655788
v -0.205627 1.308200 2.698146
v -0.205627 1.308200 2.605590
v -0.205627 1.193723 2.698146
v -0.205627 1.193723 2.605590
v 0.193824 1.308200 2.605590
v 0.193824 1.308200 2.698146
v 0.193824 1.193723 2.605590
v 0.193824 1.193723 2.698146
v 0.193824 1.308200 2.605590
v -0.205627 1.308200 2.605590
v 0.193824 1.308200 2.698146
v -0.205627 1.308200 2.698146
v 0.193824 1.193723 2.698146
v -0.205627 1.193723 2.698146
v 0.193824 1.193723 2.605590
v -0.205627 1.193723 2.605590
v 0.193824 1.308200 2.698146
v -0.205627 1.308200 2.698146
v 0.193824 1.193723 2.698146
v -0.205627 1.193723 2.698146
v -0.205627 1.308200 2.605590
v 0.193824 1.308200 2.605590
v -0.205627 1.193723 2.605590
v 0.193824 1.193723 2.605590
v -0.790190 1.308200 0.116328
v -0.790190 1.308200 0.048129
v -0.790190 0.755301 0.116328
v -0.790190 0.755301 0.048129
v 0.778386 1.308200 0.048129
v 0.778386 1.308200 0.116328
v 0.778386 0.755301 0.048129
v 0.778386 0.755301 0.116328
v 0.778386 1.308200 0.048129
v -0.790190 1.308200 0.048129
v 0.778386 1.308200 0.116328
v -0.790190 1.308200 0.116328
v 0.778386 0.755301 0.116328
v -0.790190 0.755301 0.116328
v 0.778386 0.755301 0.048129
v -0.790190 0.755301 0.048129
v 0.778386 1.308200 0.116328
v -0.790190 1.308200 0.116328
v 0.778386 0.755301 0.116328
v -0.790190 0.755301 0.116328
v -0.790190 1.308200 0.048129
v 0.778386 1.308200 0.048129
v -0.790190 0.755301 0.048129
v 0.778386 0.755301 0.048129
v -0.814547 1.551768 0.043258
v -0.814547 1.551768 -0.024941
v -0.814547 0.755301 0.043258
v -0.814547 0.755301 -0.024941
v 0.802743 1.551768 -0.024941
v 0.802743 1.551768 0.043258
v 0.802743 0.755301 -0.024941
v 0.802743 0.755301 0.043258
v 0.802743 1.551768 -0.024941
v -0.814547 1.551768 -0.024941
v 0.802743 1.551768 0.043258
v -0.814547 1.551768 0.043258
v 0.802743 0.755301 0.043258
v -0.814547 0.755301 0.043258
v 0.802743 0.755301 -0.024941
v -0.814547 0.755301 -0.024941
v 0.802743 1.551768 0.043258
v -0.814547 1.551768 0.043258
v 0.802743 0.755301 0.043258
v -0.814547 0.755301 0.043258
v -0.814547 1.551768 -0.024941
v 0.802743 1.551768 -0.024941
v -0.814547 0.755301 -0.024941
v 0.802743 0.755301 -0.024941
v -0.814547 2.153380 0.018901
v -0.814547 2.153380 -0.005456
v -0.814547 1.551768 0.018901
v -0.814547 1.551768 -0.005456
v 0.802743 2.153380 -0.005456
v 0.802743 2.153380 0.018901
v 0.802743 1.551768 -0.005456
v 0.802743 1.551768 0.018901
v 0.802743 2.153380 -0.005456
v -0.814547 2.153380 -0.005456
v 0.802743 2.153380 0.018901
v -0.814547 2.153380 0.018901
v 0.802743 1.551768 0.018901
v -0.814547 1.551768 0.018901
v 0.802743 1.551768 -0.005456
v -0.814547 1.551768 -0.005456
v 0.802743 2.153380 0.018901
v -0.814547 2.153380 0.018901
v 0.802743 1.551768 0.018901
v -0.814547 1.551768 0.018901
v -0.814547 2.153380 -0.005456
v 0.802743 2.153380 -0.005456
v -0.814547 1.551768 -0.005456
v 0.802743 1.551768 -0.005456
v -0.737774 1.257842 -0.052891
v -0.737774 1.311363 -0.182102
v -0.737774 0.752139 -0.262361
v -0.737774 0.805659 -0.391571
v -0.004733 1.311363 -0.182102
v -0.004733 1.257842 -0.052891
v -0.004733 0.805659 -0.391571
v -0.004733 0.752139 -0.262361
v -0.004733 1.311363 -0.182102
v -0.737774 1.311363 -0.182102
v -0.004733 1.257842 -0.052891
v -0.737774 1.257842 -0.052891
v -0.004733 0.752139 -0.262361
v -0.737774 0.752139 -0.262361
v -0.004733 0.805659 -0.391571
v -0.737774 0.805659 -0.391571
v -0.004733 1.257842 -0.052891
v -0.737774 1.257842 -0.052891
v -0.004733 0.752139 -0.262361
v -0.737774 0.752139 -0.262361
v -0.737774 1.311363 -0.182102
v -0.004733 1.311363 -0.182102
v -0.737774 0.805659 -0.391571
v -0.004733 0.805659 -0.391571
v -0.741476 1.012368 -0.262766
v -0.741476 1.012368 -0.815664
v -0.741476 0.749315 -0.262766
v -0.741476 0.749315 -0.815664
v -0.195885 1.012368 -0.815664
v -0.195885 1.012368 -0.262766
v -0.195885 0.749315 -0.815664
v -0.195885 0.749315 -0.262766
v -0.195885 1.012368 -0.815664
v -0.741476 1.012368 -0.815664
v -0.195885 1.012368 -0.262766
v -0.741476 1.012368 -0.262766
v -0.195885 0.749315 -0.262766
v -0.741476 0.749315 -0.262766
v -0.195885 0.749315 -0.815664
v -0.741476 0.749315 -0.815664
v -0.195885 1.012368 -0.262766
v -0.741476 1.012368 -0.262766
v -0.195885 0.749315 -0.262766
v -0.741476 0.749315 -0.262766
v -0.741476 1.012368 -0.815664
v -0.195885 1.012368 -0.815664
v -0.741476 0.749315 -0.815664
v -0.195885 0.749315 -0.815664
v -0.195885 1.012368 -0.262766
v -0.195885 1.012368 -0.669524
v -0.195885 0.749315 -0.262766
v -0.195885 0.749315 -0.669524
v 0.184081 1.012368 -0.669524
v 0.184081 1.012368 -0.262766
v 0.184081 0.749315 -0.669524
v 0.184081 0.749315 -0.262766
v 0.184081 1.012368 -0.669524
v -0.195885 1.012368 -0.669524
v 0.184081 1.012368 -0.262766
v -0.195885 1.012368 -0.262766
v 0.184081 0.749315 -0.262766
v -0.195885 0.749315 -0.262766
v 0.184081 0.749315 -0.669524
v -0.195885 0.749315 -0.669524
v 0.184081 1.012368 -0.262766
v -0.195885 1.012368 -0.262766
v 0.184081 0.749315 -0.262766
v -0.195885 0.749315 -0.262766
v -0.195885 1.012368 -0.669524
v 0.184081 1.012368 -0.669524
v -0.195885 0.749315 -0.669524
v 0.184081 0.749315 -0.669524
v -0.195885 0.914941 -0.652474
v -0.195885 0.914941 -1.570724
v -0.195885 0.749315 -0.652474
v -0.195885 0.749315 -1.570724
v 0.184081 0.914941 -1.570724
v 0.184081 0.914941 -0.652474
v 0.184081 0.749315 -1.570724
v 0.184081 0.749315 -0.652474
v 0.184081 0.914941 -1.570724
v -0.195885 0.914941 -1.570724
v 0.184081 0.914941 -0.652474
v -0.195885 0.914941 -0.652474
v 0.184081 0.749315 -0.652474
v -0.195885 0.749315 -0.652474
v 0.184081 0.749315 -1.570724
v -0.195885 0.749315 -1.570724
v 0.184081 0.914941 -0.652474
v -0.195885 0.914941 -0.652474
v 0.184081 0.749315 -0.652474
v -0.195885 0.749315 -0.652474
v -0.195885 0.914941 -1.570724
v 0.184081 0.914941 -1.570724
v -0.195885 0.749315 -1.570724
v 0.184081 0.749315 -1.570724
v -0.122814 0.963654 -0.774258
v -0.122814 0.963654 -0.986162
v -0.122814 0.895455 -0.774258
v -0.122814 0.895455 -0.986162
v 0.111011 0.963654 -0.986162
v 0.111011 0.963654 -0.774258
v 0.111011 0.895455 -0.986162
v 0.111011 0.895455 -0.774258
v 0.111011 0.963654 -0.986162
v -0.122814 0.963654 -0.986162
v 0.111011 0.963654 -0.774258
v -0.122814 0.963654 -0.774258
v 0.111011 0.895455 -0.774258
v -0.122814 0.895455 -0.774258
v 0.111011 0.895455 -0.986162
v -0.122814 0.895455 -0.986162
v 0.111011 0.963654 -0.774258
v -0.122814 0.963654 -0.774258
v 0.111011 0.895455 -0.774258
v -0.122814 0.895455 -0.774258
v -0.122814 0.963654 -0.986162
v 0.111011 0.963654 -0.986162
v -0.122814 0.895455 -0.986162
v 0.111011 0.895455 -0.986162
v -0.098458 1.012368 -0.798615
v -0.098458 1.012368 -0.961805
v -0.098458 0.944169 -0.798615
v -0.098458 0.944169 -0.961805
v 0.086654 1.012368 -0.961805
v 0.086654 1.012368 -0.798615
v 0.086654 0.944169 -0.961805
v 0.086654 0.944169 -0.798615
v 0.086654 1.012368 -0.961805
v -0.098458 1.012368 -0.961805
v 0.086654 1.012368 -0.798615
v -0.098458 1.012368 -0.798615
v 0.086654 0.944169 -0.798615
v -0.098458 0.944169 -0.798615
v 0.086654 0.944169 -0.961805
v -0.098458 0.944169 -0.961805
v 0.086654 1.012368 -0.798615
v -0.098458 1.012368 -0.798615
v 0.086654 0.944169 -0.798615
v -0.098458 0.944169 -0.798615
v -0.098458 1.012368 -0.961805
v 0.086654 1.012368 -0.961805
v -0.098458 0.944169 -0.961805
v 0.086654 0.944169 -0.961805
v -0.034336 1.198379 -0.768571
v -0.034336 1.217564 -0.814886
v -0.034336 0.984599 -0.857122
v -0.034336 1.003783 -0.903437
v 0.022532 1.217564 -0.814886
v 0.022532 1.198379 -0.768571
v 0.022532 1.003783 -0.903437
v 0.022532 0.984599 -0.857122
v 0.022532 1.217564 -0.814886
v -0.034336 1.217564 -0.814886
v 0.022532 1.198379 -0.768571
v -0.034336 1.198379 -0.768571
v 0.022532 0.984599 -0.857122
v -0.034336 0.984599 -0.857122
v 0.022532 1.003783 -0.903437
v -0.034336 1.003783 -0.903437
v 0.022532 1.198379 -0.768571
v -0.034336 1.198379 -0.768571
v 0.022532 0.984599 -0.857122
v -0.034336 0.984599 -0.857122
v -0.034336 1.217564 -0.814886
v 0.022532 1.217564 -0.814886
v -0.034336 1.003783 -0.903437
v 0.022532 1.003783 -0.903437
v -0.041728 1.222776 -0.751411
v -0.041728 1.246949 -0.809770
v -0.041728 1.180241 -0.769029
v -0.041728 1.204414 -0.827388
v 0.029924 1.246949 -0.809770
v 0.029924 1.222776 -0.751411
v 0.029924 1.204414 -0.827388
v 0.029924 1.180241 -0.769029
v 0.029924 1.246949 -0.809770
v -0.041728 1.246949 -0.809770
v 0.029924 1.222776 -0.751411
v -0.041728 1.222776 -0.751411
v 0.029924 1.180241 -0.769029
v -0.041728 1.180241 -0.769029
v 0.029924 1.204414 -0.827388
v -0.041728 1.204414 -0.827388
v 0.029924 1.222776 -0.751411
v -0.041728 1.222776 -0.751411
v 0.029924 1.180241 -0.769029
v -0.041728 1.180241 -0.769029
v -0.041728 1.246949 -0.809770
v 0.029924 1.246949 -0.809770
v -0.041728 1.204414 -0.827388
v 0.029924 1.204414 -0.827388
v -0.147171 1.231579 -0.993469
v -0.147171 1.231579 -1.034875
v -0.147171 1.187737 -0.993469
v -0.147171 1.187737 -1.034875
v -0.108200 1.231579 -1.034875
v -0.108200 1.231579 -0.993469
v -0.108200 1.187737 -1.034875
v -0.108200 1.187737 -0.993469
v -0.108200 1.231579 -1.034875
v -0.147171 1.231579 -1.034875
v -0.108200 1.231579 -0.993469
v -0.147171 1.231579 -0.993469
v -0.108200 1.187737 -0.993469
v -0.147171 1.187737 -0.993469
v -0.108200 1.187737 -1.034875
v -0.147171 1.187737 -1.034875
v -0.108200 1.231579 -0.993469
v -0.147171 1.231579 -0.993469
v -0.108200 1.187737 -0.993469
v -0.147171 1.187737 -0.993469
v -0.147171 1.231579 -1.034875
v -0.108200 1.231579 -1.034875
v -0.147171 1.187737 -1.034875
v -0.108200 1.187737 -1.034875
v -0.195885 1.255936 -1.017826
v -0.195885 1.255936 -1.156659
v -0.195885 1.041596 -1.017826
v -0.195885 1.041596 -1.156659
v 0.184081 1.255936 -1.156659
v 0.184081 1.255936 -1.017826
v 0.184081 1.041596 -1.156659
v 0.184081 1.041596 -1.017826
v 0.184081 1.255936 -1.156659
v -0.195885 1.255936 -1.156659
v 0.184081 1.255936 -1.017826
v -0.195885 1.255936 -1.017826
v 0.184081 1.041596 -1.017826
v -0.195885 1.041596 -1.017826
v 0.184081 1.041596 -1.156659
v -0.195885 1.041596 -1.156659
v 0.184081 1.255936 -1.017826
v -0.195885 1.255936 -1.017826
v 0.184081 1.041596 -1.017826
v -0.195885 1.041596 -1.017826
v -0.195885 1.255936 -1.156659
v 0.184081 1.255936 -1.156659
v -0.195885 1.041596 -1.156659
v 0.184081 1.041596 -1.156659
v 0.184081 1.012368 -0.262766
v 0.184081 1.012368 -0.815664
v 0.184081 0.749315 -0.262766
v 0.184081 0.749315 -0.815664
v 0.729673 1.012368 -0.815664
v 0.729673 1.012368 -0.262766
v 0.729673 0.749315 -0.815664
v 0.729673 0.749315 -0.262766
v 0.729673 1.012368 -0.815664
v 0.184081 1.012368 -0.815664
v 0.729673 1.012368 -0.262766
v 0.184081 1.012368 -0.262766
v 0.729673 0.749315 -0.262766
v 0.184081 0.749315 -0.262766
v 0.729673 0.749315 -0.815664
v 0.184081 0.749315 -0.815664
v 0.729673 1.012368 -0.262766
v 0.184081 1.012368 -0.262766
v 0.729673 0.749315 -0.262766
v 0.184081 0.749315 -0.262766
v 0.184081 1.012368 -0.815664
v 0.729673 1.012368 -0.815664
v 0.184081 0.749315 -0.815664
v 0.729673 0.749315 -0.815664
v 0.119094 1.010809 -0.591174
v 0.038956 1.010809 -0.671312
v 0.119094 0.750874 -0.591174
v 0.038956 0.750874 -0.671312
v 0.182181 1.010809 -0.814537
v 0.262319 1.010809 -0.734399
v 0.182181 0.750874 -0.814537
v 0.262319 0.750874 -0.734399
v 0.182181 1.010809 -0.814537
v 0.038956 1.010809 -0.671312
v 0.262319 1.010809 -0.734399
v 0.119094 1.010809 -0.591174
v 0.262319 0.750874 -0.734399
v 0.119094 0.750874 -0.591174
v 0.182181 0.750874 -0.814537
v 0.038956 0.750874 -0.671312
v 0.262319 1.010809 -0.734399
v 0.119094 1.010809 -0.591174
v 0.262319 0.750874 -0.734399
v 0.119094 0.750874 -0.591174
v 0.038956 1.010809 -0.671312
v 0.182181 1.010809 -0.814537
v 0.038956 0.750874 -0.671312
v 0.182181 0.750874 -0.814537
v -0.130897 1.010809 -0.591175
v -0.274122 1.010809 -0.734400
v -0.130897 0.750874 -0.591175
v -0.274122 0.750874 -0.734400
v -0.193984 1.010809 -0.814538
v -0.050759 1.010809 -0.671312
v -0.193984 0.750874 -0.814538
v -0.050759 0.750874 -0.671312
v -0.193984 1.010809 -0.814538
v -0.274122 1.010809 -0.734400
v -0.050759 1.010809 -0.671312
v -0.130897 1.010809 -0.591175
v -0.050759 0.750874 -0.671312
v -0.130897 0.750874 -0.591175
v -0.193984 0.750874 -0.814538
v -0.274122 0.750874 -0.734400
v -0.050759 1.010809 -0.671312
v -0.130897 1.010809 -0.591175
v -0.050759 0.750874 -0.671312
v -0.130897 0.750874 -0.591175
v -0.274122 1.010809 -0.734400
v -0.193984 1.010809 -0.814538
v -0.274122 0.750874 -0.734400
v -0.193984 0.750874 -0.814538
v -0.741476 1.618172 -0.051181
v -0.741476 1.618172 -0.192450
v -0.741476 1.260127 -0.051181
v -0.741476 1.260127 -0.192450
v -0.001031 1.618172 -0.192450
v -0.001031 1.618172 -0.051181
v -0.001031 1.260127 -0.192450
v -0.001031 1.260127 -0.051181
v -0.001031 1.618172 -0.192450
v -0.741476 1.618172 -0.192450
v -0.001031 1.618172 -0.051181
v -0.741476 1.618172 -0.051181
v -0.001031 1.260127 -0.051181
v -0.741476 1.260127 -0.051181
v -0.001031 1.260127 -0.192450
v -0.741476 1.260127 -0.192450
v -0.001031 1.618172 -0.051181
v -0.741476 1.618172 -0.051181
v -0.001031 1.260127 -0.051181
v -0.741476 1.260127 -0.051181
v -0.741476 1.618172 -0.192450
v -0.001031 1.618172 -0.192450
v -0.741476 1.260127 -0.192450
v -0.001031 1.260127 -0.192450
v -0.011144 1.260353 -0.051010
v -0.011144 1.314469 -0.181656
v -0.011144 0.749033 -0.262806
v -0.011144 0.803148 -0.393452
v 0.730043 1.314469 -0.181656
v 0.730043 1.260353 -0.051010
v 0.730043 0.803148 -0.393452
v 0.730043 0.749033 -0.262806
v 0.730043 1.314469 -0.181656
v -0.011144 1.314469 -0.181656
v 0.730043 1.260353 -0.051010
v -0.011144 1.260353 -0.051010
v 0.730043 0.749033 -0.262806
v -0.011144 0.749033 -0.262806
v 0.730043 0.803148 -0.393452
v -0.011144 0.803148 -0.393452
v 0.730043 1.260353 -0.051010
v -0.011144 1.260353 -0.051010
v 0.730043 0.749033 -0.262806
v -0.011144 0.749033 -0.262806
v -0.011144 1.314469 -0.181656
v 0.730043 1.314469 -0.181656
v -0.011144 0.803148 -0.393452
v 0.730043 0.803148 -0.393452
v -0.010773 1.618172 -0.051181
v -0.010773 1.618172 -0.192450
v -0.010773 1.260127 -0.051181
v -0.010773 1.260127 -0.192450
v 0.729673 1.618172 -0.192450
v 0.729673 1.618172 -0.051181
v 0.729673 1.260127 -0.192450
v 0.729673 1.260127 -0.051181
v 0.729673 1.618172 -0.192450
v -0.010773 1.618172 -0.192450
v 0.729673 1.618172 -0.051181
v -0.010773 1.618172 -0.051181
v 0.729673 1.260127 -0.051181
v -0.010773 1.260127 -0.051181
v 0.729673 1.260127 -0.192450
v -0.010773 1.260127 -0.192450
v 0.729673 1.618172 -0.051181
v -0.010773 1.618172 -0.051181
v 0.729673 1.260127 -0.051181
v -0.010773 1.260127 -0.051181
v -0.010773 1.618172 -0.192450
v 0.729673 1.618172 -0.192450
v -0.010773 1.260127 -0.192450
v 0.729673 1.260127 -0.192450
v -0.546622 1.837383 -0.051181
v -0.546622 1.837383 -0.241164
v -0.546622 1.576765 -0.051181
v -0.546622 1.576765 -0.241164
v -0.171528 1.837383 -0.241164
v -0.171528 1.837383 -0.051181
v -0.171528 1.576765 -0.241164
v -0.171528 1.576765 -0.051181
v -0.171528 1.837383 -0.241164
v -0.546622 1.837383 -0.241164
v -0.171528 1.837383 -0.051181
v -0.546622 1.837383 -0.051181
v -0.171528 1.576765 -0.051181
v -0.546622 1.576765 -0.051181
v -0.171528 1.576765 -0.241164
v -0.546622 1.576765 -0.241164
v -0.171528 1.837383 -0.051181
v -0.546622 1.837383 -0.051181
v -0.171528 1.576765 -0.051181
v -0.546622 1.576765 -0.051181
v -0.546622 1.837383 -0.241164
v -0.171528 1.837383 -0.241164
v -0.546622 1.576765 -0.241164
v -0.171528 1.576765 -0.241164
v 0.159724 1.837383 -0.051181
v 0.159724 1.837383 -0.241164
v 0.159724 1.576765 -0.051181
v 0.159724 1.576765 -0.241164
v 0.534818 1.837383 -0.241164
v 0.534818 1.837383 -0.051181
v 0.534818 1.576765 -0.241164
v 0.534818 1.576765 -0.051181
v 0.534818 1.837383 -0.241164
v 0.159724 1.837383 -0.241164
v 0.534818 1.837383 -0.051181
v 0.159724 1.837383 -0.051181
v 0.534818 1.576765 -0.051181
v 0.159724 1.576765 -0.051181
v 0.534818 1.576765 -0.241164
v 0.159724 1.576765 -0.241164
v 0.534818 1.837383 -0.051181
v 0.159724 1.837383 -0.051181
v 0.534818 1.576765 -0.051181
v 0.159724 1.576765 -0.051181
v 0.159724 1.837383 -0.241164
v 0.534818 1.837383 -0.241164
v 0.159724 1.576765 -0.241164
v 0.534818 1.576765 -0.241164
v -0.795517 1.381227 0.133687
v -0.795517 1.381227 0.041132
v -0.795517 1.291107 0.133687
v -0.795517 1.291107 0.041132
v 0.773059 1.381227 0.041132
v 0.773059 1.381227 0.133687
v 0.773059 1.291107 0.041132
v 0.773059 1.291107 0.133687
v 0.773059 1.381227 0.041132
v -0.795517 1.381227 0.041132
v 0.773059 1.381227 0.133687
v -0.795517 1.381227 0.133687
v 0.773059 1.291107 0.133687
v -0.795517 1.291107 0.133687
v 0.773059 1.291107 0.041132
v -0.795517 1.291107 0.041132
v 0.773059 1.381227 0.133687
v -0.795517 1.381227 0.133687
v 0.773059 1.291107 0.133687
v -0.795517 1.291107 0.133687
v -0.795517 1.381227 0.041132
v 0.773059 1.381227 0.041132
v -0.795517 1.291107 0.041132
v 0.773059 1.291107 0.041132
v -0.994836 0.732248 2.742572
v -0.994836 0.732248 2.624491
v -0.994836 0.469024 2.742572
v -0.994836 0.469024 2.624491
v 0.983032 0.732248 2.624491
v 0.983032 0.732248 2.742572
v 0.983032 0.469024 2.624491
v 0.983032 0.469024 2.742572
v 0.983032 0.732248 2.624491
v -0.994836 0.732248 2.624491
v 0.983032 0.732248 2.742572
v -0.994836 0.732248 2.742572
v 0.983032 0.469024 2.742572
v -0.994836 0.469024 2.742572
v 0.983032 0.469024 2.624491
v -0.994836 0.469024 2.624491
v 0.983032 0.732248 2.742572
v -0.994836 0.732248 2.742572
v 0.983032 0.469024 2.742572
v -0.994836 0.469024 2.742572
v -0.994836 0.732248 2.624491
v 0.983032 0.732248 2.624491
v -0.994836 0.469024 2.624491
v 0.983032 0.469024 2.624491
v 0.374064 0.730945 2.834544
v 0.374064 0.730945 2.717631
v 0.374064 0.470327 2.834544
v 0.374064 0.470327 2.717631
v 1.065796 0.730945 2.717631
v 1.065796 0.730945 2.834544
v 1.065796 0.470327 2.717631
v 1.065796 0.470327 2.834544
v 1.065796 0.730945 2.717631
v 0.374064 0.730945 2.717631
v 1.065796 0.730945 2.834544
v 0.374064 0.730945 2.834544
v 1.065796 0.470327 2.834544
v 0.374064 0.470327 2.834544
v 1.065796 0.470327 2.717631
v 0.374064 0.470327 2.717631
v 1.065796 0.730945 2.834544
v 0.374064 0.730945 2.834544
v 1.065796 0.470327 2.834544
v 0.374064 0.470327 2.834544
v 0.374064 0.730945 2.717631
v 1.065796 0.730945 2.717631
v 0.374064 0.470327 2.717631
v 1.065796 0.470327 2.717631
v -0.390357 0.730816 2.834442
v -0.435052 0.730816 2.726537
v -0.390357 0.470459 2.834442
v -0.435052 0.470459 2.726537
v -0.201258 0.730816 2.629697
v -0.156562 0.730816 2.737602
v -0.201258 0.470459 2.629697
v -0.156562 0.470459 2.737602
v -0.201258 0.730816 2.629697
v -0.435052 0.730816 2.726537
v -0.156562 0.730816 2.737602
v -0.390357 0.730816 2.834442
v -0.156562 0.470459 2.737602
v -0.390357 0.470459 2.834442
v -0.201258 0.470459 2.629697
v -0.435052 0.470459 2.726537
v -0.156562 0.730816 2.737602
v -0.390357 0.730816 2.834442
v -0.156562 0.470459 2.737602
v -0.390357 0.470459 2.834442
v -0.435052 0.730816 2.726537
v -0.201258 0.730816 2.629697
v -0.435052 0.470459 2.726537
v -0.201258 0.470459 2.629697
v 0.139888 0.730816 2.737602
v 0.184583 0.730816 2.629697
v 0.139888 0.470459 2.737602
v 0.184583 0.470459 2.629697
v 0.418378 0.730816 2.726537
v 0.373682 0.730816 2.834443
v 0.418378 0.470459 2.726537
v 0.373682 0.470459 2.834443
v 0.418378 0.730816 2.726537
v 0.184583 0.730816 2.629697
v 0.373682 0.730816 2.834443
v 0.139888 0.730816 2.737602
v 0.373682 0.470459 2.834443
v 0.139888 0.470459 2.737602
v 0.418378 0.470459 2.726537
v 0.184583 0.470459 2.629697
v 0.373682 0.730816 2.834443
v 0.139888 0.730816 2.737602
v 0.373682 0.470459 2.834443
v 0.139888 0.470459 2.737602
v 0.184583 0.730816 2.629697
v 0.418378 0.730816 2.726537
v 0.184583 0.470459 2.629697
v 0.418378 0.470459 2.726537
v -0.390739 0.560447 2.858901
v -0.390739 0.560447 2.741988
v -0.390739 0.470327 2.858901
v -0.390739 0.470327 2.741988
v 0.374064 0.560447 2.741988
v 0.374064 0.560447 2.858901
v 0.374064 0.470327 2.741988
v 0.374064 0.470327 2.858901
v 0.374064 0.560447 2.741988
v -0.390739 0.560447 2.741988
v 0.374064 0.560447 2.858901
v -0.390739 0.560447 2.858901
v 0.374064 0.470327 2.858901
v -0.390739 0.470327 2.858901
v 0.374064 0.470327 2.741988
v -0.390739 0.470327 2.741988
v 0.374064 0.560447 2.858901
v -0.390739 0.560447 2.858901
v 0.374064 0.470327 2.858901
v -0.390739 0.470327 2.858901
v -0.390739 0.560447 2.741988
v 0.374064 0.560447 2.741988
v -0.390739 0.470327 2.741988
v 0.374064 0.470327 2.741988
v -0.268955 0.536091 2.883257
v -0.268955 0.536091 2.839415
v -0.268955 0.275473 2.883257
v -0.268955 0.275473 2.839415
v 0.300993 0.536091 2.839415
v 0.300993 0.536091 2.883257
v 0.300993 0.275473 2.839415
v 0.300993 0.275473 2.883257
v 0.300993 0.536091 2.839415
v -0.268955 0.536091 2.839415
v 0.300993 0.536091 2.883257
v -0.268955 0.536091 2.883257
v 0.300993 0.275473 2.883257
v -0.268955 0.275473 2.883257
v 0.300993 0.275473 2.839415
v -0.268955 0.275473 2.839415
v 0.300993 0.536091 2.883257
v -0.268955 0.536091 2.883257
v 0.300993 0.275473 2.883257
v -0.268955 0.275473 2.883257
v -0.268955 0.536091 2.839415
v 0.300993 0.536091 2.839415
v -0.268955 0.275473 2.839415
v 0.300993 0.275473 2.839415
v -0.293312 0.804015 -2.816228
v -0.293312 0.804015 -2.860070
v -0.293312 0.543398 -2.816228
v -0.293312 0.543398 -2.860070
v 0.276637 0.804015 -2.860070
v 0.276637 0.804015 -2.816228
v 0.276637 0.543398 -2.860070
v 0.276637 0.543398 -2.816228
v 0.276637 0.804015 -2.860070
v -0.293312 0.804015 -2.860070
v 0.276637 0.804015 -2.816228
v -0.293312 0.804015 -2.816228
v 0.276637 0.543398 -2.816228
v -0.293312 0.543398 -2.816228
v 0.276637 0.543398 -2.860070
v -0.293312 0.543398 -2.860070
v 0.276637 0.804015 -2.816228
v -0.293312 0.804015 -2.816228
v 0.276637 0.543398 -2.816228
v -0.293312 0.543398 -2.816228
v -0.293312 0.804015 -2.860070
v 0.276637 0.804015 -2.860070
v -0.293312 0.543398 -2.860070
v 0.276637 0.543398 -2.860070
v -1.082471 0.730945 2.834544
v -1.082471 0.730945 2.717631
v -1.082471 0.470327 2.834544
v -1.082471 0.470327 2.717631
v -0.390739 0.730945 2.717631
v -0.390739 0.730945 2.834544
v -0.390739 0.470327 2.717631
v -0.390739 0.470327 2.834544
v -0.390739 0.730945 2.717631
v -1.082471 0.730945 2.717631
v -0.390739 0.730945 2.834544
v -1.082471 0.730945 2.834544
v -0.390739 0.470327 2.834544
v -1.082471 0.470327 2.834544
v -0.390739 0.470327 2.717631
v -1.082471 0.470327 2.717631
v -0.390739 0.730945 2.834544
v -1.082471 0.730945 2.834544
v -0.390739 0.470327 2.834544
v -1.082471 0.470327 2.834544
v -1.082471 0.730945 2.717631
v -0.390739 0.730945 2.717631
v -1.082471 0.470327 2.717631
v -0.390739 0.470327 2.717631
v -1.052678 0.779899 2.674225
v -1.052678 0.779899 1.801381
v -1.096531 0.674030 2.674225
v -1.096531 0.674030 1.801381
v -0.795891 0.673534 1.801381
v -0.795891 0.673534 2.674225
v -0.839743 0.567665 1.801381
v -0.839743 0.567665 2.674225
v -0.795891 0.673534 1.801381
v -1.052678 0.779899 1.801381
v -0.795891 0.673534 2.674225
v -1.052678 0.779899 2.674225
v -0.839743 0.567665 2.674225
v -1.096531 0.674030 2.674225
v -0.839743 0.567665 1.801381
v -1.096531 0.674030 1.801381
v -0.795891 0.673534 2.674225
v -1.052678 0.779899 2.674225
v -0.839743 0.567665 2.674225
v -1.096531 0.674030 2.674225
v -1.052678 0.779899 1.801381
v -0.795891 0.673534 1.801381
v -1.096531 0.674030 1.801381
v -0.839743 0.567665 1.801381
v -1.051626 0.779776 0.759858
v -1.051626 0.779776 0.034026
v -1.095434 0.674013 0.759858
v -1.095434 0.674013 0.034026
v -0.795095 0.673517 0.034026
v -0.795095 0.673517 0.759858
v -0.838903 0.567755 0.034026
v -0.838903 0.567755 0.759858
v -0.795095 0.673517 0.034026
v -1.051626 0.779776 0.034026
v -0.795095 0.673517 0.759858
v -1.051626 0.779776 0.759858
v -0.838903 0.567755 0.759858
v -1.095434 0.674013 0.759858
v -0.838903 0.567755 0.034026
v -1.095434 0.674013 0.034026
v -0.795095 0.673517 0.759858
v -1.051626 0.779776 0.759858
v -0.838903 0.567755 0.759858
v -1.095434 0.674013 0.759858
v -1.051626 0.779776 0.034026
v -0.795095 0.673517 0.034026
v -1.095434 0.674013 0.034026
v -0.838903 0.567755 0.034026
v -1.094338 1.233678 1.741875
v -1.094338 1.154036 1.549603
v -1.094338 0.845783 1.902546
v -1.094338 0.766141 1.710274
v -0.687940 1.154036 1.549603
v -0.687940 1.233678 1.741875
v -0.687940 0.766141 1.710274
v -0.687940 0.845783 1.902546
v -0.687940 1.154036 1.549603
v -1.094338 1.154036 1.549603
v -0.687940 1.233678 1.741875
v -1.094338 1.233678 1.741875
v -0.687940 0.845783 1.902546
v -1.094338 0.845783 1.902546
v -0.687940 0.766141 1.710274
v -1.094338 0.766141 1.710274
v -0.687940 1.233678 1.741875
v -1.094338 1.233678 1.741875
v -0.687940 0.845783 1.902546
v -1.094338 0.845783 1.902546
v -1.094338 1.154036 1.549603
v -0.687940 1.154036 1.549603
v -1.094338 0.766141 1.710274
v -0.687940 0.766141 1.710274
v -0.973650 0.845637 1.904815
v -0.973650 0.831161 1.869868
v -0.973650 0.727385 1.953797
v -0.973650 0.712910 1.918850
v -0.688627 0.831161 1.869868
v -0.688627 0.845637 1.904815
v -0.688627 0.712910 1.918850
v -0.688627 0.727385 1.953797
v -0.688627 0.831161 1.869868
v -0.973650 0.831161 1.869868
v -0.688627 0.845637 1.904815
v -0.973650 0.845637 1.904815
v -0.688627 0.727385 1.953797
v -0.973650 0.727385 1.953797
v -0.688627 0.712910 1.918850
v -0.973650 0.712910 1.918850
v -0.688627 0.845637 1.904815
v -0.973650 0.845637 1.904815
v -0.688627 0.727385 1.953797
v -0.973650 0.727385 1.953797
v -0.973650 0.831161 1.869868
v -0.688627 0.831161 1.869868
v -0.973650 0.712910 1.918850
v -0.688627 0.712910 1.918850
v 0.701182 0.845637 1.904815
v 0.701182 0.831161 1.869868
v 0.701182 0.727385 1.953797
v 0.701182 0.712910 1.918850
v 0.961849 0.831161 1.869868
v 0.961849 0.845637 1.904815
v 0.961849 0.712910 1.918850
v 0.961849 0.727385 1.953797
v 0.961849 0.831161 1.869868
v 0.701182 0.831161 1.869868
v 0.961849 0.845637 1.904815
v 0.701182 0.845637 1.904815
v 0.961849 0.727385 1.953797
v 0.701182 0.727385 1.953797
v 0.961849 0.712910 1.918850
v 0.701182 0.712910 1.918850
v 0.961849 0.845637 1.904815
v 0.701182 0.845637 1.904815
v 0.961849 0.727385 1.953797
v 0.701182 0.727385 1.953797
v 0.701182 0.831161 1.869868
v 0.961849 0.831161 1.869868
v 0.701182 0.712910 1.918850
v 0.961849 0.712910 1.918850
v -1.093244 0.819148 1.761396
v -1.093244 0.765904 1.708151
v -1.093244 0.727430 1.853114
v -1.093244 0.674185 1.799870
v -0.687251 0.765904 1.708151
v -0.687251 0.819148 1.761396
v -0.687251 0.674185 1.799870
v -0.687251 0.727430 1.853114
v -0.687251 0.765904 1.708151
v -1.093244 0.765904 1.708151
v -0.687251 0.819148 1.761396
v -1.093244 0.819148 1.761396
v -0.687251 0.727430 1.853114
v -1.093244 0.727430 1.853114
v -0.687251 0.674185 1.799870
v -1.093244 0.674185 1.799870
v -0.687251 0.819148 1.761396
v -1.093244 0.819148 1.761396
v -0.687251 0.727430 1.853114
v -1.093244 0.727430 1.853114
v -1.093244 0.765904 1.708151
v -0.687251 0.765904 1.708151
v -1.093244 0.674185 1.799870
v -0.687251 0.674185 1.799870
v -1.094338 1.176518 1.020532
v -1.094338 1.237538 0.873218
v -1.094338 0.766143 0.850549
v -1.094338 0.827162 0.703235
v -0.687940 1.237538 0.873218
v -0.687940 1.176518 1.020532
v -0.687940 0.827162 0.703235
v -0.687940 0.766143 0.850549
v -0.687940 1.237538 0.873218
v -1.094338 1.237538 0.873218
v -0.687940 1.176518 1.020532
v -1.094338 1.176518 1.020532
v -0.687940 0.766143 0.850549
v -1.094338 0.766143 0.850549
v -0.687940 0.827162 0.703235
v -1.094338 0.827162 0.703235
v -0.687940 1.176518 1.020532
v -1.094338 1.176518 1.020532
v -0.687940 0.766143 0.850549
v -1.094338 0.766143 0.850549
v -1.094338 1.237538 0.873218
v -0.687940 1.237538 0.873218
v -1.094338 0.827162 0.703235
v -0.687940 0.827162 0.703235
v -1.096627 1.379402 1.819402
v -1.096627 1.379402 0.837824
v -1.096627 1.094428 1.819402
v -1.096627 1.094428 0.837824
v -0.955358 1.379402 0.837824
v -0.955358 1.379402 1.819402
v -0.955358 1.094428 0.837824
v -0.955358 1.094428 1.819402
v -0.955358 1.379402 0.837824
v -1.096627 1.379402 0.837824
v -0.955358 1.379402 1.819402
v -1.096627 1.379402 1.819402
v -0.955358 1.094428 1.819402
v -1.096627 1.094428 1.819402
v -0.955358 1.094428 0.837824
v -1.096627 1.094428 0.837824
v -0.955358 1.379402 1.819402
v -1.096627 1.379402 1.819402
v -0.955358 1.094428 1.819402
v -1.096627 1.094428 1.819402
v -1.096627 1.379402 0.837824
v -0.955358 1.379402 0.837824
v -1.096627 1.094428 0.837824
v -0.955358 1.094428 0.837824
v -1.126981 1.208964 1.675313
v -1.126981 1.208964 0.887800
v -1.126981 1.094372 1.675313
v -1.126981 1.094372 0.887800
v -0.980694 1.208964 0.887800
v -0.980694 1.208964 1.675313
v -0.980694 1.094372 0.887800
v -0.980694 1.094372 1.675313
v -0.980694 1.208964 0.887800
v -1.126981 1.208964 0.887800
v -0.980694 1.208964 1.675313
v -1.126981 1.208964 1.675313
v -0.980694 1.094372 1.675313
v -1.126981 1.094372 1.675313
v -0.980694 1.094372 0.887800
v -1.126981 1.094372 0.887800
v -0.980694 1.208964 1.675313
v -1.126981 1.208964 1.675313
v -0.980694 1.094372 1.675313
v -1.126981 1.094372 1.675313
v -1.126981 1.208964 0.887800
v -0.980694 1.208964 0.887800
v -1.126981 1.094372 0.887800
v -0.980694 1.094372 0.887800
v -1.124730 1.164923 0.990944
v -1.124730 1.208688 0.885287
v -1.124730 0.776015 0.829853
v -1.124730 0.819780 0.724196
v -0.978736 1.208688 0.885287
v -0.978736 1.164923 0.990944
v -0.978736 0.819780 0.724196
v -0.978736 0.776015 0.829853
v -0.978736 1.208688 0.885287
v -1.124730 1.208688 0.885287
v -0.978736 1.164923 0.990944
v -1.124730 1.164923 0.990944
v -0.978736 0.776015 0.829853
v -1.124730 0.776015 0.829853
v -0.978736 0.819780 0.724196
v -1.124730 0.819780 0.724196
v -0.978736 1.164923 0.990944
v -1.124730 1.164923 0.990944
v -0.978736 0.776015 0.829853
v -1.124730 0.776015 0.829853
v -1.124730 1.208688 0.885287
v -0.978736 1.208688 0.885287
v -1.124730 0.819780 0.724196
v -0.978736 0.819780 0.724196
v -1.124730 1.208687 1.671227
v -1.124730 1.164922 1.565570
v -1.124730 0.797299 1.841629
v -1.124730 0.753534 1.735972
v -0.978736 1.164922 1.565570
v -0.978736 1.208687 1.671227
v -0.978736 0.753534 1.735972
v -0.978736 0.797299 1.841629
v -0.978736 1.164922 1.565570
v -1.124730 1.164922 1.565570
v -0.978736 1.208687 1.671227
v -1.124730 1.208687 1.671227
v -0.978736 0.797299 1.841629
v -1.124730 0.797299 1.841629
v -0.978736 0.753534 1.735972
v -1.124730 0.753534 1.735972
v -0.978736 1.208687 1.671227
v -1.124730 1.208687 1.671227
v -0.978736 0.797299 1.841629
v -1.124730 0.797299 1.841629
v -1.124730 1.164922 1.565570
v -0.978736 1.164922 1.565570
v -1.124730 0.753534 1.735972
v -0.978736 0.753534 1.735972
v -1.096627 1.381227 0.837598
v -1.096627 1.381227 0.041131
v -1.096627 0.851467 0.837598
v -1.096627 0.851467 0.041131
v -0.955358 1.381227 0.041131
v -0.955358 1.381227 0.837598
v -0.955358 0.851467 0.041131
v -0.955358 0.851467 0.837598
v -0.955358 1.381227 0.041131
v -1.096627 1.381227 0.041131
v -0.955358 1.381227 0.837598
v -1.096627 1.381227 0.837598
v -0.955358 0.851467 0.837598
v -1.096627 0.851467 0.837598
v -0.955358 0.851467 0.041131
v -1.096627 0.851467 0.041131
v -0.955358 1.381227 0.837598
v -1.096627 1.381227 0.837598
v -0.955358 0.851467 0.837598
v -1.096627 0.851467 0.837598
v -1.096627 1.381227 0.041131
v -0.955358 1.381227 0.041131
v -1.096627 0.851467 0.041131
v -0.955358 0.851467 0.041131
v -1.108806 1.259443 0.788884
v -1.108806 1.259443 0.552624
v -1.108806 1.021964 0.788884
v -1.108806 1.021964 0.552624
v -1.064964 1.259443 0.552624
v -1.064964 1.259443 0.788884
v -1.064964 1.021964 0.552624
v -1.064964 1.021964 0.788884
v -1.064964 1.259443 0.552624
v -1.108806 1.259443 0.552624
v -1.064964 1.259443 0.788884
v -1.108806 1.259443 0.788884
v -1.064964 1.021964 0.788884
v -1.108806 1.021964 0.788884
v -1.064964 1.021964 0.552624
v -1.108806 1.021964 0.552624
v -1.064964 1.259443 0.788884
v -1.108806 1.259443 0.788884
v -1.064964 1.021964 0.788884
v -1.108806 1.021964 0.788884
v -1.108806 1.259443 0.552624
v -1.064964 1.259443 0.552624
v -1.108806 1.021964 0.552624
v -1.064964 1.021964 0.552624
v -1.095434 1.376706 2.673789
v -1.095434 1.376706 1.804252
v -1.095434 0.674013 2.673789
v -1.095434 0.674013 1.804252
v -0.954165 1.376706 1.804252
v -0.954165 1.376706 2.673789
v -0.954165 0.674013 1.804252
v -0.954165 0.674013 2.673789
v -0.954165 1.376706 1.804252
v -1.095434 1.376706 1.804252
v -0.954165 1.376706 2.673789
v -1.095434 1.376706 2.673789
v -0.954165 0.674013 2.673789
v -1.095434 0.674013 2.673789
v -0.954165 0.674013 1.804252
v -1.095434 0.674013 1.804252
v -0.954165 1.376706 2.673789
v -1.095434 1.376706 2.673789
v -0.954165 0.674013 2.673789
v -1.095434 0.674013 2.673789
v -1.095434 1.376706 1.804252
v -0.954165 1.376706 1.804252
v -1.095434 0.674013 1.804252
v -0.954165 0.674013 1.804252
v -1.117845 1.300980 2.697518
v -1.117845 1.300980 2.584297
v -1.117845 0.822810 2.697518
v -1.117845 0.822810 2.584297
v -0.954040 1.300980 2.584297
v -0.954040 1.300980 2.697518
v -0.954040 0.822810 2.584297
v -0.954040 0.822810 2.697518
v -0.954040 1.300980 2.584297
v -1.117845 1.300980 2.584297
v -0.954040 1.300980 2.697518
v -1.117845 1.300980 2.697518
v -0.954040 0.822810 2.697518
v -1.117845 0.822810 2.697518
v -0.954040 0.822810 2.584297
v -1.117845 0.822810 2.584297
v -0.954040 1.300980 2.697518
v -1.117845 1.300980 2.697518
v -0.954040 0.822810 2.697518
v -1.117845 0.822810 2.697518
v -1.117845 1.300980 2.584297
v -0.954040 1.300980 2.584297
v -1.117845 0.822810 2.584297
v -0.954040 0.822810 2.584297
v 0.949583 1.303395 2.698090
v 0.949583 1.303395 2.583725
v 0.949583 0.820395 2.698090
v 0.949583 0.820395 2.583725
v 1.115043 1.303395 2.583725
v 1.115043 1.303395 2.698090
v 1.115043 0.820395 2.583725
v 1.115043 0.820395 2.698090
v 1.115043 1.303395 2.583725
v 0.949583 1.303395 2.583725
v 1.115043 1.303395 2.698090
v 0.949583 1.303395 2.698090
v 1.115043 0.820395 2.698090
v 0.949583 0.820395 2.698090
v 1.115043 0.820395 2.583725
v 0.949583 0.820395 2.583725
v 1.115043 1.303395 2.698090
v 0.949583 1.303395 2.698090
v 1.115043 0.820395 2.698090
v 0.949583 0.820395 2.698090
v 0.949583 1.303395 2.583725
v 1.115043 1.303395 2.583725
v 0.949583 0.820395 2.583725
v 1.115043 0.820395 2.583725
v -1.095434 0.865214 0.759858
v -1.095434 0.865214 0.036462
v -1.095434 0.674013 0.759858
v -1.095434 0.674013 0.036462
v -0.954165 0.865214 0.036462
v -0.954165 0.865214 0.759858
v -0.954165 0.674013 0.036462
v -0.954165 0.674013 0.759858
v -0.954165 0.865214 0.036462
v -1.095434 0.865214 0.036462
v -0.954165 0.865214 0.759858
v -1.095434 0.865214 0.759858
v -0.954165 0.674013 0.759858
v -1.095434 0.674013 0.759858
v -0.954165 0.674013 0.036462
v -1.095434 0.674013 0.036462
v -0.954165 0.865214 0.759858
v -1.095434 0.865214 0.759858
v -0.954165 0.674013 0.759858
v -1.095434 0.674013 0.759858
v -1.095434 0.865214 0.036462
v -0.954165 0.865214 0.036462
v -1.095434 0.674013 0.036462
v -0.954165 0.674013 0.036462
v -1.119791 0.865214 0.012105
v -1.119791 0.865214 -0.272869
v -1.119791 0.674013 0.012105
v -1.119791 0.674013 -0.272869
v -0.808024 0.865214 -0.272869
v -0.808024 0.865214 0.012105
v -0.808024 0.674013 -0.272869
v -0.808024 0.674013 0.012105
v -0.808024 0.865214 -0.272869
v -1.119791 0.865214 -0.272869
v -0.808024 0.865214 0.012105
v -1.119791 0.865214 0.012105
v -0.808024 0.674013 0.012105
v -1.119791 0.674013 0.012105
v -0.808024 0.674013 -0.272869
v -1.119791 0.674013 -0.272869
v -0.808024 0.865214 0.012105
v -1.119791 0.865214 0.012105
v -0.808024 0.674013 0.012105
v -1.119791 0.674013 0.012105
v -1.119791 0.865214 -0.272869
v -0.808024 0.865214 -0.272869
v -1.119791 0.674013 -0.272869
v -0.808024 0.674013 -0.272869
v -1.120984 1.381227 0.016775
v -1.120984 1.381227 -0.268200
v -1.120984 0.851467 0.016775
v -1.120984 0.851467 -0.268200
v -0.809218 1.381227 -0.268200
v -0.809218 1.381227 0.016775
v -0.809218 0.851467 -0.268200
v -0.809218 0.851467 0.016775
v -0.809218 1.381227 -0.268200
v -1.120984 1.381227 -0.268200
v -0.809218 1.381227 0.016775
v -1.120984 1.381227 0.016775
v -0.809218 0.851467 0.016775
v -1.120984 0.851467 0.016775
v -0.809218 0.851467 -0.268200
v -1.120984 0.851467 -0.268200
v -0.809218 1.381227 0.016775
v -1.120984 1.381227 0.016775
v -0.809218 0.851467 0.016775
v -1.120984 0.851467 0.016775
v -1.120984 1.381227 -0.268200
v -0.809218 1.381227 -0.268200
v -1.120984 0.851467 -0.268200
v -0.809218 0.851467 -0.268200
v -1.020784 1.623131 0.016774
v -1.020784 1.623131 -0.268200
v -1.120984 1.381227 0.016774
v -1.120984 1.381227 -0.268200
v -0.935274 1.587711 -0.268200
v -0.935274 1.587711 0.016774
v -1.035474 1.345807 -0.268200
v -1.035474 1.345807 0.016774
v -0.935274 1.587711 -0.268200
v -1.020784 1.623131 -0.268200
v -0.935274 1.587711 0.016774
v -1.020784 1.623131 0.016774
v -1.035474 1.345807 0.016774
v -1.120984 1.381227 0.016774
v -1.035474 1.345807 -0.268200
v -1.120984 1.381227 -0.268200
v -0.935274 1.587711 0.016774
v -1.020784 1.623131 0.016774
v -1.035474 1.345807 0.016774
v -1.120984 1.381227 0.016774
v -1.020784 1.623131 -0.268200
v -0.935274 1.587711 -0.268200
v -1.120984 1.381227 -0.268200
v -1.035474 1.345807 -0.268200
v 0.923471 1.587712 0.016774
v 0.923471 1.587712 -0.268200
v 1.023671 1.345808 0.016774
v 1.023671 1.345808 -0.268200
v 1.008982 1.623132 -0.268200
v 1.008982 1.623132 0.016774
v 1.109182 1.381227 -0.268200
v 1.109182 1.381227 0.016774
v 1.008982 1.623132 -0.268200
v 0.923471 1.587712 -0.268200
v 1.008982 1.623132 0.016774
v 0.923471 1.587712 0.016774
v 1.109182 1.381227 0.016774
v 1.023671 1.345808 0.016774
v 1.109182 1.381227 -0.268200
v 1.023671 1.345808 -0.268200
v 1.008982 1.623132 0.016774
v 0.923471 1.587712 0.016774
v 1.109182 1.381227 0.016774
v 1.023671 1.345808 0.016774
v 0.923471 1.587712 -0.268200
v 1.008982 1.623132 -0.268200
v 1.023671 1.345808 -0.268200
v 1.109182 1.381227 -0.268200
v -1.024575 2.154942 0.016916
v -1.024575 2.154942 -0.268341
v -1.024575 1.380840 0.016916
v -1.024575 1.380840 -0.268341
v -0.810021 2.154942 -0.268341
v -0.810021 2.154942 0.016916
v -0.810021 1.380840 -0.268341
v -0.810021 1.380840 0.016916
v -0.810021 2.154942 -0.268341
v -1.024575 2.154942 -0.268341
v -0.810021 2.154942 0.016916
v -1.024575 2.154942 0.016916
v -0.810021 1.380840 0.016916
v -1.024575 1.380840 0.016916
v -0.810021 1.380840 -0.268341
v -1.024575 1.380840 -0.268341
v -0.810021 2.154942 0.016916
v -1.024575 2.154942 0.016916
v -0.810021 1.380840 0.016916
v -1.024575 1.380840 0.016916
v -1.024575 2.154942 -0.268341
v -0.810021 2.154942 -0.268341
v -1.024575 1.380840 -0.268341
v -0.810021 1.380840 -0.268341
v -1.023557 2.221535 -0.031939
v -1.023557 2.221535 -0.925833
v -1.023557 2.154554 -0.031939
v -1.023557 2.154554 -0.925833
v 1.017540 2.221535 -0.925833
v 1.017540 2.221535 -0.031939
v 1.017540 2.154554 -0.925833
v 1.017540 2.154554 -0.031939
v 1.017540 2.221535 -0.925833
v -1.023557 2.221535 -0.925833
v 1.017540 2.221535 -0.031939
v -1.023557 2.221535 -0.031939
v 1.017540 2.154554 -0.031939
v -1.023557 2.154554 -0.031939
v 1.017540 2.154554 -0.925833
v -1.023557 2.154554 -0.925833
v 1.017540 2.221535 -0.031939
v -1.023557 2.221535 -0.031939
v 1.017540 2.154554 -0.031939
v -1.023557 2.154554 -0.031939
v -1.023557 2.221535 -0.925833
v 1.017540 2.221535 -0.925833
v -1.023557 2.154554 -0.925833
v 1.017540 2.154554 -0.925833
v -0.853060 2.154554 -0.543431
v -0.853060 2.154554 -0.877119
v -0.853060 2.111930 -0.543431
v -0.853060 2.111930 -0.877119
v -0.224655 2.154554 -0.877119
v -0.224655 2.154554 -0.543431
v -0.224655 2.111930 -0.877119
v -0.224655 2.111930 -0.543431
v -0.224655 2.154554 -0.877119
v -0.853060 2.154554 -0.877119
v -0.224655 2.154554 -0.543431
v -0.853060 2.154554 -0.543431
v -0.224655 2.111930 -0.543431
v -0.853060 2.111930 -0.543431
v -0.224655 2.111930 -0.877119
v -0.853060 2.111930 -0.877119
v -0.224655 2.154554 -0.543431
v -0.853060 2.154554 -0.543431
v -0.224655 2.111930 -0.543431
v -0.853060 2.111930 -0.543431
v -0.853060 2.154554 -0.877119
v -0.224655 2.154554 -0.877119
v -0.853060 2.111930 -0.877119
v -0.224655 2.111930 -0.877119
v 0.267352 2.154554 -0.543431
v 0.267352 2.154554 -0.877119
v 0.267352 2.111930 -0.543431
v 0.267352 2.111930 -0.877119
v 0.895757 2.154554 -0.877119
v 0.895757 2.154554 -0.543431
v 0.895757 2.111930 -0.877119
v 0.895757 2.111930 -0.543431
v 0.895757 2.154554 -0.877119
v 0.267352 2.154554 -0.877119
v 0.895757 2.154554 -0.543431
v 0.267352 2.154554 -0.543431
v 0.895757 2.111930 -0.543431
v 0.267352 2.111930 -0.543431
v 0.895757 2.111930 -0.877119
v 0.267352 2.111930 -0.877119
v 0.895757 2.154554 -0.543431
v 0.267352 2.154554 -0.543431
v 0.895757 2.111930 -0.543431
v 0.267352 2.111930 -0.543431
v 0.267352 2.154554 -0.877119
v 0.895757 2.154554 -0.877119
v 0.267352 2.111930 -0.877119
v 0.895757 2.111930 -0.877119
v 0.798220 2.154942 0.016916
v 0.798220 2.154942 -0.268341
v 0.798220 1.380840 0.016916
v 0.798220 1.380840 -0.268341
v 1.012774 2.154942 -0.268341
v 1.012774 2.154942 0.016916
v 1.012774 1.380840 -0.268341
v 1.012774 1.380840 0.016916
v 1.012774 2.154942 -0.268341
v 0.798220 2.154942 -0.268341
v 1.012774 2.154942 0.016916
v 0.798220 2.154942 0.016916
v 1.012774 1.380840 0.016916
v 0.798220 1.380840 0.016916
v 1.012774 1.380840 -0.268341
v 0.798220 1.380840 -0.268341
v 1.012774 2.154942 0.016916
v 0.798220 2.154942 0.016916
v 1.012774 1.380840 0.016916
v 0.798220 1.380840 0.016916
v 0.798220 2.154942 -0.268341
v 1.012774 2.154942 -0.268341
v 0.798220 1.380840 -0.268341
v 1.012774 1.380840 -0.268341
v -1.074914 0.779670 0.011340
v -1.074914 0.779670 -1.516735
v -1.118678 0.674013 0.011340
v -1.118678 0.674013 -1.516735
v -0.818639 0.673517 -1.516735
v -0.818639 0.673517 0.011340
v -0.862404 0.567860 -1.516735
v -0.862404 0.567860 0.011340
v -0.818639 0.673517 -1.516735
v -1.074914 0.779670 -1.516735
v -0.818639 0.673517 0.011340
v -1.074914 0.779670 0.011340
v -0.862404 0.567860 0.011340
v -1.118678 0.674013 0.011340
v -0.862404 0.567860 -1.516735
v -1.118678 0.674013 -1.516735
v -0.818639 0.673517 0.011340
v -1.074914 0.779670 0.011340
v -0.862404 0.567860 0.011340
v -1.118678 0.674013 0.011340
v -1.074914 0.779670 -1.516735
v -0.818639 0.673517 -1.516735
v -1.118678 0.674013 -1.516735
v -0.862404 0.567860 -1.516735
v 0.796223 0.865214 0.012105
v 0.796223 0.865214 -0.272869
v 0.796223 0.674013 0.012105
v 0.796223 0.674013 -0.272869
v 1.107989 0.865214 -0.272869
v 1.107989 0.865214 0.012105
v 1.107989 0.674013 -0.272869
v 1.107989 0.674013 0.012105
v 1.107989 0.865214 -0.272869
v 0.796223 0.865214 -0.272869
v 1.107989 0.865214 0.012105
v 0.796223 0.865214 0.012105
v 1.107989 0.674013 0.012105
v 0.796223 0.674013 0.012105
v 1.107989 0.674013 -0.272869
v 0.796223 0.674013 -0.272869
v 1.107989 0.865214 0.012105
v 0.796223 0.865214 0.012105
v 1.107989 0.674013 0.012105
v 0.796223 0.674013 0.012105
v 0.796223 0.865214 -0.272869
v 1.107989 0.865214 -0.272869
v 0.796223 0.674013 -0.272869
v 1.107989 0.674013 -0.272869
v 0.806835 0.673517 0.011340
v 0.806835 0.673517 -1.516735
v 0.850600 0.567860 0.011340
v 0.850600 0.567860 -1.516735
v 1.063110 0.779670 -1.516735
v 1.063110 0.779670 0.011340
v 1.106874 0.674013 -1.516735
v 1.106874 0.674013 0.011340
v 1.063110 0.779670 -1.516735
v 0.806835 0.673517 -1.516735
v 1.063110 0.779670 0.011340
v 0.806835 0.673517 0.011340
v 1.106874 0.674013 0.011340
v 0.850600 0.567860 0.011340
v 1.106874 0.674013 -1.516735
v 0.850600 0.567860 -1.516735
v 1.063110 0.779670 0.011340
v 0.806835 0.673517 0.011340
v 1.106874 0.674013 0.011340
v 0.850600 0.567860 0.011340
v 0.806835 0.673517 -1.516735
v 1.063110 0.779670 -1.516735
v 0.850600 0.567860 -1.516735
v 1.106874 0.674013 -1.516735
v 0.797416 1.381227 0.016775
v 0.797416 1.381227 -0.268200
v 0.797416 0.851467 0.016775
v 0.797416 0.851467 -0.268200
v 1.109183 1.381227 -0.268200
v 1.109183 1.381227 0.016775
v 1.109183 0.851467 -0.268200
v 1.109183 0.851467 0.016775
v 1.109183 1.381227 -0.268200
v 0.797416 1.381227 -0.268200
v 1.109183 1.381227 0.016775
v 0.797416 1.381227 0.016775
v 1.109183 0.851467 0.016775
v 0.797416 0.851467 0.016775
v 1.109183 0.851467 -0.268200
v 0.797416 0.851467 -0.268200
v 1.109183 1.381227 0.016775
v 0.797416 1.381227 0.016775
v 1.109183 0.851467 0.016775
v 0.797416 0.851467 0.016775
v 0.797416 1.381227 -0.268200
v 1.109183 1.381227 -0.268200
v 0.797416 0.851467 -0.268200
v 1.109183 0.851467 -0.268200
v -1.093244 0.765904 0.849285
v -1.093244 0.870716 0.744474
v -1.093244 0.674186 0.757566
v -1.093244 0.778997 0.652755
v -0.687251 0.870716 0.744474
v -0.687251 0.765904 0.849285
v -0.687251 0.778997 0.652755
v -0.687251 0.674186 0.757566
v -0.687251 0.870716 0.744474
v -1.093244 0.870716 0.744474
v -0.687251 0.765904 0.849285
v -1.093244 0.765904 0.849285
v -0.687251 0.674186 0.757566
v -1.093244 0.674186 0.757566
v -0.687251 0.778997 0.652755
v -1.093244 0.778997 0.652755
v -0.687251 0.765904 0.849285
v -1.093244 0.765904 0.849285
v -0.687251 0.674186 0.757566
v -1.093244 0.674186 0.757566
v -1.093244 0.870716 0.744474
v -0.687251 0.870716 0.744474
v -1.093244 0.778997 0.652755
v -0.687251 0.778997 0.652755
v 0.700481 1.233678 1.741875
v 0.700481 1.154036 1.549603
v 0.700481 0.845783 1.902546
v 0.700481 0.766141 1.710274
v 1.082549 1.154036 1.549603
v 1.082549 1.233678 1.741875
v 1.082549 0.766141 1.710274
v 1.082549 0.845783 1.902546
v 1.082549 1.154036 1.549603
v 0.700481 1.154036 1.549603
v 1.082549 1.233678 1.741875
v 0.700481 1.233678 1.741875
v 1.082549 0.845783 1.902546
v 0.700481 0.845783 1.902546
v 1.082549 0.766141 1.710274
v 0.700481 0.766141 1.710274
v 1.082549 1.233678 1.741875
v 0.700481 1.233678 1.741875
v 1.082549 0.845783 1.902546
v 0.700481 0.845783 1.902546
v 0.700481 1.154036 1.549603
v 1.082549 1.154036 1.549603
v 0.700481 0.766141 1.710274
v 1.082549 0.766141 1.710274
v 0.699780 0.819148 1.761396
v 0.699780 0.765904 1.708151
v 0.699780 0.727430 1.853114
v 0.699780 0.674185 1.799870
v 1.081467 0.765904 1.708151
v 1.081467 0.819148 1.761396
v 1.081467 0.674185 1.799870
v 1.081467 0.727430 1.853114
v 1.081467 0.765904 1.708151
v 0.699780 0.765904 1.708151
v 1.081467 0.819148 1.761396
v 0.699780 0.819148 1.761396
v 1.081467 0.727430 1.853114
v 0.699780 0.727430 1.853114
v 1.081467 0.674185 1.799870
v 0.699780 0.674185 1.799870
v 1.081467 0.819148 1.761396
v 0.699780 0.819148 1.761396
v 1.081467 0.727430 1.853114
v 0.699780 0.727430 1.853114
v 0.699780 0.765904 1.708151
v 1.081467 0.765904 1.708151
v 0.699780 0.674185 1.799870
v 1.081467 0.674185 1.799870
v 0.700481 1.176518 1.020532
v 0.700481 1.237538 0.873218
v 0.700481 0.766143 0.850549
v 0.700481 0.827162 0.703235
v 1.082549 1.237538 0.873218
v 1.082549 1.176518 1.020532
v 1.082549 0.827162 0.703235
v 1.082549 0.766143 0.850549
v 1.082549 1.237538 0.873218
v 0.700481 1.237538 0.873218
v 1.082549 1.176518 1.020532
v 0.700481 1.176518 1.020532
v 1.082549 0.766143 0.850549
v 0.700481 0.766143 0.850549
v 1.082549 0.827162 0.703235
v 0.700481 0.827162 0.703235
v 1.082549 1.176518 1.020532
v 0.700481 1.176518 1.020532
v 1.082549 0.766143 0.850549
v 0.700481 0.766143 0.850549
v 0.700481 1.237538 0.873218
v 1.082549 1.237538 0.873218
v 0.700481 0.827162 0.703235
v 1.082549 0.827162 0.703235
v 0.943557 1.379402 1.819402
v 0.943557 1.379402 0.837824
v 0.943557 1.094428 1.819402
v 0.943557 1.094428 0.837824
v 1.084826 1.379402 0.837824
v 1.084826 1.379402 1.819402
v 1.084826 1.094428 0.837824
v 1.084826 1.094428 1.819402
v 1.084826 1.379402 0.837824
v 0.943557 1.379402 0.837824
v 1.084826 1.379402 1.819402
v 0.943557 1.379402 1.819402
v 1.084826 1.094428 1.819402
v 0.943557 1.094428 1.819402
v 1.084826 1.094428 0.837824
v 0.943557 1.094428 0.837824
v 1.084826 1.379402 1.819402
v 0.943557 1.379402 1.819402
v 1.084826 1.094428 1.819402
v 0.943557 1.094428 1.819402
v 0.943557 1.379402 0.837824
v 1.084826 1.379402 0.837824
v 0.943557 1.094428 0.837824
v 1.084826 1.094428 0.837824
v 0.701182 1.233922 1.743982
v 0.701182 1.233922 0.859831
v 0.701182 1.143802 1.743982
v 0.701182 1.143802 0.859831
v 0.964236 1.233922 0.859831
v 0.964236 1.233922 1.743982
v 0.964236 1.143802 0.859831
v 0.964236 1.143802 1.743982
v 0.964236 1.233922 0.859831
v 0.701182 1.233922 0.859831
v 0.964236 1.233922 1.743982
v 0.701182 1.233922 1.743982
v 0.964236 1.143802 1.743982
v 0.701182 1.143802 1.743982
v 0.964236 1.143802 0.859831
v 0.701182 1.143802 0.859831
v 0.964236 1.233922 1.743982
v 0.701182 1.233922 1.743982
v 0.964236 1.143802 1.743982
v 0.701182 1.143802 1.743982
v 0.701182 1.233922 0.859831
v 0.964236 1.233922 0.859831
v 0.701182 1.143802 0.859831
v 0.964236 1.143802 0.859831
v -1.000394 1.233922 1.743982
v -1.000394 1.233922 0.859831
v -1.000394 1.143802 1.743982
v -1.000394 1.143802 0.859831
v -0.688627 1.233922 0.859831
v -0.688627 1.233922 1.743982
v -0.688627 1.143802 0.859831
v -0.688627 1.143802 1.743982
v -0.688627 1.233922 0.859831
v -1.000394 1.233922 0.859831
v -0.688627 1.233922 1.743982
v -1.000394 1.233922 1.743982
v -0.688627 1.143802 1.743982
v -1.000394 1.143802 1.743982
v -0.688627 1.143802 0.859831
v -1.000394 1.143802 0.859831
v -0.688627 1.233922 1.743982
v -1.000394 1.233922 1.743982
v -0.688627 1.143802 1.743982
v -1.000394 1.143802 1.743982
v -1.000394 1.233922 0.859831
v -0.688627 1.233922 0.859831
v -1.000394 1.143802 0.859831
v -0.688627 1.143802 0.859831
v -1.094338 0.819207 -1.545661
v -1.094338 0.765909 -1.598959
v -1.094338 0.727397 -1.453851
v -1.094338 0.674099 -1.507149
v -0.687938 0.765909 -1.598959
v -0.687938 0.819207 -1.545661
v -0.687938 0.674099 -1.507149
v -0.687938 0.727397 -1.453851
v -0.687938 0.765909 -1.598959
v -1.094338 0.765909 -1.598959
v -0.687938 0.819207 -1.545661
v -1.094338 0.819207 -1.545661
v -0.687938 0.727397 -1.453851
v -1.094338 0.727397 -1.453851
v -0.687938 0.674099 -1.507149
v -1.094338 0.674099 -1.507149
v -0.687938 0.819207 -1.545661
v -1.094338 0.819207 -1.545661
v -0.687938 0.727397 -1.453851
v -1.094338 0.727397 -1.453851
v -1.094338 0.765909 -1.598959
v -0.687938 0.765909 -1.598959
v -1.094338 0.674099 -1.507149
v -0.687938 0.674099 -1.507149
v -1.096627 1.281975 -1.493119
v -1.096627 1.281975 -2.474697
v -1.096627 1.094428 -1.493119
v -1.096627 1.094428 -2.474697
v -0.955358 1.281975 -2.474697
v -0.955358 1.281975 -1.493119
v -0.955358 1.094428 -2.474697
v -0.955358 1.094428 -1.493119
v -0.955358 1.281975 -2.474697
v -1.096627 1.281975 -2.474697
v -0.955358 1.281975 -1.493119
v -1.096627 1.281975 -1.493119
v -0.955358 1.094428 -1.493119
v -1.096627 1.094428 -1.493119
v -0.955358 1.094428 -2.474697
v -1.096627 1.094428 -2.474697
v -0.955358 1.281975 -1.493119
v -1.096627 1.281975 -1.493119
v -0.955358 1.094428 -1.493119
v -1.096627 1.094428 -1.493119
v -1.096627 1.281975 -2.474697
v -0.955358 1.281975 -2.474697
v -1.096627 1.094428 -2.474697
v -0.955358 1.094428 -2.474697
v -1.126981 1.208964 -1.640524
v -1.126981 1.208964 -2.428034
v -1.126981 1.094372 -1.640524
v -1.126981 1.094372 -2.428034
v -0.980694 1.208964 -2.428034
v -0.980694 1.208964 -1.640524
v -0.980694 1.094372 -2.428034
v -0.980694 1.094372 -1.640524
v -0.980694 1.208964 -2.428034
v -1.126981 1.208964 -2.428034
v -0.980694 1.208964 -1.640524
v -1.126981 1.208964 -1.640524
v -0.980694 1.094372 -1.640524
v -1.126981 1.094372 -1.640524
v -0.980694 1.094372 -2.428034
v -1.126981 1.094372 -2.428034
v -0.980694 1.208964 -1.640524
v -1.126981 1.208964 -1.640524
v -0.980694 1.094372 -1.640524
v -1.126981 1.094372 -1.640524
v -1.126981 1.208964 -2.428034
v -0.980694 1.208964 -2.428034
v -1.126981 1.094372 -2.428034
v -0.980694 1.094372 -2.428034
v -1.124730 1.164923 -2.318265
v -1.124730 1.208688 -2.423922
v -1.124730 0.776015 -2.479355
v -1.124730 0.819780 -2.585012
v -0.978736 1.208688 -2.423922
v -0.978736 1.164923 -2.318265
v -0.978736 0.819780 -2.585012
v -0.978736 0.776015 -2.479355
v -0.978736 1.208688 -2.423922
v -1.124730 1.208688 -2.423922
v -0.978736 1.164923 -2.318265
v -1.124730 1.164923 -2.318265
v -0.978736 0.776015 -2.479355
v -1.124730 0.776015 -2.479355
v -0.978736 0.819780 -2.585012
v -1.124730 0.819780 -2.585012
v -0.978736 1.164923 -2.318265
v -1.124730 1.164923 -2.318265
v -0.978736 0.776015 -2.479355
v -1.124730 0.776015 -2.479355
v -1.124730 1.208688 -2.423922
v -0.978736 1.208688 -2.423922
v -1.124730 0.819780 -2.585012
v -0.978736 0.819780 -2.585012
v -1.124730 1.208687 -1.637982
v -1.124730 1.164922 -1.743639
v -1.124730 0.797299 -1.467579
v -1.124730 0.753534 -1.573236
v -0.978736 1.164922 -1.743639
v -0.978736 1.208687 -1.637982
v -0.978736 0.753534 -1.573236
v -0.978736 0.797299 -1.467579
v -0.978736 1.164922 -1.743639
v -1.124730 1.164922 -1.743639
v -0.978736 1.208687 -1.637982
v -1.124730 1.208687 -1.637982
v -0.978736 0.797299 -1.467579
v -1.124730 0.797299 -1.467579
v -0.978736 0.753534 -1.573236
v -1.124730 0.753534 -1.573236
v -0.978736 1.208687 -1.637982
v -1.124730 1.208687 -1.637982
v -0.978736 0.797299 -1.467579
v -1.124730 0.797299 -1.467579
v -1.124730 1.164922 -1.743639
v -0.978736 1.164922 -1.743639
v -1.124730 0.753534 -1.573236
v -0.978736 0.753534 -1.573236
v -0.712329 1.283800 -2.721731
v -0.712329 1.283800 -2.811851
v -0.712329 1.241175 -2.721731
v -0.712329 1.241175 -2.811851
v 0.712542 1.283800 -2.811851
v 0.712542 1.283800 -2.721731
v 0.712542 1.241175 -2.811851
v 0.712542 1.241175 -2.721731
v 0.712542 1.283800 -2.811851
v -0.712329 1.283800 -2.811851
v 0.712542 1.283800 -2.721731
v -0.712329 1.283800 -2.721731
v 0.712542 1.241175 -2.721731
v -0.712329 1.241175 -2.721731
v 0.712542 1.241175 -2.811851
v -0.712329 1.241175 -2.811851
v 0.712542 1.283800 -2.721731
v -0.712329 1.283800 -2.721731
v 0.712542 1.241175 -2.721731
v -0.712329 1.241175 -2.721731
v -0.712329 1.283800 -2.811851
v 0.712542 1.283800 -2.811851
v -0.712329 1.241175 -2.811851
v 0.712542 1.241175 -2.811851
v -0.712329 1.186373 -2.721731
v -0.712329 1.186373 -2.811851
v -0.712329 1.143748 -2.721731
v -0.712329 1.143748 -2.811851
v 0.712542 1.186373 -2.811851
v 0.712542 1.186373 -2.721731
v 0.712542 1.143748 -2.811851
v 0.712542 1.143748 -2.721731
v 0.712542 1.186373 -2.811851
v -0.712329 1.186373 -2.811851
v 0.712542 1.186373 -2.721731
v -0.712329 1.186373 -2.721731
v 0.712542 1.143748 -2.721731
v -0.712329 1.143748 -2.721731
v 0.712542 1.143748 -2.811851
v -0.712329 1.143748 -2.811851
v 0.712542 1.186373 -2.721731
v -0.712329 1.186373 -2.721731
v 0.712542 1.143748 -2.721731
v -0.712329 1.143748 -2.721731
v -0.712329 1.186373 -2.811851
v 0.712542 1.186373 -2.811851
v -0.712329 1.143748 -2.811851
v 0.712542 1.143748 -2.811851
v 0.376029 1.256094 -2.746502
v 0.376029 1.256094 -2.787080
v 0.376029 0.927886 -2.746502
v 0.376029 0.927886 -2.787080
v 0.433316 1.256094 -2.787080
v 0.433316 1.256094 -2.746502
v 0.433316 0.927886 -2.787080
v 0.433316 0.927886 -2.746502
v 0.433316 1.256094 -2.787080
v 0.376029 1.256094 -2.787080
v 0.433316 1.256094 -2.746502
v 0.376029 1.256094 -2.746502
v 0.433316 0.927886 -2.746502
v 0.376029 0.927886 -2.746502
v 0.433316 0.927886 -2.787080
v 0.376029 0.927886 -2.787080
v 0.433316 1.256094 -2.746502
v 0.376029 1.256094 -2.746502
v 0.433316 0.927886 -2.746502
v 0.376029 0.927886 -2.746502
v 0.376029 1.256094 -2.787080
v 0.433316 1.256094 -2.787080
v 0.376029 0.927886 -2.787080
v 0.433316 0.927886 -2.787080
v -0.435538 1.256094 -2.746502
v -0.435538 1.256094 -2.787080
v -0.435538 0.927886 -2.746502
v -0.435538 0.927886 -2.787080
v -0.378251 1.256094 -2.787080
v -0.378251 1.256094 -2.746502
v -0.378251 0.927886 -2.787080
v -0.378251 0.927886 -2.746502
v -0.378251 1.256094 -2.787080
v -0.435538 1.256094 -2.787080
v -0.378251 1.256094 -2.746502
v -0.435538 1.256094 -2.746502
v -0.378251 0.927886 -2.746502
v -0.435538 0.927886 -2.746502
v -0.378251 0.927886 -2.787080
v -0.435538 0.927886 -2.787080
v -0.378251 1.256094 -2.746502
v -0.435538 1.256094 -2.746502
v -0.378251 0.927886 -2.746502
v -0.435538 0.927886 -2.746502
v -0.435538 1.256094 -2.787080
v -0.378251 1.256094 -2.787080
v -0.435538 0.927886 -2.787080
v -0.378251 0.927886 -2.787080
v -0.220712 1.256094 -2.746502
v -0.220712 1.256094 -2.787080
v -0.220712 0.927886 -2.746502
v -0.220712 0.927886 -2.787080
v -0.163425 1.256094 -2.787080
v -0.163425 1.256094 -2.746502
v -0.163425 0.927886 -2.787080
v -0.163425 0.927886 -2.746502
v -0.163425 1.256094 -2.787080
v -0.220712 1.256094 -2.787080
v -0.163425 1.256094 -2.746502
v -0.220712 1.256094 -2.746502
v -0.163425 0.927886 -2.746502
v -0.220712 0.927886 -2.746502
v -0.163425 0.927886 -2.787080
v -0.220712 0.927886 -2.787080
v -0.163425 1.256094 -2.746502
v -0.220712 1.256094 -2.746502
v -0.163425 0.927886 -2.746502
v -0.220712 0.927886 -2.746502
v -0.220712 1.256094 -2.787080
v -0.163425 1.256094 -2.787080
v -0.220712 0.927886 -2.787080
v -0.163425 0.927886 -2.787080
v 0.185072 1.256094 -2.746502
v 0.185072 1.256094 -2.787080
v 0.185072 0.927886 -2.746502
v 0.185072 0.927886 -2.787080
v 0.242359 1.256094 -2.787080
v 0.242359 1.256094 -2.746502
v 0.242359 0.927886 -2.787080
v 0.242359 0.927886 -2.746502
v 0.242359 1.256094 -2.787080
v 0.185072 1.256094 -2.787080
v 0.242359 1.256094 -2.746502
v 0.185072 1.256094 -2.746502
v 0.242359 0.927886 -2.746502
v 0.185072 0.927886 -2.746502
v 0.242359 0.927886 -2.787080
v 0.185072 0.927886 -2.787080
v 0.242359 1.256094 -2.746502
v 0.185072 1.256094 -2.746502
v 0.242359 0.927886 -2.746502
v 0.185072 0.927886 -2.746502
v 0.185072 1.256094 -2.787080
v 0.242359 1.256094 -2.787080
v 0.185072 0.927886 -2.787080
v 0.242359 0.927886 -2.787080
v -0.029755 1.256094 -2.746502
v -0.029755 1.256094 -2.787080
v -0.029755 0.927886 -2.746502
v -0.029755 0.927886 -2.787080
v 0.027533 1.256094 -2.787080
v 0.027533 1.256094 -2.746502
v 0.027533 0.927886 -2.787080
v 0.027533 0.927886 -2.746502
v 0.027533 1.256094 -2.787080
v -0.029755 1.256094 -2.787080
v 0.027533 1.256094 -2.746502
v -0.029755 1.256094 -2.746502
v 0.027533 0.927886 -2.746502
v -0.029755 0.927886 -2.746502
v 0.027533 0.927886 -2.787080
v -0.029755 0.927886 -2.787080
v 0.027533 1.256094 -2.746502
v -0.029755 1.256094 -2.746502
v 0.027533 0.927886 -2.746502
v -0.029755 0.927886 -2.746502
v -0.029755 1.256094 -2.787080
v 0.027533 1.256094 -2.787080
v -0.029755 0.927886 -2.787080
v 0.027533 0.927886 -2.787080
v -0.712329 1.088946 -2.721731
v -0.712329 1.088946 -2.811851
v -0.712329 1.046321 -2.721731
v -0.712329 1.046321 -2.811851
v 0.712542 1.088946 -2.811851
v 0.712542 1.088946 -2.721731
v 0.712542 1.046321 -2.811851
v 0.712542 1.046321 -2.721731
v 0.712542 1.088946 -2.811851
v -0.712329 1.088946 -2.811851
v 0.712542 1.088946 -2.721731
v -0.712329 1.088946 -2.721731
v 0.712542 1.046321 -2.721731
v -0.712329 1.046321 -2.721731
v 0.712542 1.046321 -2.811851
v -0.712329 1.046321 -2.811851
v 0.712542 1.088946 -2.721731
v -0.712329 1.088946 -2.721731
v 0.712542 1.046321 -2.721731
v -0.712329 1.046321 -2.721731
v -0.712329 1.088946 -2.811851
v 0.712542 1.088946 -2.811851
v -0.712329 1.046321 -2.811851
v 0.712542 1.046321 -2.811851
v -0.712329 1.015875 -2.721731
v -0.712329 1.015875 -2.811851
v -0.712329 0.973251 -2.721731
v -0.712329 0.973251 -2.811851
v 0.712542 1.015875 -2.811851
v 0.712542 1.015875 -2.721731
v 0.712542 0.973251 -2.811851
v 0.712542 0.973251 -2.721731
v 0.712542 1.015875 -2.811851
v -0.712329 1.015875 -2.811851
v 0.712542 1.015875 -2.721731
v -0.712329 1.015875 -2.721731
v 0.712542 0.973251 -2.721731
v -0.712329 0.973251 -2.721731
v 0.712542 0.973251 -2.811851
v -0.712329 0.973251 -2.811851
v 0.712542 1.015875 -2.721731
v -0.712329 1.015875 -2.721731
v 0.712542 0.973251 -2.721731
v -0.712329 0.973251 -2.721731
v -0.712329 1.015875 -2.811851
v 0.712542 1.015875 -2.811851
v -0.712329 0.973251 -2.811851
v 0.712542 0.973251 -2.811851
v 0.713037 1.283800 -2.657982
v 0.713037 1.283800 -2.821172
v 0.713037 0.851467 -2.657982
v 0.713037 0.851467 -2.821172
v 0.829949 1.283800 -2.821172
v 0.829949 1.283800 -2.657982
v 0.829949 0.851467 -2.821172
v 0.829949 0.851467 -2.657982
v 0.829949 1.283800 -2.821172
v 0.713037 1.283800 -2.821172
v 0.829949 1.283800 -2.657982
v 0.713037 1.283800 -2.657982
v 0.829949 0.851467 -2.657982
v 0.713037 0.851467 -2.657982
v 0.829949 0.851467 -2.821172
v 0.713037 0.851467 -2.821172
v 0.829949 1.283800 -2.657982
v 0.713037 1.283800 -2.657982
v 0.829949 0.851467 -2.657982
v 0.713037 0.851467 -2.657982
v 0.713037 1.283800 -2.821172
v 0.829949 1.283800 -2.821172
v 0.713037 0.851467 -2.821172
v 0.829949 0.851467 -2.821172
v -0.831095 1.283800 -2.657982
v -0.831095 1.283800 -2.821172
v -0.831095 0.851467 -2.657982
v -0.831095 0.851467 -2.821172
v -0.714182 1.283800 -2.821172
v -0.714182 1.283800 -2.657982
v -0.714182 0.851467 -2.821172
v -0.714182 0.851467 -2.657982
v -0.714182 1.283800 -2.821172
v -0.831095 1.283800 -2.821172
v -0.714182 1.283800 -2.657982
v -0.831095 1.283800 -2.657982
v -0.714182 0.851467 -2.657982
v -0.831095 0.851467 -2.657982
v -0.714182 0.851467 -2.821172
v -0.831095 0.851467 -2.821172
v -0.714182 1.283800 -2.657982
v -0.831095 1.283800 -2.657982
v -0.714182 0.851467 -2.657982
v -0.831095 0.851467 -2.657982
v -0.831095 1.283800 -2.821172
v -0.714182 1.283800 -2.821172
v -0.831095 0.851467 -2.821172
v -0.714182 0.851467 -2.821172
v -1.095434 1.279279 -1.198938
v -1.095434 1.279279 -1.508269
v -1.095434 0.674013 -1.198938
v -1.095434 0.674013 -1.508269
v -0.954165 1.279279 -1.508269
v -0.954165 1.279279 -1.198938
v -0.954165 0.674013 -1.508269
v -0.954165 0.674013 -1.198938
v -0.954165 1.279279 -1.508269
v -1.095434 1.279279 -1.508269
v -0.954165 1.279279 -1.198938
v -1.095434 1.279279 -1.198938
v -0.954165 0.674013 -1.198938
v -1.095434 0.674013 -1.198938
v -0.954165 0.674013 -1.508269
v -1.095434 0.674013 -1.508269
v -0.954165 1.279279 -1.198938
v -1.095434 1.279279 -1.198938
v -0.954165 0.674013 -1.198938
v -1.095434 0.674013 -1.198938
v -1.095434 1.279279 -1.508269
v -0.954165 1.279279 -1.508269
v -1.095434 0.674013 -1.508269
v -0.954165 0.674013 -1.508269
v -1.095434 0.865214 -2.552663
v -1.095434 0.865214 -2.715853
v -1.095434 0.674013 -2.552663
v -1.095434 0.674013 -2.715853
v -0.808024 0.865214 -2.715853
v -0.808024 0.865214 -2.552663
v -0.808024 0.674013 -2.715853
v -0.808024 0.674013 -2.552663
v -0.808024 0.865214 -2.715853
v -1.095434 0.865214 -2.715853
v -0.808024 0.865214 -2.552663
v -1.095434 0.865214 -2.552663
v -0.808024 0.674013 -2.552663
v -1.095434 0.674013 -2.552663
v -0.808024 0.674013 -2.715853
v -1.095434 0.674013 -2.715853
v -0.808024 0.865214 -2.552663
v -1.095434 0.865214 -2.552663
v -0.808024 0.674013 -2.552663
v -1.095434 0.674013 -2.552663
v -1.095434 0.865214 -2.715853
v -0.808024 0.865214 -2.715853
v -1.095434 0.674013 -2.715853
v -0.808024 0.674013 -2.715853
v -1.094338 0.765912 -2.458689
v -1.094338 0.870826 -2.563604
v -1.094338 0.674102 -2.550499
v -1.094338 0.779016 -2.655414
v -0.687938 0.870826 -2.563604
v -0.687938 0.765912 -2.458689
v -0.687938 0.779016 -2.655414
v -0.687938 0.674102 -2.550499
v -0.687938 0.870826 -2.563604
v -1.094338 0.870826 -2.563604
v -0.687938 0.765912 -2.458689
v -1.094338 0.765912 -2.458689
v -0.687938 0.674102 -2.550499
v -1.094338 0.674102 -2.550499
v -0.687938 0.779016 -2.655414
v -1.094338 0.779016 -2.655414
v -0.687938 0.765912 -2.458689
v -1.094338 0.765912 -2.458689
v -0.687938 0.674102 -2.550499
v -1.094338 0.674102 -2.550499
v -1.094338 0.870826 -2.563604
v -0.687938 0.870826 -2.563604
v -1.094338 0.779016 -2.655414
v -0.687938 0.779016 -2.655414
v -1.094338 1.176518 -2.288677
v -1.094338 1.237538 -2.435991
v -1.094338 0.766143 -2.458660
v -1.094338 0.827162 -2.605974
v -0.687940 1.237538 -2.435991
v -0.687940 1.176518 -2.288677
v -0.687940 0.827162 -2.605974
v -0.687940 0.766143 -2.458660
v -0.687940 1.237538 -2.435991
v -1.094338 1.237538 -2.435991
v -0.687940 1.176518 -2.288677
v -1.094338 1.176518 -2.288677
v -0.687940 0.766143 -2.458660
v -1.094338 0.766143 -2.458660
v -0.687940 0.827162 -2.605974
v -1.094338 0.827162 -2.605974
v -0.687940 1.176518 -2.288677
v -1.094338 1.176518 -2.288677
v -0.687940 0.766143 -2.458660
v -1.094338 0.766143 -2.458660
v -1.094338 1.237538 -2.435991
v -0.687940 1.237538 -2.435991
v -1.094338 0.827162 -2.605974
v -0.687940 0.827162 -2.605974
v -1.094338 1.233678 -1.567334
v -1.094338 1.154036 -1.759606
v -1.094338 0.845783 -1.406662
v -1.094338 0.766141 -1.598935
v -0.687940 1.154036 -1.759606
v -0.687940 1.233678 -1.567334
v -0.687940 0.766141 -1.598935
v -0.687940 0.845783 -1.406662
v -0.687940 1.154036 -1.759606
v -1.094338 1.154036 -1.759606
v -0.687940 1.233678 -1.567334
v -1.094338 1.233678 -1.567334
v -0.687940 0.845783 -1.406662
v -1.094338 0.845783 -1.406662
v -0.687940 0.766141 -1.598935
v -1.094338 0.766141 -1.598935
v -0.687940 1.233678 -1.567334
v -1.094338 1.233678 -1.567334
v -0.687940 0.845783 -1.406662
v -1.094338 0.845783 -1.406662
v -1.094338 1.154036 -1.759606
v -0.687940 1.154036 -1.759606
v -1.094338 0.766141 -1.598935
v -0.687940 0.766141 -1.598935
v -1.000394 1.233922 -1.568540
v -1.000394 1.233922 -2.452691
v -1.000394 1.143802 -1.568540
v -1.000394 1.143802 -2.452691
v -0.688627 1.233922 -2.452691
v -0.688627 1.233922 -1.568540
v -0.688627 1.143802 -2.452691
v -0.688627 1.143802 -1.568540
v -0.688627 1.233922 -2.452691
v -1.000394 1.233922 -2.452691
v -0.688627 1.233922 -1.568540
v -1.000394 1.233922 -1.568540
v -0.688627 1.143802 -1.568540
v -1.000394 1.143802 -1.568540
v -0.688627 1.143802 -2.452691
v -1.000394 1.143802 -2.452691
v -0.688627 1.233922 -1.568540
v -1.000394 1.233922 -1.568540
v -0.688627 1.143802 -1.568540
v -1.000394 1.143802 -1.568540
v -1.000394 1.233922 -2.452691
v -0.688627 1.233922 -2.452691
v -1.000394 1.143802 -2.452691
v -0.688627 1.143802 -2.452691
v 0.687482 1.233922 -1.568540
v 0.687482 1.233922 -2.452691
v 0.687482 1.143802 -1.568540
v 0.687482 1.143802 -2.452691
v 0.999248 1.233922 -2.452691
v 0.999248 1.233922 -1.568540
v 0.999248 1.143802 -2.452691
v 0.999248 1.143802 -1.568540
v 0.999248 1.233922 -2.452691
v 0.687482 1.233922 -2.452691
v 0.999248 1.233922 -1.568540
v 0.687482 1.233922 -1.568540
v 0.999248 1.143802 -1.568540
v 0.687482 1.143802 -1.568540
v 0.999248 1.143802 -2.452691
v 0.687482 1.143802 -2.452691
v 0.999248 1.233922 -1.568540
v 0.687482 1.233922 -1.568540
v 0.999248 1.143802 -1.568540
v 0.687482 1.143802 -1.568540
v 0.687482 1.233922 -2.452691
v 0.999248 1.233922 -2.452691
v 0.687482 1.143802 -2.452691
v 0.999248 1.143802 -2.452691
v 0.686795 1.233678 -1.567334
v 0.686795 1.154036 -1.759606
v 0.686795 0.845783 -1.406662
v 0.686795 0.766141 -1.598935
v 1.093193 1.154036 -1.759606
v 1.093193 1.233678 -1.567334
v 1.093193 0.766141 -1.598935
v 1.093193 0.845783 -1.406662
v 1.093193 1.154036 -1.759606
v 0.686795 1.154036 -1.759606
v 1.093193 1.233678 -1.567334
v 0.686795 1.233678 -1.567334
v 1.093193 0.845783 -1.406662
v 0.686795 0.845783 -1.406662
v 1.093193 0.766141 -1.598935
v 0.686795 0.766141 -1.598935
v 1.093193 1.233678 -1.567334
v 0.686795 1.233678 -1.567334
v 1.093193 0.845783 -1.406662
v 0.686795 0.845783 -1.406662
v 0.686795 1.154036 -1.759606
v 1.093193 1.154036 -1.759606
v 0.686795 0.766141 -1.598935
v 1.093193 0.766141 -1.598935
v 0.686795 1.176518 -2.288677
v 0.686795 1.237538 -2.435991
v 0.686795 0.766143 -2.458660
v 0.686795 0.827162 -2.605974
v 1.093193 1.237538 -2.435991
v 1.093193 1.176518 -2.288677
v 1.093193 0.827162 -2.605974
v 1.093193 0.766143 -2.458660
v 1.093193 1.237538 -2.435991
v 0.686795 1.237538 -2.435991
v 1.093193 1.176518 -2.288677
v 0.686795 1.176518 -2.288677
v 1.093193 0.766143 -2.458660
v 0.686795 0.766143 -2.458660
v 1.093193 0.827162 -2.605974
v 0.686795 0.827162 -2.605974
v 1.093193 1.176518 -2.288677
v 0.686795 1.176518 -2.288677
v 1.093193 0.766143 -2.458660
v 0.686795 0.766143 -2.458660
v 0.686795 1.237538 -2.435991
v 1.093193 1.237538 -2.435991
v 0.686795 0.827162 -2.605974
v 1.093193 0.827162 -2.605974
v 0.686108 0.765906 -2.456615
v 0.686108 0.870716 -2.561425
v 0.686108 0.674188 -2.548334
v 0.686108 0.778997 -2.653144
v 1.092101 0.870716 -2.561425
v 1.092101 0.765906 -2.456615
v 1.092101 0.778997 -2.653144
v 1.092101 0.674188 -2.548334
v 1.092101 0.870716 -2.561425
v 0.686108 0.870716 -2.561425
v 1.092101 0.765906 -2.456615
v 0.686108 0.765906 -2.456615
v 1.092101 0.674188 -2.548334
v 0.686108 0.674188 -2.548334
v 1.092101 0.778997 -2.653144
v 0.686108 0.778997 -2.653144
v 1.092101 0.765906 -2.456615
v 0.686108 0.765906 -2.456615
v 1.092101 0.674188 -2.548334
v 0.686108 0.674188 -2.548334
v 0.686108 0.870716 -2.561425
v 1.092101 0.870716 -2.561425
v 0.686108 0.778997 -2.653144
v 1.092101 0.778997 -2.653144
v 0.758165 0.865214 -2.552663
v 0.758165 0.865214 -2.715853
v 0.758165 0.674013 -2.552663
v 0.758165 0.674013 -2.715853
v 1.094288 0.865214 -2.715853
v 1.094288 0.865214 -2.552663
v 1.094288 0.674013 -2.715853
v 1.094288 0.674013 -2.552663
v 1.094288 0.865214 -2.715853
v 0.758165 0.865214 -2.715853
v 1.094288 0.865214 -2.552663
v 0.758165 0.865214 -2.552663
v 1.094288 0.674013 -2.552663
v 0.758165 0.674013 -2.552663
v 1.094288 0.674013 -2.715853
v 0.758165 0.674013 -2.715853
v 1.094288 0.865214 -2.552663
v 0.758165 0.865214 -2.552663
v 1.094288 0.674013 -2.552663
v 0.758165 0.674013 -2.552663
v 0.758165 0.865214 -2.715853
v 1.094288 0.865214 -2.715853
v 0.758165 0.674013 -2.715853
v 1.094288 0.674013 -2.715853
v 0.953019 1.279279 -1.198938
v 0.953019 1.279279 -1.508269
v 0.953019 0.674013 -1.198938
v 0.953019 0.674013 -1.508269
v 1.094288 1.279279 -1.508269
v 1.094288 1.279279 -1.198938
v 1.094288 0.674013 -1.508269
v 1.094288 0.674013 -1.198938
v 1.094288 1.279279 -1.508269
v 0.953019 1.279279 -1.508269
v 1.094288 1.279279 -1.198938
v 0.953019 1.279279 -1.198938
v 1.094288 0.674013 -1.198938
v 0.953019 0.674013 -1.198938
v 1.094288 0.674013 -1.508269
v 0.953019 0.674013 -1.508269
v 1.094288 1.279279 -1.198938
v 0.953019 1.279279 -1.198938
v 1.094288 0.674013 -1.198938
v 0.953019 0.674013 -1.198938
v 0.953019 1.279279 -1.508269
v 1.094288 1.279279 -1.508269
v 0.953019 0.674013 -1.508269
v 1.094288 0.674013 -1.508269
v 0.977591 1.208687 -1.637982
v 0.977591 1.164922 -1.743639
v 0.977591 0.797299 -1.467579
v 0.977591 0.753534 -1.573236
v 1.123585 1.164922 -1.743639
v 1.123585 1.208687 -1.637982
v 1.123585 0.753534 -1.573236
v 1.123585 0.797299 -1.467579
v 1.123585 1.164922 -1.743639
v 0.977591 1.164922 -1.743639
v 1.123585 1.208687 -1.637982
v 0.977591 1.208687 -1.637982
v 1.123585 0.797299 -1.467579
v 0.977591 0.797299 -1.467579
v 1.123585 0.753534 -1.573236
v 0.977591 0.753534 -1.573236
v 1.123585 1.208687 -1.637982
v 0.977591 1.208687 -1.637982
v 1.123585 0.797299 -1.467579
v 0.977591 0.797299 -1.467579
v 0.977591 1.164922 -1.743639
v 1.123585 1.164922 -1.743639
v 0.977591 0.753534 -1.573236
v 1.123585 0.753534 -1.573236
v 0.977591 1.164923 -2.318265
v 0.977591 1.208688 -2.423922
v 0.977591 0.776015 -2.479355
v 0.977591 0.819780 -2.585012
v 1.123585 1.208688 -2.423922
v 1.123585 1.164923 -2.318265
v 1.123585 0.819780 -2.585012
v 1.123585 0.776015 -2.479355
v 1.123585 1.208688 -2.423922
v 0.977591 1.208688 -2.423922
v 1.123585 1.164923 -2.318265
v 0.977591 1.164923 -2.318265
v 1.123585 0.776015 -2.479355
v 0.977591 0.776015 -2.479355
v 1.123585 0.819780 -2.585012
v 0.977591 0.819780 -2.585012
v 1.123585 1.164923 -2.318265
v 0.977591 1.164923 -2.318265
v 1.123585 0.776015 -2.479355
v 0.977591 0.776015 -2.479355
v 0.977591 1.208688 -2.423922
v 1.123585 1.208688 -2.423922
v 0.977591 0.819780 -2.585012
v 1.123585 0.819780 -2.585012
v 0.979549 1.208964 -1.640524
v 0.979549 1.208964 -2.428034
v 0.979549 1.094372 -1.640524
v 0.979549 1.094372 -2.428034
v 1.125836 1.208964 -2.428034
v 1.125836 1.208964 -1.640524
v 1.125836 1.094372 -2.428034
v 1.125836 1.094372 -1.640524
v 1.125836 1.208964 -2.428034
v 0.979549 1.208964 -2.428034
v 1.125836 1.208964 -1.640524
v 0.979549 1.208964 -1.640524
v 1.125836 1.094372 -1.640524
v 0.979549 1.094372 -1.640524
v 1.125836 1.094372 -2.428034
v 0.979549 1.094372 -2.428034
v 1.125836 1.208964 -1.640524
v 0.979549 1.208964 -1.640524
v 1.125836 1.094372 -1.640524
v 0.979549 1.094372 -1.640524
v 0.979549 1.208964 -2.428034
v 1.125836 1.208964 -2.428034
v 0.979549 1.094372 -2.428034
v 1.125836 1.094372 -2.428034
v 0.954213 1.281975 -1.493119
v 0.954213 1.281975 -2.474697
v 0.954213 1.094428 -1.493119
v 0.954213 1.094428 -2.474697
v 1.095482 1.281975 -2.474697
v 1.095482 1.281975 -1.493119
v 1.095482 1.094428 -2.474697
v 1.095482 1.094428 -1.493119
v 1.095482 1.281975 -2.474697
v 0.954213 1.281975 -2.474697
v 1.095482 1.281975 -1.493119
v 0.954213 1.281975 -1.493119
v 1.095482 1.094428 -1.493119
v 0.954213 1.094428 -1.493119
v 1.095482 1.094428 -2.474697
v 0.954213 1.094428 -2.474697
v 1.095482 1.281975 -1.493119
v 0.954213 1.281975 -1.493119
v 1.095482 1.094428 -1.493119
v 0.954213 1.094428 -1.493119
v 0.954213 1.281975 -2.474697
v 1.095482 1.281975 -2.474697
v 0.954213 1.094428 -2.474697
v 1.095482 1.094428 -2.474697
v 0.686108 0.819146 -1.544505
v 0.686108 0.765902 -1.597749
v 0.686108 0.727428 -1.452786
v 0.686108 0.674183 -1.506031
v 1.092101 0.765902 -1.597749
v 1.092101 0.819146 -1.544505
v 1.092101 0.674183 -1.506031
v 1.092101 0.727428 -1.452786
v 1.092101 0.765902 -1.597749
v 0.686108 0.765902 -1.597749
v 1.092101 0.819146 -1.544505
v 0.686108 0.819146 -1.544505
v 1.092101 0.727428 -1.452786
v 0.686108 0.727428 -1.452786
v 1.092101 0.674183 -1.506031
v 0.686108 0.674183 -1.506031
v 1.092101 0.819146 -1.544505
v 0.686108 0.819146 -1.544505
v 1.092101 0.727428 -1.452786
v 0.686108 0.727428 -1.452786
v 0.686108 0.765902 -1.597749
v 1.092101 0.765902 -1.597749
v 0.686108 0.674183 -1.506031
v 1.092101 0.674183 -1.506031
v 0.582796 1.185209 1.743981
v 0.582796 1.021599 1.348991
v 0.582796 0.751919 1.923456
v 0.582796 0.588309 1.528466
v 0.697322 1.021599 1.348991
v 0.697322 1.185209 1.743981
v 0.697322 0.588309 1.528466
v 0.697322 0.751919 1.923456
v 0.697322 1.021599 1.348991
v 0.582796 1.021599 1.348991
v 0.697322 1.185209 1.743981
v 0.582796 1.185209 1.743981
v 0.697322 0.751919 1.923456
v 0.582796 0.751919 1.923456
v 0.697322 0.588309 1.528466
v 0.582796 0.588309 1.528466
v 0.697322 1.185209 1.743981
v 0.582796 1.185209 1.743981
v 0.697322 0.751919 1.923456
v 0.582796 0.751919 1.923456
v 0.582796 1.021599 1.348991
v 0.697322 1.021599 1.348991
v 0.582796 0.588309 1.528466
v 0.697322 0.588309 1.528466
v 0.582796 1.030920 1.232319
v 0.582796 1.185209 0.859832
v 0.582796 0.665138 1.080808
v 0.582796 0.819427 0.708320
v 0.697322 1.185209 0.859832
v 0.697322 1.030920 1.232319
v 0.697322 0.819427 0.708320
v 0.697322 0.665138 1.080808
v 0.697322 1.185209 0.859832
v 0.582796 1.185209 0.859832
v 0.697322 1.030920 1.232319
v 0.582796 1.030920 1.232319
v 0.697322 0.665138 1.080808
v 0.582796 0.665138 1.080808
v 0.697322 0.819427 0.708320
v 0.582796 0.819427 0.708320
v 0.697322 1.030920 1.232319
v 0.582796 1.030920 1.232319
v 0.697322 0.665138 1.080808
v 0.582796 0.665138 1.080808
v 0.582796 1.185209 0.859832
v 0.697322 1.185209 0.859832
v 0.582796 0.819427 0.708320
v 0.697322 0.819427 0.708320
v 0.583398 1.187946 1.751025
v 0.583398 1.187946 0.856245
v 0.583398 0.726999 1.751025
v 0.583398 0.726999 0.856245
v 0.701716 1.187946 0.856245
v 0.701716 1.187946 1.751025
v 0.701716 0.726999 0.856245
v 0.701716 0.726999 1.751025
v 0.701716 1.187946 0.856245
v 0.583398 1.187946 0.856245
v 0.701716 1.187946 1.751025
v 0.583398 1.187946 1.751025
v 0.701716 0.726999 1.751025
v 0.583398 0.726999 1.751025
v 0.701716 0.726999 0.856245
v 0.583398 0.726999 0.856245
v 0.701716 1.187946 1.751025
v 0.583398 1.187946 1.751025
v 0.701716 0.726999 1.751025
v 0.583398 0.726999 1.751025
v 0.583398 1.187946 0.856245
v 0.701716 1.187946 0.856245
v 0.583398 0.726999 0.856245
v 0.701716 0.726999 0.856245
v -0.685103 1.185664 1.746595
v -0.685103 1.185664 0.860676
v -0.685103 0.729281 1.746595
v -0.685103 0.729281 0.860676
v -0.567956 1.185664 0.860676
v -0.567956 1.185664 1.746595
v -0.567956 0.729281 0.860676
v -0.567956 0.729281 1.746595
v -0.567956 1.185664 0.860676
v -0.685103 1.185664 0.860676
v -0.567956 1.185664 1.746595
v -0.685103 1.185664 1.746595
v -0.567956 0.729281 1.746595
v -0.685103 0.729281 1.746595
v -0.567956 0.729281 0.860676
v -0.685103 0.729281 0.860676
v -0.567956 1.185664 1.746595
v -0.685103 1.185664 1.746595
v -0.567956 0.729281 1.746595
v -0.685103 0.729281 1.746595
v -0.685103 1.185664 0.860676
v -0.567956 1.185664 0.860676
v -0.685103 0.729281 0.860676
v -0.567956 0.729281 0.860676
v -0.683756 1.185209 1.743981
v -0.683756 1.021599 1.348991
v -0.683756 0.751919 1.923456
v -0.683756 0.588309 1.528466
v -0.569230 1.021599 1.348991
v -0.569230 1.185209 1.743981
v -0.569230 0.588309 1.528466
v -0.569230 0.751919 1.923456
v -0.569230 1.021599 1.348991
v -0.683756 1.021599 1.348991
v -0.569230 1.185209 1.743981
v -0.683756 1.185209 1.743981
v -0.569230 0.751919 1.923456
v -0.683756 0.751919 1.923456
v -0.569230 0.588309 1.528466
v -0.683756 0.588309 1.528466
v -0.569230 1.185209 1.743981
v -0.683756 1.185209 1.743981
v -0.569230 0.751919 1.923456
v -0.683756 0.751919 1.923456
v -0.683756 1.021599 1.348991
v -0.569230 1.021599 1.348991
v -0.683756 0.588309 1.528466
v -0.569230 0.588309 1.528466
v -0.683756 1.030920 1.232319
v -0.683756 1.185209 0.859832
v -0.683756 0.665138 1.080808
v -0.683756 0.819427 0.708320
v -0.569230 1.185209 0.859832
v -0.569230 1.030920 1.232319
v -0.569230 0.819427 0.708320
v -0.569230 0.665138 1.080808
v -0.569230 1.185209 0.859832
v -0.683756 1.185209 0.859832
v -0.569230 1.030920 1.232319
v -0.683756 1.030920 1.232319
v -0.569230 0.665138 1.080808
v -0.683756 0.665138 1.080808
v -0.569230 0.819427 0.708320
v -0.683756 0.819427 0.708320
v -0.569230 1.030920 1.232319
v -0.683756 1.030920 1.232319
v -0.569230 0.665138 1.080808
v -0.683756 0.665138 1.080808
v -0.683756 1.185209 0.859832
v -0.569230 1.185209 0.859832
v -0.683756 0.819427 0.708320
v -0.569230 0.819427 0.708320
v -0.805540 1.030920 -2.226343
v -0.805540 1.185209 -2.598830
v -0.805540 0.665138 -2.377854
v -0.805540 0.819427 -2.750342
v -0.691014 1.185209 -2.598830
v -0.691014 1.030920 -2.226343
v -0.691014 0.819427 -2.750342
v -0.691014 0.665138 -2.377854
v -0.691014 1.185209 -2.598830
v -0.805540 1.185209 -2.598830
v -0.691014 1.030920 -2.226343
v -0.805540 1.030920 -2.226343
v -0.691014 0.665138 -2.377854
v -0.805540 0.665138 -2.377854
v -0.691014 0.819427 -2.750342
v -0.805540 0.819427 -2.750342
v -0.691014 1.030920 -2.226343
v -0.805540 1.030920 -2.226343
v -0.691014 0.665138 -2.377854
v -0.805540 0.665138 -2.377854
v -0.805540 1.185209 -2.598830
v -0.691014 1.185209 -2.598830
v -0.805540 0.819427 -2.750342
v -0.691014 0.819427 -2.750342
v -0.806317 1.185437 -1.715969
v -0.806317 1.185437 -2.601004
v -0.806317 0.729510 -1.715969
v -0.806317 0.729510 -2.601004
v -0.689287 1.185437 -2.601004
v -0.689287 1.185437 -1.715969
v -0.689287 0.729510 -2.601004
v -0.689287 0.729510 -1.715969
v -0.689287 1.185437 -2.601004
v -0.806317 1.185437 -2.601004
v -0.689287 1.185437 -1.715969
v -0.806317 1.185437 -1.715969
v -0.689287 0.729510 -1.715969
v -0.806317 0.729510 -1.715969
v -0.689287 0.729510 -2.601004
v -0.806317 0.729510 -2.601004
v -0.689287 1.185437 -1.715969
v -0.806317 1.185437 -1.715969
v -0.689287 0.729510 -1.715969
v -0.806317 0.729510 -1.715969
v -0.806317 1.185437 -2.601004
v -0.689287 1.185437 -2.601004
v -0.806317 0.729510 -2.601004
v -0.689287 0.729510 -2.601004
v -0.805540 1.185209 -1.714680
v -0.805540 1.021599 -2.109671
v -0.805540 0.751919 -1.535206
v -0.805540 0.588309 -1.930196
v -0.691014 1.021599 -2.109671
v -0.691014 1.185209 -1.714680
v -0.691014 0.588309 -1.930196
v -0.691014 0.751919 -1.535206
v -0.691014 1.021599 -2.109671
v -0.805540 1.021599 -2.109671
v -0.691014 1.185209 -1.714680
v -0.805540 1.185209 -1.714680
v -0.691014 0.751919 -1.535206
v -0.805540 0.751919 -1.535206
v -0.691014 0.588309 -1.930196
v -0.805540 0.588309 -1.930196
v -0.691014 1.185209 -1.714680
v -0.805540 1.185209 -1.714680
v -0.691014 0.751919 -1.535206
v -0.805540 0.751919 -1.535206
v -0.805540 1.021599 -2.109671
v -0.691014 1.021599 -2.109671
v -0.805540 0.588309 -1.930196
v -0.691014 0.588309 -1.930196
v 0.631510 1.030920 -2.226343
v 0.631510 1.185209 -2.598830
v 0.631510 0.665138 -2.377854
v 0.631510 0.819427 -2.750342
v 0.746035 1.185209 -2.598830
v 0.746035 1.030920 -2.226343
v 0.746035 0.819427 -2.750342
v 0.746035 0.665138 -2.377854
v 0.746035 1.185209 -2.598830
v 0.631510 1.185209 -2.598830
v 0.746035 1.030920 -2.226343
v 0.631510 1.030920 -2.226343
v 0.746035 0.665138 -2.377854
v 0.631510 0.665138 -2.377854
v 0.746035 0.819427 -2.750342
v 0.631510 0.819427 -2.750342
v 0.746035 1.030920 -2.226343
v 0.631510 1.030920 -2.226343
v 0.746035 0.665138 -2.377854
v 0.631510 0.665138 -2.377854
v 0.631510 1.185209 -2.598830
v 0.746035 1.185209 -2.598830
v 0.631510 0.819427 -2.750342
v 0.746035 0.819427 -2.750342
v 0.632170 1.185437 -1.715969
v 0.632170 1.185437 -2.601004
v 0.632170 0.729510 -1.715969
v 0.632170 0.729510 -2.601004
v 0.749200 1.185437 -2.601004
v 0.749200 1.185437 -1.715969
v 0.749200 0.729510 -2.601004
v 0.749200 0.729510 -1.715969
v 0.749200 1.185437 -2.601004
v 0.632170 1.185437 -2.601004
v 0.749200 1.185437 -1.715969
v 0.632170 1.185437 -1.715969
v 0.749200 0.729510 -1.715969
v 0.632170 0.729510 -1.715969
v 0.749200 0.729510 -2.601004
v 0.632170 0.729510 -2.601004
v 0.749200 1.185437 -1.715969
v 0.632170 1.185437 -1.715969
v 0.749200 0.729510 -1.715969
v 0.632170 0.729510 -1.715969
v 0.632170 1.185437 -2.601004
v 0.749200 1.185437 -2.601004
v 0.632170 0.729510 -2.601004
v 0.749200 0.729510 -2.601004
v 0.631510 1.185209 -1.714680
v 0.631510 1.021599 -2.109671
v 0.631510 0.751919 -1.535206
v 0.631510 0.588309 -1.930196
v 0.746035 1.021599 -2.109671
v 0.746035 1.185209 -1.714680
v 0.746035 0.588309 -1.930196
v 0.746035 0.751919 -1.535206
v 0.746035 1.021599 -2.109671
v 0.631510 1.021599 -2.109671
v 0.746035 1.185209 -1.714680
v 0.631510 1.185209 -1.714680
v 0.746035 0.751919 -1.535206
v 0.631510 0.751919 -1.535206
v 0.746035 0.588309 -1.930196
v 0.631510 0.588309 -1.930196
v 0.746035 1.185209 -1.714680
v 0.631510 1.185209 -1.714680
v 0.746035 0.751919 -1.535206
v 0.631510 0.751919 -1.535206
v 0.631510 1.021599 -2.109671
v 0.746035 1.021599 -2.109671
v 0.631510 0.588309 -1.930196
v 0.746035 0.588309 -1.930196
v -0.683756 0.819426 0.867929
v -0.683756 0.819426 0.708319
v -0.683756 0.740144 0.867929
v -0.683756 0.740144 0.708319
v -0.569230 0.819426 0.708319
v -0.569230 0.819426 0.867929
v -0.569230 0.740144 0.708319
v -0.569230 0.740144 0.867929
v -0.569230 0.819426 0.708319
v -0.683756 0.819426 0.708319
v -0.569230 0.819426 0.867929
v -0.683756 0.819426 0.867929
v -0.569230 0.740144 0.867929
v -0.683756 0.740144 0.867929
v -0.569230 0.740144 0.708319
v -0.683756 0.740144 0.708319
v -0.569230 0.819426 0.867929
v -0.683756 0.819426 0.867929
v -0.569230 0.740144 0.867929
v -0.683756 0.740144 0.867929
v -0.683756 0.819426 0.708319
v -0.569230 0.819426 0.708319
v -0.683756 0.740144 0.708319
v -0.569230 0.740144 0.708319
v 0.582796 0.819426 0.867929
v 0.582796 0.819426 0.708319
v 0.582796 0.740144 0.867929
v 0.582796 0.740144 0.708319
v 0.697322 0.819426 0.708319
v 0.697322 0.819426 0.867929
v 0.697322 0.740144 0.708319
v 0.697322 0.740144 0.867929
v 0.697322 0.819426 0.708319
v 0.582796 0.819426 0.708319
v 0.697322 0.819426 0.867929
v 0.582796 0.819426 0.867929
v 0.697322 0.740144 0.867929
v 0.582796 0.740144 0.867929
v 0.697322 0.740144 0.708319
v 0.582796 0.740144 0.708319
v 0.697322 0.819426 0.867929
v 0.582796 0.819426 0.867929
v 0.697322 0.740144 0.867929
v 0.582796 0.740144 0.867929
v 0.582796 0.819426 0.708319
v 0.697322 0.819426 0.708319
v 0.582796 0.740144 0.708319
v 0.697322 0.740144 0.708319
v -0.949293 0.826998 0.815197
v -0.949293 0.826998 0.704301
v -0.949293 0.747717 0.815197
v -0.949293 0.747717 0.704301
v -0.688627 0.826998 0.704301
v -0.688627 0.826998 0.815197
v -0.688627 0.747717 0.704301
v -0.688627 0.747717 0.815197
v -0.688627 0.826998 0.704301
v -0.949293 0.826998 0.704301
v -0.688627 0.826998 0.815197
v -0.949293 0.826998 0.815197
v -0.688627 0.747717 0.815197
v -0.949293 0.747717 0.815197
v -0.688627 0.747717 0.704301
v -0.949293 0.747717 0.704301
v -0.688627 0.826998 0.815197
v -0.949293 0.826998 0.815197
v -0.688627 0.747717 0.815197
v -0.949293 0.747717 0.815197
v -0.949293 0.826998 0.704301
v -0.688627 0.826998 0.704301
v -0.949293 0.747717 0.704301
v -0.688627 0.747717 0.704301
v 0.701182 0.826998 0.815197
v 0.701182 0.826998 0.704301
v 0.701182 0.747717 0.815197
v 0.701182 0.747717 0.704301
v 0.961849 0.826998 0.704301
v 0.961849 0.826998 0.815197
v 0.961849 0.747717 0.704301
v 0.961849 0.747717 0.815197
v 0.961849 0.826998 0.704301
v 0.701182 0.826998 0.704301
v 0.961849 0.826998 0.815197
v 0.701182 0.826998 0.815197
v 0.961849 0.747717 0.815197
v 0.701182 0.747717 0.815197
v 0.961849 0.747717 0.704301
v 0.701182 0.747717 0.704301
v 0.961849 0.826998 0.815197
v 0.701182 0.826998 0.815197
v 0.961849 0.747717 0.815197
v 0.701182 0.747717 0.815197
v 0.701182 0.826998 0.704301
v 0.961849 0.826998 0.704301
v 0.701182 0.747717 0.704301
v 0.961849 0.747717 0.704301
v 0.773059 0.697413 1.819402
v 0.773059 0.697413 1.787738
v 0.773059 0.290655 1.819402
v 0.773059 0.290655 1.787738
v 1.109183 0.697413 1.787738
v 1.109183 0.697413 1.819402
v 1.109183 0.290655 1.787738
v 1.109183 0.290655 1.819402
v 1.109183 0.697413 1.787738
v 0.773059 0.697413 1.787738
v 1.109183 0.697413 1.819402
v 0.773059 0.697413 1.819402
v 1.109183 0.290655 1.819402
v 0.773059 0.290655 1.819402
v 1.109183 0.290655 1.787738
v 0.773059 0.290655 1.787738
v 1.109183 0.697413 1.819402
v 0.773059 0.697413 1.819402
v 1.109183 0.290655 1.819402
v 0.773059 0.290655 1.819402
v 0.773059 0.697413 1.787738
v 1.109183 0.697413 1.787738
v 0.773059 0.290655 1.787738
v 1.109183 0.290655 1.787738
v -1.126769 0.697413 1.819402
v -1.126769 0.697413 1.787738
v -1.126769 0.290655 1.819402
v -1.126769 0.290655 1.787738
v -0.766289 0.697413 1.787738
v -0.766289 0.697413 1.819402
v -0.766289 0.290655 1.787738
v -0.766289 0.290655 1.819402
v -0.766289 0.697413 1.787738
v -1.126769 0.697413 1.787738
v -0.766289 0.697413 1.819402
v -1.126769 0.697413 1.819402
v -0.766289 0.290655 1.819402
v -1.126769 0.290655 1.819402
v -0.766289 0.290655 1.787738
v -1.126769 0.290655 1.787738
v -0.766289 0.697413 1.819402
v -1.126769 0.697413 1.819402
v -0.766289 0.290655 1.819402
v -1.126769 0.290655 1.819402
v -1.126769 0.697413 1.787738
v -0.766289 0.697413 1.787738
v -1.126769 0.290655 1.787738
v -0.766289 0.290655 1.787738
v -1.126769 0.721770 -1.517476
v -1.126769 0.721770 -1.549140
v -1.126769 0.315011 -1.517476
v -1.126769 0.315011 -1.549140
v -0.766289 0.721770 -1.549140
v -0.766289 0.721770 -1.517476
v -0.766289 0.315011 -1.549140
v -0.766289 0.315011 -1.517476
v -0.766289 0.721770 -1.549140
v -1.126769 0.721770 -1.549140
v -0.766289 0.721770 -1.517476
v -1.126769 0.721770 -1.517476
v -0.766289 0.315011 -1.517476
v -1.126769 0.315011 -1.517476
v -0.766289 0.315011 -1.549140
v -1.126769 0.315011 -1.549140
v -0.766289 0.721770 -1.517476
v -1.126769 0.721770 -1.517476
v -0.766289 0.315011 -1.517476
v -1.126769 0.315011 -1.517476
v -1.126769 0.721770 -1.549140
v -0.766289 0.721770 -1.549140
v -1.126769 0.315011 -1.549140
v -0.766289 0.315011 -1.549140
v 0.773059 0.721770 -1.517476
v 0.773059 0.721770 -1.549140
v 0.773059 0.315011 -1.517476
v 0.773059 0.315011 -1.549140
v 1.109183 0.721770 -1.549140
v 1.109183 0.721770 -1.517476
v 1.109183 0.315011 -1.549140
v 1.109183 0.315011 -1.517476
v 1.109183 0.721770 -1.549140
v 0.773059 0.721770 -1.549140
v 1.109183 0.721770 -1.517476
v 0.773059 0.721770 -1.517476
v 1.109183 0.315011 -1.517476
v 0.773059 0.315011 -1.517476
v 1.109183 0.315011 -1.549140
v 0.773059 0.315011 -1.549140
v 1.109183 0.721770 -1.517476
v 0.773059 0.721770 -1.517476
v 1.109183 0.315011 -1.517476
v 0.773059 0.315011 -1.517476
v 0.773059 0.721770 -1.549140
v 1.109183 0.721770 -1.549140
v 0.773059 0.315011 -1.549140
v 1.109183 0.315011 -1.549140
v 0.968883 1.208964 1.675313
v 0.968883 1.208964 0.887800
v 0.968883 1.094372 1.675313
v 0.968883 1.094372 0.887800
v 1.115170 1.208964 0.887800
v 1.115170 1.208964 1.675313
v 1.115170 1.094372 0.887800
v 1.115170 1.094372 1.675313
v 1.115170 1.208964 0.887800
v 0.968883 1.208964 0.887800
v 1.115170 1.208964 1.675313
v 0.968883 1.208964 1.675313
v 1.115170 1.094372 1.675313
v 0.968883 1.094372 1.675313
v 1.115170 1.094372 0.887800
v 0.968883 1.094372 0.887800
v 1.115170 1.208964 1.675313
v 0.968883 1.208964 1.675313
v 1.115170 1.094372 1.675313
v 0.968883 1.094372 1.675313
v 0.968883 1.208964 0.887800
v 1.115170 1.208964 0.887800
v 0.968883 1.094372 0.887800
v 1.115170 1.094372 0.887800
v 0.966944 1.164923 0.990944
v 0.966944 1.208688 0.885287
v 0.966944 0.776015 0.829853
v 0.966944 0.819780 0.724196
v 1.112939 1.208688 0.885287
v 1.112939 1.164923 0.990944
v 1.112939 0.819780 0.724196
v 1.112939 0.776015 0.829853
v 1.112939 1.208688 0.885287
v 0.966944 1.208688 0.885287
v 1.112939 1.164923 0.990944
v 0.966944 1.164923 0.990944
v 1.112939 0.776015 0.829853
v 0.966944 0.776015 0.829853
v 1.112939 0.819780 0.724196
v 0.966944 0.819780 0.724196
v 1.112939 1.164923 0.990944
v 0.966944 1.164923 0.990944
v 1.112939 0.776015 0.829853
v 0.966944 0.776015 0.829853
v 0.966944 1.208688 0.885287
v 1.112939 1.208688 0.885287
v 0.966944 0.819780 0.724196
v 1.112939 0.819780 0.724196
v 0.966944 1.208687 1.671227
v 0.966944 1.164922 1.565570
v 0.966944 0.797299 1.841629
v 0.966944 0.753534 1.735972
v 1.112939 1.164922 1.565570
v 1.112939 1.208687 1.671227
v 1.112939 0.753534 1.735972
v 1.112939 0.797299 1.841629
v 1.112939 1.164922 1.565570
v 0.966944 1.164922 1.565570
v 1.112939 1.208687 1.671227
v 0.966944 1.208687 1.671227
v 1.112939 0.797299 1.841629
v 0.966944 0.797299 1.841629
v 1.112939 0.753534 1.735972
v 0.966944 0.753534 1.735972
v 1.112939 1.208687 1.671227
v 0.966944 1.208687 1.671227
v 1.112939 0.797299 1.841629
v 0.966944 0.797299 1.841629
v 0.966944 1.164922 1.565570
v 1.112939 1.164922 1.565570
v 0.966944 0.753534 1.735972
v 1.112939 0.753534 1.735972
v 0.942363 1.376706 2.673789
v 0.942363 1.376706 1.804252
v 0.942363 0.674013 2.673789
v 0.942363 0.674013 1.804252
v 1.083632 1.376706 1.804252
v 1.083632 1.376706 2.673789
v 1.083632 0.674013 1.804252
v 1.083632 0.674013 2.673789
v 1.083632 1.376706 1.804252
v 0.942363 1.376706 1.804252
v 1.083632 1.376706 2.673789
v 0.942363 1.376706 2.673789
v 1.083632 0.674013 2.673789
v 0.942363 0.674013 2.673789
v 1.083632 0.674013 1.804252
v 0.942363 0.674013 1.804252
v 1.083632 1.376706 2.673789
v 0.942363 1.376706 2.673789
v 1.083632 0.674013 2.673789
v 0.942363 0.674013 2.673789
v 0.942363 1.376706 1.804252
v 1.083632 1.376706 1.804252
v 0.942363 0.674013 1.804252
v 1.083632 0.674013 1.804252
v 0.943557 1.381227 0.837598
v 0.943557 1.381227 0.041131
v 0.943557 0.851467 0.837598
v 0.943557 0.851467 0.041131
v 1.084826 1.381227 0.041131
v 1.084826 1.381227 0.837598
v 1.084826 0.851467 0.041131
v 1.084826 0.851467 0.837598
v 1.084826 1.381227 0.041131
v 0.943557 1.381227 0.041131
v 1.084826 1.381227 0.837598
v 0.943557 1.381227 0.837598
v 1.084826 0.851467 0.837598
v 0.943557 0.851467 0.837598
v 1.084826 0.851467 0.041131
v 0.943557 0.851467 0.041131
v 1.084826 1.381227 0.837598
v 0.943557 1.381227 0.837598
v 1.084826 0.851467 0.837598
v 0.943557 0.851467 0.837598
v 0.943557 1.381227 0.041131
v 1.084826 1.381227 0.041131
v 0.943557 0.851467 0.041131
v 1.084826 0.851467 0.041131
v 0.699780 0.765904 0.849285
v 0.699780 0.853526 0.761664
v 0.699780 0.674186 0.757566
v 0.699780 0.761807 0.669945
v 1.081467 0.853526 0.761664
v 1.081467 0.765904 0.849285
v 1.081467 0.761807 0.669945
v 1.081467 0.674186 0.757566
v 1.081467 0.853526 0.761664
v 0.699780 0.853526 0.761664
v 1.081467 0.765904 0.849285
v 0.699780 0.765904 0.849285
v 1.081467 0.674186 0.757566
v 0.699780 0.674186 0.757566
v 1.081467 0.761807 0.669945
v 0.699780 0.761807 0.669945
v 1.081467 0.765904 0.849285
v 0.699780 0.765904 0.849285
v 1.081467 0.674186 0.757566
v 0.699780 0.674186 0.757566
v 0.699780 0.853526 0.761664
v 1.081467 0.853526 0.761664
v 0.699780 0.761807 0.669945
v 1.081467 0.761807 0.669945
v 0.942363 0.865214 0.759858
v 0.942363 0.865214 0.036462
v 0.942363 0.674013 0.759858
v 0.942363 0.674013 0.036462
v 1.083632 0.865214 0.036462
v 1.083632 0.865214 0.759858
v 1.083632 0.674013 0.036462
v 1.083632 0.674013 0.759858
v 1.083632 0.865214 0.036462
v 0.942363 0.865214 0.036462
v 1.083632 0.865214 0.759858
v 0.942363 0.865214 0.759858
v 1.083632 0.674013 0.759858
v 0.942363 0.674013 0.759858
v 1.083632 0.674013 0.036462
v 0.942363 0.674013 0.036462
v 1.083632 0.865214 0.759858
v 0.942363 0.865214 0.759858
v 1.083632 0.674013 0.759858
v 0.942363 0.674013 0.759858
v 0.942363 0.865214 0.036462
v 1.083632 0.865214 0.036462
v 0.942363 0.674013 0.036462
v 1.083632 0.674013 0.036462
v 0.812064 0.605958 2.674225
v 0.812064 0.605958 1.801381
v 0.827925 0.567665 2.674225
v 0.827925 0.567665 1.801381
v 1.068851 0.712323 1.801381
v 1.068851 0.712323 2.674225
v 1.084713 0.674030 1.801381
v 1.084713 0.674030 2.674225
v 1.068851 0.712323 1.801381
v 0.812064 0.605958 1.801381
v 1.068851 0.712323 2.674225
v 0.812064 0.605958 2.674225
v 1.084713 0.674030 2.674225
v 0.827925 0.567665 2.674225
v 1.084713 0.674030 1.801381
v 0.827925 0.567665 1.801381
v 1.068851 0.712323 2.674225
v 0.812064 0.605958 2.674225
v 1.084713 0.674030 2.674225
v 0.827925 0.567665 2.674225
v 0.812064 0.605958 1.801381
v 1.068851 0.712323 1.801381
v 0.827925 0.567665 1.801381
v 1.084713 0.674030 1.801381
v 0.783291 0.673517 0.759858
v 0.783291 0.673517 0.034026
v 0.827099 0.567755 0.759858
v 0.827099 0.567755 0.034026
v 1.039822 0.779776 0.034026
v 1.039822 0.779776 0.759858
v 1.083630 0.674013 0.034026
v 1.083630 0.674013 0.759858
v 1.039822 0.779776 0.034026
v 0.783291 0.673517 0.034026
v 1.039822 0.779776 0.759858
v 0.783291 0.673517 0.759858
v 1.083630 0.674013 0.759858
v 0.827099 0.567755 0.759858
v 1.083630 0.674013 0.034026
v 0.827099 0.567755 0.034026
v 1.039822 0.779776 0.759858
v 0.783291 0.673517 0.759858
v 1.083630 0.674013 0.759858
v 0.827099 0.567755 0.759858
v 0.783291 0.673517 0.034026
v 1.039822 0.779776 0.034026
v 0.827099 0.567755 0.034026
v 1.083630 0.674013 0.034026
v 0.089747 1.724484 0.594213
v 0.089747 1.724484 0.231850
v 0.334013 1.480217 0.594213
v 0.334013 1.480217 0.231850
v 0.145192 1.779930 0.231850
v 0.145192 1.779930 0.594213
v 0.389459 1.535663 0.231850
v 0.389459 1.535663 0.594213
v 0.145192 1.779930 0.231850
v 0.089747 1.724484 0.231850
v 0.145192 1.779930 0.594213
v 0.089747 1.724484 0.594213
v 0.389459 1.535663 0.594213
v 0.334013 1.480217 0.594213
v 0.389459 1.535663 0.231850
v 0.334013 1.480217 0.231850
v 0.145192 1.779930 0.594213
v 0.089747 1.724484 0.594213
v 0.389459 1.535663 0.594213
v 0.334013 1.480217 0.594213
v 0.089747 1.724484 0.231850
v 0.145192 1.779930 0.231850
v 0.334013 1.480217 0.231850
v 0.389459 1.535663 0.231850
v -0.200106 1.779974 0.594330
v -0.200106 1.779974 0.231930
v -0.200106 1.701552 0.594330
v -0.200106 1.701552 0.231930
v 0.145376 1.779974 0.231930
v 0.145376 1.779974 0.594330
v 0.145376 1.701552 0.231930
v 0.145376 1.701552 0.594330
v 0.145376 1.779974 0.231930
v -0.200106 1.779974 0.231930
v 0.145376 1.779974 0.594330
v -0.200106 1.779974 0.594330
v 0.145376 1.701552 0.594330
v -0.200106 1.701552 0.594330
v 0.145376 1.701552 0.231930
v -0.200106 1.701552 0.231930
v 0.145376 1.779974 0.594330
v -0.200106 1.779974 0.594330
v 0.145376 1.701552 0.594330
v -0.200106 1.701552 0.594330
v -0.200106 1.779974 0.231930
v 0.145376 1.779974 0.231930
v -0.200106 1.701552 0.231930
v 0.145376 1.701552 0.231930
v -0.444521 1.535665 0.594213
v -0.444521 1.535665 0.231850
v -0.389074 1.480217 0.594213
v -0.389074 1.480217 0.231850
v -0.200255 1.779931 0.231850
v -0.200255 1.779931 0.594213
v -0.144808 1.724484 0.231850
v -0.144808 1.724484 0.594213
v -0.200255 1.779931 0.231850
v -0.444521 1.535665 0.231850
v -0.200255 1.779931 0.594213
v -0.444521 1.535665 0.594213
v -0.144808 1.724484 0.594213
v -0.389074 1.480217 0.594213
v -0.144808 1.724484 0.231850
v -0.389074 1.480217 0.231850
v -0.200255 1.779931 0.594213
v -0.444521 1.535665 0.594213
v -0.144808 1.724484 0.594213
v -0.389074 1.480217 0.594213
v -0.444521 1.535665 0.231850
v -0.200255 1.779931 0.231850
v -0.389074 1.480217 0.231850
v -0.144808 1.724484 0.231850
v -0.369309 1.503892 0.564461
v -0.369309 1.503892 0.259836
v -0.324061 1.458644 0.564461
v -0.324061 1.458644 0.259836
v -0.169972 1.703229 0.259836
v -0.169972 1.703229 0.564461
v -0.124724 1.657981 0.259836
v -0.124724 1.657981 0.564461
v -0.169972 1.703229 0.259836
v -0.369309 1.503892 0.259836
v -0.169972 1.703229 0.564461
v -0.369309 1.503892 0.564461
v -0.124724 1.657981 0.564461
v -0.324061 1.458644 0.564461
v -0.124724 1.657981 0.259836
v -0.324061 1.458644 0.259836
v -0.169972 1.703229 0.564461
v -0.369309 1.503892 0.564461
v -0.124724 1.657981 0.564461
v -0.324061 1.458644 0.564461
v -0.369309 1.503892 0.259836
v -0.169972 1.703229 0.259836
v -0.324061 1.458644 0.259836
v -0.124724 1.657981 0.259836
v -0.168459 1.703569 0.565596
v -0.168459 1.703569 0.260664
v -0.168459 1.639516 0.565596
v -0.168459 1.639516 0.260664
v 0.113729 1.703569 0.260664
v 0.113729 1.703569 0.565596
v 0.113729 1.639516 0.260664
v 0.113729 1.639516 0.565596
v 0.113729 1.703569 0.260664
v -0.168459 1.703569 0.260664
v 0.113729 1.703569 0.565596
v -0.168459 1.703569 0.565596
v 0.113729 1.639516 0.565596
v -0.168459 1.639516 0.565596
v 0.113729 1.639516 0.260664
v -0.168459 1.639516 0.260664
v 0.113729 1.703569 0.565596
v -0.168459 1.703569 0.565596
v 0.113729 1.639516 0.565596
v -0.168459 1.639516 0.565596
v -0.168459 1.703569 0.260664
v 0.113729 1.703569 0.260664
v -0.168459 1.639516 0.260664
v 0.113729 1.639516 0.260664
v 0.066682 1.657979 0.564461
v 0.066682 1.657979 0.259836
v 0.266017 1.458644 0.564461
v 0.266017 1.458644 0.259836
v 0.111931 1.703229 0.259836
v 0.111931 1.703229 0.564461
v 0.311267 1.503894 0.259836
v 0.311267 1.503894 0.564461
v 0.111931 1.703229 0.259836
v 0.066682 1.657979 0.259836
v 0.111931 1.703229 0.564461
v 0.066682 1.657979 0.564461
v 0.311267 1.503894 0.564461
v 0.266017 1.458644 0.564461
v 0.311267 1.503894 0.259836
v 0.266017 1.458644 0.259836
v 0.111931 1.703229 0.564461
v 0.066682 1.657979 0.564461
v 0.311267 1.503894 0.564461
v 0.266017 1.458644 0.564461
v 0.066682 1.657979 0.259836
v 0.111931 1.703229 0.259836
v 0.266017 1.458644 0.259836
v 0.311267 1.503894 0.259836
v 0.249208 1.504034 0.565596
v 0.249208 1.504034 0.260664
v 0.249208 1.221848 0.565596
v 0.249208 1.221848 0.260664
v 0.313264 1.504034 0.260664
v 0.313264 1.504034 0.565596
v 0.313264 1.221848 0.260664
v 0.313264 1.221848 0.565596
v 0.313264 1.504034 0.260664
v 0.249208 1.504034 0.260664
v 0.313264 1.504034 0.565596
v 0.249208 1.504034 0.565596
v 0.313264 1.221848 0.565596
v 0.249208 1.221848 0.565596
v 0.313264 1.221848 0.260664
v 0.249208 1.221848 0.260664
v 0.313264 1.504034 0.565596
v 0.249208 1.504034 0.565596
v 0.313264 1.221848 0.565596
v 0.249208 1.221848 0.565596
v 0.249208 1.504034 0.260664
v 0.313264 1.504034 0.260664
v 0.249208 1.221848 0.260664
v 0.313264 1.221848 0.260664
v 0.311245 1.535680 0.594330
v 0.311245 1.535680 0.231930
v 0.311245 1.190202 0.594330
v 0.311245 1.190202 0.231930
v 0.389667 1.535680 0.231930
v 0.389667 1.535680 0.594330
v 0.389667 1.190202 0.231930
v 0.389667 1.190202 0.594330
v 0.389667 1.535680 0.231930
v 0.311245 1.535680 0.231930
v 0.389667 1.535680 0.594330
v 0.311245 1.535680 0.594330
v 0.389667 1.190202 0.594330
v 0.311245 1.190202 0.594330
v 0.389667 1.190202 0.231930
v 0.311245 1.190202 0.231930
v 0.389667 1.535680 0.594330
v 0.311245 1.535680 0.594330
v 0.389667 1.190202 0.594330
v 0.311245 1.190202 0.594330
v 0.311245 1.535680 0.231930
v 0.389667 1.535680 0.231930
v 0.311245 1.190202 0.231930
v 0.389667 1.190202 0.231930
v 0.089747 1.001397 0.594213
v 0.089747 1.001397 0.231850
v 0.145194 0.945950 0.594213
v 0.145194 0.945950 0.231850
v 0.334013 1.245663 0.231850
v 0.334013 1.245663 0.594213
v 0.389460 1.190216 0.231850
v 0.389460 1.190216 0.594213
v 0.334013 1.245663 0.231850
v 0.089747 1.001397 0.231850
v 0.334013 1.245663 0.594213
v 0.089747 1.001397 0.594213
v 0.389460 1.190216 0.594213
v 0.145194 0.945950 0.594213
v 0.389460 1.190216 0.231850
v 0.145194 0.945950 0.231850
v 0.334013 1.245663 0.594213
v 0.089747 1.001397 0.594213
v 0.389460 1.190216 0.594213
v 0.145194 0.945950 0.594213
v 0.089747 1.001397 0.231850
v 0.334013 1.245663 0.231850
v 0.145194 0.945950 0.231850
v 0.389460 1.190216 0.231850
v 0.066682 1.067901 0.564461
v 0.066682 1.067901 0.259836
v 0.111931 1.022652 0.564461
v 0.111931 1.022652 0.259836
v 0.266019 1.267238 0.259836
v 0.266019 1.267238 0.564461
v 0.311269 1.221989 0.259836
v 0.311269 1.221989 0.564461
v 0.266019 1.267238 0.259836
v 0.066682 1.067901 0.259836
v 0.266019 1.267238 0.564461
v 0.066682 1.067901 0.564461
v 0.311269 1.221989 0.564461
v 0.111931 1.022652 0.564461
v 0.311269 1.221989 0.259836
v 0.111931 1.022652 0.259836
v 0.266019 1.267238 0.564461
v 0.066682 1.067901 0.564461
v 0.311269 1.221989 0.564461
v 0.111931 1.022652 0.564461
v 0.066682 1.067901 0.259836
v 0.266019 1.267238 0.259836
v 0.111931 1.022652 0.259836
v 0.311269 1.221989 0.259836
v -0.319191 1.638042 0.435219
v -0.319191 1.638042 0.270153
v -0.319191 1.077836 0.435219
v -0.319191 1.077836 0.270153
v 0.264461 1.638042 0.270153
v 0.264461 1.638042 0.435219
v 0.264461 1.077836 0.270153
v 0.264461 1.077836 0.435219
v 0.264461 1.638042 0.270153
v -0.319191 1.638042 0.270153
v 0.264461 1.638042 0.435219
v -0.319191 1.638042 0.435219
v 0.264461 1.077836 0.435219
v -0.319191 1.077836 0.435219
v 0.264461 1.077836 0.270153
v -0.319191 1.077836 0.270153
v 0.264461 1.638042 0.435219
v -0.319191 1.638042 0.435219
v 0.264461 1.077836 0.435219
v -0.319191 1.077836 0.435219
v -0.319191 1.638042 0.270153
v 0.264461 1.638042 0.270153
v -0.319191 1.077836 0.270153
v 0.264461 1.077836 0.270153
v -0.097564 1.404863 0.535959
v -0.097564 1.404863 0.370893
v -0.097564 1.264962 0.535959
v -0.097564 1.264962 0.370893
v 0.042834 1.404863 0.370893
v 0.042834 1.404863 0.535959
v 0.042834 1.264962 0.370893
v 0.042834 1.264962 0.535959
v 0.042834 1.404863 0.370893
v -0.097564 1.404863 0.370893
v 0.042834 1.404863 0.535959
v -0.097564 1.404863 0.535959
v 0.042834 1.264962 0.535959
v -0.097564 1.264962 0.535959
v 0.042834 1.264962 0.370893
v -0.097564 1.264962 0.370893
v 0.042834 1.404863 0.535959
v -0.097564 1.404863 0.535959
v 0.042834 1.264962 0.535959
v -0.097564 1.264962 0.535959
v -0.097564 1.404863 0.370893
v 0.042834 1.404863 0.370893
v -0.097564 1.264962 0.370893
v 0.042834 1.264962 0.370893
v -0.444397 1.535680 0.594330
v -0.444397 1.535680 0.231930
v -0.444397 1.190202 0.594330
v -0.444397 1.190202 0.231930
v -0.365975 1.535680 0.231930
v -0.365975 1.535680 0.594330
v -0.365975 1.190202 0.231930
v -0.365975 1.190202 0.594330
v -0.365975 1.535680 0.231930
v -0.444397 1.535680 0.231930
v -0.365975 1.535680 0.594330
v -0.444397 1.535680 0.594330
v -0.365975 1.190202 0.594330
v -0.444397 1.190202 0.594330
v -0.365975 1.190202 0.231930
v -0.444397 1.190202 0.231930
v -0.365975 1.535680 0.594330
v -0.444397 1.535680 0.594330
v -0.365975 1.190202 0.594330
v -0.444397 1.190202 0.594330
v -0.444397 1.535680 0.231930
v -0.365975 1.535680 0.231930
v -0.444397 1.190202 0.231930
v -0.365975 1.190202 0.231930
v -0.367995 1.504034 0.565596
v -0.367995 1.504034 0.260664
v -0.367995 1.221848 0.565596
v -0.367995 1.221848 0.260664
v -0.303941 1.504034 0.260664
v -0.303941 1.504034 0.565596
v -0.303941 1.221848 0.260664
v -0.303941 1.221848 0.565596
v -0.303941 1.504034 0.260664
v -0.367995 1.504034 0.260664
v -0.303941 1.504034 0.565596
v -0.367995 1.504034 0.565596
v -0.303941 1.221848 0.565596
v -0.367995 1.221848 0.565596
v -0.303941 1.221848 0.260664
v -0.367995 1.221848 0.260664
v -0.303941 1.504034 0.565596
v -0.367995 1.504034 0.565596
v -0.303941 1.221848 0.565596
v -0.367995 1.221848 0.565596
v -0.367995 1.504034 0.260664
v -0.303941 1.504034 0.260664
v -0.367995 1.221848 0.260664
v -0.303941 1.221848 0.260664
v -0.369309 1.221989 0.564461
v -0.369309 1.221989 0.259836
v -0.169974 1.022653 0.564461
v -0.169974 1.022653 0.259836
v -0.324063 1.267235 0.259836
v -0.324063 1.267235 0.564461
v -0.124728 1.067899 0.259836
v -0.124728 1.067899 0.564461
v -0.324063 1.267235 0.259836
v -0.369309 1.221989 0.259836
v -0.324063 1.267235 0.564461
v -0.369309 1.221989 0.564461
v -0.124728 1.067899 0.564461
v -0.169974 1.022653 0.564461
v -0.124728 1.067899 0.259836
v -0.169974 1.022653 0.259836
v -0.324063 1.267235 0.564461
v -0.369309 1.221989 0.564461
v -0.124728 1.067899 0.564461
v -0.169974 1.022653 0.564461
v -0.369309 1.221989 0.259836
v -0.324063 1.267235 0.259836
v -0.169974 1.022653 0.259836
v -0.124728 1.067899 0.259836
v -0.168459 1.086366 0.565596
v -0.168459 1.086366 0.260664
v -0.168459 1.022310 0.565596
v -0.168459 1.022310 0.260664
v 0.113729 1.086366 0.260664
v 0.113729 1.086366 0.565596
v 0.113729 1.022310 0.260664
v 0.113729 1.022310 0.565596
v 0.113729 1.086366 0.260664
v -0.168459 1.086366 0.260664
v 0.113729 1.086366 0.565596
v -0.168459 1.086366 0.565596
v 0.113729 1.022310 0.565596
v -0.168459 1.022310 0.565596
v 0.113729 1.022310 0.260664
v -0.168459 1.022310 0.260664
v 0.113729 1.086366 0.565596
v -0.168459 1.086366 0.565596
v 0.113729 1.022310 0.565596
v -0.168459 1.022310 0.565596
v -0.168459 1.086366 0.260664
v 0.113729 1.086366 0.260664
v -0.168459 1.022310 0.260664
v 0.113729 1.022310 0.260664
v -0.200106 1.024329 0.594330
v -0.200106 1.024329 0.231930
v -0.200106 0.945908 0.594330
v -0.200106 0.945908 0.231930
v 0.145376 1.024329 0.231930
v 0.145376 1.024329 0.594330
v 0.145376 0.945908 0.231930
v 0.145376 0.945908 0.594330
v 0.145376 1.024329 0.231930
v -0.200106 1.024329 0.231930
v 0.145376 1.024329 0.594330
v -0.200106 1.024329 0.594330
v 0.145376 0.945908 0.594330
v -0.200106 0.945908 0.594330
v 0.145376 0.945908 0.231930
v -0.200106 0.945908 0.231930
v 0.145376 1.024329 0.594330
v -0.200106 1.024329 0.594330
v 0.145376 0.945908 0.594330
v -0.200106 0.945908 0.594330
v -0.200106 1.024329 0.231930
v 0.145376 1.024329 0.231930
v -0.200106 0.945908 0.231930
v 0.145376 0.945908 0.231930
v -0.444521 1.190216 0.594213
v -0.444521 1.190216 0.231850
v -0.200255 0.945950 0.594213
v -0.200255 0.945950 0.231850
v -0.389074 1.245663 0.231850
v -0.389074 1.245663 0.594213
v -0.144808 1.001397 0.231850
v -0.144808 1.001397 0.594213
v -0.389074 1.245663 0.231850
v -0.444521 1.190216 0.231850
v -0.389074 1.245663 0.594213
v -0.444521 1.190216 0.594213
v -0.144808 1.001397 0.594213
v -0.200255 0.945950 0.594213
v -0.144808 1.001397 0.231850
v -0.200255 0.945950 0.231850
v -0.389074 1.245663 0.594213
v -0.444521 1.190216 0.594213
v -0.144808 1.001397 0.594213
v -0.200255 0.945950 0.594213
v -0.444521 1.190216 0.231850
v -0.389074 1.245663 0.231850
v -0.200255 0.945950 0.231850
v -0.144808 1.001397 0.231850
v 0.794828 2.323276 0.238065
v 0.794828 2.323276 0.145602
v 0.760375 2.240100 0.238065
v 0.760375 2.240100 0.145602
v 0.875757 2.289754 0.145602
v 0.875757 2.289754 0.238065
v 0.841304 2.206578 0.145602
v 0.841304 2.206578 0.238065
v 0.875757 2.289754 0.145602
v 0.794828 2.323276 0.145602
v 0.875757 2.289754 0.238065
v 0.794828 2.323276 0.238065
v 0.841304 2.206578 0.238065
v 0.760375 2.240100 0.238065
v 0.841304 2.206578 0.145602
v 0.760375 2.240100 0.145602
v 0.875757 2.289754 0.238065
v 0.794828 2.323276 0.238065
v 0.841304 2.206578 0.238065
v 0.760375 2.240100 0.238065
v 0.794828 2.323276 0.145602
v 0.875757 2.289754 0.145602
v 0.760375 2.240100 0.145602
v 0.841304 2.206578 0.145602
v -0.887040 2.289529 0.237649
v -0.887040 2.289529 0.146019
v -0.852898 2.207102 0.237649
v -0.852898 2.207102 0.146019
v -0.806840 2.322749 0.146019
v -0.806840 2.322749 0.237649
v -0.772698 2.240322 0.146019
v -0.772698 2.240322 0.237649
v -0.806840 2.322749 0.146019
v -0.887040 2.289529 0.146019
v -0.806840 2.322749 0.237649
v -0.887040 2.289529 0.237649
v -0.772698 2.240322 0.237649
v -0.852898 2.207102 0.237649
v -0.772698 2.240322 0.146019
v -0.852898 2.207102 0.146019
v -0.806840 2.322749 0.237649
v -0.887040 2.289529 0.237649
v -0.772698 2.240322 0.237649
v -0.852898 2.207102 0.237649
v -0.887040 2.289529 0.146019
v -0.806840 2.322749 0.146019
v -0.852898 2.207102 0.146019
v -0.772698 2.240322 0.146019
v -1.022537 2.196351 0.028775
v -1.022537 2.221492 -0.031922
v -1.022537 2.134530 0.003168
v -1.022537 2.159672 -0.057529
v 1.016520 2.221492 -0.031922
v 1.016520 2.196351 0.028775
v 1.016520 2.159672 -0.057529
v 1.016520 2.134530 0.003168
v 1.016520 2.221492 -0.031922
v -1.022537 2.221492 -0.031922
v 1.016520 2.196351 0.028775
v -1.022537 2.196351 0.028775
v 1.016520 2.134530 0.003168
v -1.022537 2.134530 0.003168
v 1.016520 2.159672 -0.057529
v -1.022537 2.159672 -0.057529
v 1.016520 2.196351 0.028775
v -1.022537 2.196351 0.028775
v 1.016520 2.134530 0.003168
v -1.022537 2.134530 0.003168
v -1.022537 2.221492 -0.031922
v 1.016520 2.221492 -0.031922
v -1.022537 2.159672 -0.057529
v 1.016520 2.159672 -0.057529
v -0.959306 1.246363 -1.143087
v -0.959306 1.109482 -1.473546
v -0.959306 1.071018 -1.070456
v -0.959306 0.934137 -1.400915
v 0.948355 1.109482 -1.473546
v 0.948355 1.246363 -1.143087
v 0.948355 0.934137 -1.400915
v 0.948355 1.071018 -1.070456
v 0.948355 1.109482 -1.473546
v -0.959306 1.109482 -1.473546
v 0.948355 1.246363 -1.143087
v -0.959306 1.246363 -1.143087
v 0.948355 1.071018 -1.070456
v -0.959306 1.071018 -1.070456
v 0.948355 0.934137 -1.400915
v -0.959306 0.934137 -1.400915
v 0.948355 1.246363 -1.143087
v -0.959306 1.246363 -1.143087
v 0.948355 1.071018 -1.070456
v -0.959306 1.071018 -1.070456
v -0.959306 1.109482 -1.473546
v 0.948355 1.109482 -1.473546
v -0.959306 0.934137 -1.400915
v 0.948355 0.934137 -1.400915
v 0.743963 1.374181 -1.112460
v 0.743963 1.417946 -1.218117
v 0.743963 1.288756 -1.147844
v 0.743963 1.332521 -1.253502
v 0.948355 1.417946 -1.218117
v 0.948355 1.374181 -1.112460
v 0.948355 1.332521 -1.253502
v 0.948355 1.288756 -1.147844
v 0.948355 1.417946 -1.218117
v 0.743963 1.417946 -1.218117
v 0.948355 1.374181 -1.112460
v 0.743963 1.374181 -1.112460
v 0.948355 1.288756 -1.147844
v 0.743963 1.288756 -1.147844
v 0.948355 1.332521 -1.253502
v 0.743963 1.332521 -1.253502
v 0.948355 1.374181 -1.112460
v 0.743963 1.374181 -1.112460
v 0.948355 1.288756 -1.147844
v 0.743963 1.288756 -1.147844
v 0.743963 1.417946 -1.218117
v 0.948355 1.417946 -1.218117
v 0.743963 1.332521 -1.253502
v 0.948355 1.332521 -1.253502
v -1.032718 1.389037 -1.915541
v -1.032718 1.389037 -2.567650
v -1.032718 1.226009 -1.915541
v -1.032718 1.226009 -2.567650
v 1.045271 1.389037 -2.567650
v 1.045271 1.389037 -1.915541
v 1.045271 1.226009 -2.567650
v 1.045271 1.226009 -1.915541
v 1.045271 1.389037 -2.567650
v -1.032718 1.389037 -2.567650
v 1.045271 1.389037 -1.915541
v -1.032718 1.389037 -1.915541
v 1.045271 1.226009 -1.915541
v -1.032718 1.226009 -1.915541
v 1.045271 1.226009 -2.567650
v -1.032718 1.226009 -2.567650
v 1.045271 1.389037 -1.915541
v -1.032718 1.389037 -1.915541
v 1.045271 1.226009 -1.915541
v -1.032718 1.226009 -1.915541
v -1.032718 1.389037 -2.567650
v 1.045271 1.389037 -2.567650
v -1.032718 1.226009 -2.567650
v 1.045271 1.226009 -2.567650
v 0.954213 1.283800 -2.474924
v 0.954213 1.283800 -2.711184
v 0.954213 0.851467 -2.474924
v 0.954213 0.851467 -2.711184
v 1.095482 1.283800 -2.711184
v 1.095482 1.283800 -2.474924
v 1.095482 0.851467 -2.711184
v 1.095482 0.851467 -2.474924
v 1.095482 1.283800 -2.711184
v 0.954213 1.283800 -2.711184
v 1.095482 1.283800 -2.474924
v 0.954213 1.283800 -2.474924
v 1.095482 0.851467 -2.474924
v 0.954213 0.851467 -2.474924
v 1.095482 0.851467 -2.711184
v 0.954213 0.851467 -2.711184
v 1.095482 1.283800 -2.474924
v 0.954213 1.283800 -2.474924
v 1.095482 0.851467 -2.474924
v 0.954213 0.851467 -2.474924
v 0.954213 1.283800 -2.711184
v 1.095482 1.283800 -2.711184
v 0.954213 0.851467 -2.711184
v 1.095482 0.851467 -2.711184
v -1.096627 1.283800 -2.474924
v -1.096627 1.283800 -2.711184
v -1.096627 0.851467 -2.474924
v -1.096627 0.851467 -2.711184
v -0.955358 1.283800 -2.711184
v -0.955358 1.283800 -2.474924
v -0.955358 0.851467 -2.711184
v -0.955358 0.851467 -2.474924
v -0.955358 1.283800 -2.711184
v -1.096627 1.283800 -2.711184
v -0.955358 1.283800 -2.474924
v -1.096627 1.283800 -2.474924
v -0.955358 0.851467 -2.474924
v -1.096627 0.851467 -2.474924
v -0.955358 0.851467 -2.711184
v -1.096627 0.851467 -2.711184
v -0.955358 1.283800 -2.474924
v -1.096627 1.283800 -2.474924
v -0.955358 0.851467 -2.474924
v -1.096627 0.851467 -2.474924
v -1.096627 1.283800 -2.711184
v -0.955358 1.283800 -2.711184
v -1.096627 0.851467 -2.711184
v -0.955358 0.851467 -2.711184
v -0.621585 1.248259 0.611193
v -0.621585 1.267553 0.564613
v -0.621585 1.213829 0.596932
v -0.621585 1.233124 0.550352
v -0.571167 1.267553 0.564613
v -0.571167 1.248259 0.611193
v -0.571167 1.233124 0.550352
v -0.571167 1.213829 0.596932
v -0.571167 1.267553 0.564613
v -0.621585 1.267553 0.564613
v -0.571167 1.248259 0.611193
v -0.621585 1.248259 0.611193
v -0.571167 1.213829 0.596932
v -0.621585 1.213829 0.596932
v -0.571167 1.233124 0.550352
v -0.621585 1.233124 0.550352
v -0.571167 1.248259 0.611193
v -0.621585 1.248259 0.611193
v -0.571167 1.213829 0.596932
v -0.621585 1.213829 0.596932
v -0.621585 1.267553 0.564613
v -0.571167 1.267553 0.564613
v -0.621585 1.233124 0.550352
v -0.571167 1.233124 0.550352
v -0.698233 1.205460 0.617006
v -0.698233 1.249876 0.509773
v -0.698233 1.130602 0.585998
v -0.698233 1.175019 0.478766
v -0.549321 1.249876 0.509773
v -0.549321 1.205460 0.617006
v -0.549321 1.175019 0.478766
v -0.549321 1.130602 0.585998
v -0.549321 1.249876 0.509773
v -0.698233 1.249876 0.509773
v -0.549321 1.205460 0.617006
v -0.698233 1.205460 0.617006
v -0.549321 1.130602 0.585998
v -0.698233 1.130602 0.585998
v -0.549321 1.175019 0.478766
v -0.698233 1.175019 0.478766
v -0.549321 1.205460 0.617006
v -0.698233 1.205460 0.617006
v -0.549321 1.130602 0.585998
v -0.698233 1.130602 0.585998
v -0.698233 1.249876 0.509773
v -0.549321 1.249876 0.509773
v -0.698233 1.175019 0.478766
v -0.549321 1.175019 0.478766
v -0.676388 1.337586 0.466007
v -0.676388 1.331714 0.451831
v -0.676388 1.250500 0.502079
v -0.676388 1.244628 0.487903
v -0.571167 1.331714 0.451831
v -0.571167 1.337586 0.466007
v -0.571167 1.244628 0.487903
v -0.571167 1.250500 0.502079
v -0.571167 1.331714 0.451831
v -0.676388 1.331714 0.451831
v -0.571167 1.337586 0.466007
v -0.676388 1.337586 0.466007
v -0.571167 1.250500 0.502079
v -0.676388 1.250500 0.502079
v -0.571167 1.244628 0.487903
v -0.676388 1.244628 0.487903
v -0.571167 1.337586 0.466007
v -0.676388 1.337586 0.466007
v -0.571167 1.250500 0.502079
v -0.676388 1.250500 0.502079
v -0.676388 1.331714 0.451831
v -0.571167 1.331714 0.451831
v -0.676388 1.244628 0.487903
v -0.571167 1.244628 0.487903
v -0.676334 1.337550 0.465872
v -0.676334 1.337550 0.306006
v -0.676334 1.315651 0.465872
v -0.676334 1.315651 0.306006
v -0.571220 1.337550 0.306006
v -0.571220 1.337550 0.465872
v -0.571220 1.315651 0.306006
v -0.571220 1.315651 0.465872
v -0.571220 1.337550 0.306006
v -0.676334 1.337550 0.306006
v -0.571220 1.337550 0.465872
v -0.676334 1.337550 0.465872
v -0.571220 1.315651 0.465872
v -0.676334 1.315651 0.465872
v -0.571220 1.315651 0.306006
v -0.676334 1.315651 0.306006
v -0.571220 1.337550 0.465872
v -0.676334 1.337550 0.465872
v -0.571220 1.315651 0.465872
v -0.676334 1.315651 0.465872
v -0.676334 1.337550 0.306006
v -0.571220 1.337550 0.306006
v -0.676334 1.315651 0.306006
v -0.571220 1.315651 0.306006
v -0.698160 1.248845 0.394683
v -0.698160 1.330835 0.312694
v -0.698160 1.191607 0.337445
v -0.698160 1.273596 0.255455
v -0.549394 1.330835 0.312694
v -0.549394 1.248845 0.394683
v -0.549394 1.273596 0.255455
v -0.549394 1.191607 0.337445
v -0.549394 1.330835 0.312694
v -0.698160 1.330835 0.312694
v -0.549394 1.248845 0.394683
v -0.698160 1.248845 0.394683
v -0.549394 1.191607 0.337445
v -0.698160 1.191607 0.337445
v -0.549394 1.273596 0.255455
v -0.698160 1.273596 0.255455
v -0.549394 1.248845 0.394683
v -0.698160 1.248845 0.394683
v -0.549394 1.191607 0.337445
v -0.698160 1.191607 0.337445
v -0.698160 1.330835 0.312694
v -0.549394 1.330835 0.312694
v -0.698160 1.273596 0.255455
v -0.549394 1.273596 0.255455
v -0.698309 1.336770 0.307051
v -0.698309 1.309087 0.240218
v -0.698309 1.302341 0.321312
v -0.698309 1.274658 0.254479
v -0.549246 1.309087 0.240218
v -0.549246 1.336770 0.307051
v -0.549246 1.274658 0.254479
v -0.549246 1.302341 0.321312
v -0.549246 1.309087 0.240218
v -0.698309 1.309087 0.240218
v -0.549246 1.336770 0.307051
v -0.698309 1.336770 0.307051
v -0.549246 1.302341 0.321312
v -0.698309 1.302341 0.321312
v -0.549246 1.274658 0.254479
v -0.698309 1.274658 0.254479
v -0.549246 1.336770 0.307051
v -0.698309 1.336770 0.307051
v -0.549246 1.302341 0.321312
v -0.698309 1.302341 0.321312
v -0.698309 1.309087 0.240218
v -0.549246 1.309087 0.240218
v -0.698309 1.274658 0.254479
v -0.549246 1.274658 0.254479
v -0.698233 1.309082 0.312578
v -0.698233 1.309082 0.240309
v -0.698233 1.249954 0.312578
v -0.698233 1.249954 0.240309
v -0.549321 1.309082 0.240309
v -0.549321 1.309082 0.312578
v -0.549321 1.249954 0.240309
v -0.549321 1.249954 0.312578
v -0.549321 1.309082 0.240309
v -0.698233 1.309082 0.240309
v -0.549321 1.309082 0.312578
v -0.698233 1.309082 0.312578
v -0.549321 1.249954 0.312578
v -0.698233 1.249954 0.312578
v -0.549321 1.249954 0.240309
v -0.698233 1.249954 0.240309
v -0.549321 1.309082 0.312578
v -0.698233 1.309082 0.312578
v -0.549321 1.249954 0.312578
v -0.698233 1.249954 0.312578
v -0.698233 1.309082 0.240309
v -0.549321 1.309082 0.240309
v -0.698233 1.249954 0.240309
v -0.549321 1.249954 0.240309
v -0.698309 1.249900 0.509848
v -0.698309 1.249900 0.240219
v -0.698309 0.791262 0.509848
v -0.698309 0.791262 0.240219
v -0.549246 1.249900 0.240219
v -0.549246 1.249900 0.509848
v -0.549246 0.791262 0.240219
v -0.549246 0.791262 0.509848
v -0.549246 1.249900 0.240219
v -0.698309 1.249900 0.240219
v -0.549246 1.249900 0.509848
v -0.698309 1.249900 0.509848
v -0.549246 0.791262 0.509848
v -0.698309 0.791262 0.509848
v -0.549246 0.791262 0.240219
v -0.698309 0.791262 0.240219
v -0.549246 1.249900 0.509848
v -0.698309 1.249900 0.509848
v -0.549246 0.791262 0.509848
v -0.698309 0.791262 0.509848
v -0.698309 1.249900 0.240219
v -0.549246 1.249900 0.240219
v -0.698309 0.791262 0.240219
v -0.549246 0.791262 0.240219
v -0.698309 1.205439 0.617186
v -0.698309 1.205439 0.509773
v -0.698309 0.790643 0.617186
v -0.698309 0.790643 0.509773
v -0.549246 1.205439 0.509773
v -0.549246 1.205439 0.617186
v -0.549246 0.790643 0.509773
v -0.549246 0.790643 0.617186
v -0.549246 1.205439 0.509773
v -0.698309 1.205439 0.509773
v -0.549246 1.205439 0.617186
v -0.698309 1.205439 0.617186
v -0.549246 0.790643 0.617186
v -0.698309 0.790643 0.617186
v -0.549246 0.790643 0.509773
v -0.698309 0.790643 0.509773
v -0.549246 1.205439 0.617186
v -0.698309 1.205439 0.617186
v -0.549246 0.790643 0.617186
v -0.698309 0.790643 0.617186
v -0.698309 1.205439 0.509773
v -0.549246 1.205439 0.509773
v -0.698309 0.790643 0.509773
v -0.549246 0.790643 0.509773
v -0.893163 1.249900 0.607275
v -0.893163 1.249900 0.337646
v -0.893163 0.791262 0.607275
v -0.893163 0.791262 0.337646
v -0.744100 1.249900 0.337646
v -0.744100 1.249900 0.607275
v -0.744100 0.791262 0.337646
v -0.744100 0.791262 0.607275
v -0.744100 1.249900 0.337646
v -0.893163 1.249900 0.337646
v -0.744100 1.249900 0.607275
v -0.893163 1.249900 0.607275
v -0.744100 0.791262 0.607275
v -0.893163 0.791262 0.607275
v -0.744100 0.791262 0.337646
v -0.893163 0.791262 0.337646
v -0.744100 1.249900 0.607275
v -0.893163 1.249900 0.607275
v -0.744100 0.791262 0.607275
v -0.893163 0.791262 0.607275
v -0.893163 1.249900 0.337646
v -0.744100 1.249900 0.337646
v -0.893163 0.791262 0.337646
v -0.744100 0.791262 0.337646
v -0.893163 1.205439 0.714613
v -0.893163 1.205439 0.607200
v -0.893163 0.790643 0.714613
v -0.893163 0.790643 0.607200
v -0.744100 1.205439 0.607200
v -0.744100 1.205439 0.714613
v -0.744100 0.790643 0.607200
v -0.744100 0.790643 0.714613
v -0.744100 1.205439 0.607200
v -0.893163 1.205439 0.607200
v -0.744100 1.205439 0.714613
v -0.893163 1.205439 0.714613
v -0.744100 0.790643 0.714613
v -0.893163 0.790643 0.714613
v -0.744100 0.790643 0.607200
v -0.893163 0.790643 0.607200
v -0.744100 1.205439 0.714613
v -0.893163 1.205439 0.714613
v -0.744100 0.790643 0.714613
v -0.893163 0.790643 0.714613
v -0.893163 1.205439 0.607200
v -0.744100 1.205439 0.607200
v -0.893163 0.790643 0.607200
v -0.744100 0.790643 0.607200
v -0.893088 1.309082 0.410005
v -0.893088 1.309082 0.337736
v -0.893088 1.249954 0.410005
v -0.893088 1.249954 0.337736
v -0.744175 1.309082 0.337736
v -0.744175 1.309082 0.410005
v -0.744175 1.249954 0.337736
v -0.744175 1.249954 0.410005
v -0.744175 1.309082 0.337736
v -0.893088 1.309082 0.337736
v -0.744175 1.309082 0.410005
v -0.893088 1.309082 0.410005
v -0.744175 1.249954 0.410005
v -0.893088 1.249954 0.410005
v -0.744175 1.249954 0.337736
v -0.893088 1.249954 0.337736
v -0.744175 1.309082 0.410005
v -0.893088 1.309082 0.410005
v -0.744175 1.249954 0.410005
v -0.893088 1.249954 0.410005
v -0.893088 1.309082 0.337736
v -0.744175 1.309082 0.337736
v -0.893088 1.249954 0.337736
v -0.744175 1.249954 0.337736
v -0.871188 1.337550 0.563299
v -0.871188 1.337550 0.403433
v -0.871188 1.315651 0.563299
v -0.871188 1.315651 0.403433
v -0.766074 1.337550 0.403433
v -0.766074 1.337550 0.563299
v -0.766074 1.315651 0.403433
v -0.766074 1.315651 0.563299
v -0.766074 1.337550 0.403433
v -0.871188 1.337550 0.403433
v -0.766074 1.337550 0.563299
v -0.871188 1.337550 0.563299
v -0.766074 1.315651 0.563299
v -0.871188 1.315651 0.563299
v -0.766074 1.315651 0.403433
v -0.871188 1.315651 0.403433
v -0.766074 1.337550 0.563299
v -0.871188 1.337550 0.563299
v -0.766074 1.315651 0.563299
v -0.871188 1.315651 0.563299
v -0.871188 1.337550 0.403433
v -0.766074 1.337550 0.403433
v -0.871188 1.315651 0.403433
v -0.766074 1.315651 0.403433
v -0.871242 1.337586 0.563434
v -0.871242 1.331714 0.549258
v -0.871242 1.250500 0.599506
v -0.871242 1.244628 0.585330
v -0.766021 1.331714 0.549258
v -0.766021 1.337586 0.563434
v -0.766021 1.244628 0.585330
v -0.766021 1.250500 0.599506
v -0.766021 1.331714 0.549258
v -0.871242 1.331714 0.549258
v -0.766021 1.337586 0.563434
v -0.871242 1.337586 0.563434
v -0.766021 1.250500 0.599506
v -0.871242 1.250500 0.599506
v -0.766021 1.244628 0.585330
v -0.871242 1.244628 0.585330
v -0.766021 1.337586 0.563434
v -0.871242 1.337586 0.563434
v -0.766021 1.250500 0.599506
v -0.871242 1.250500 0.599506
v -0.871242 1.331714 0.549258
v -0.766021 1.331714 0.549258
v -0.871242 1.244628 0.585330
v -0.766021 1.244628 0.585330
v -0.893015 1.248845 0.492110
v -0.893015 1.330835 0.410121
v -0.893015 1.191607 0.434872
v -0.893015 1.273596 0.352882
v -0.744248 1.330835 0.410121
v -0.744248 1.248845 0.492110
v -0.744248 1.273596 0.352882
v -0.744248 1.191607 0.434872
v -0.744248 1.330835 0.410121
v -0.893015 1.330835 0.410121
v -0.744248 1.248845 0.492110
v -0.893015 1.248845 0.492110
v -0.744248 1.191607 0.434872
v -0.893015 1.191607 0.434872
v -0.744248 1.273596 0.352882
v -0.893015 1.273596 0.352882
v -0.744248 1.248845 0.492110
v -0.893015 1.248845 0.492110
v -0.744248 1.191607 0.434872
v -0.893015 1.191607 0.434872
v -0.893015 1.330835 0.410121
v -0.744248 1.330835 0.410121
v -0.893015 1.273596 0.352882
v -0.744248 1.273596 0.352882
v -0.893163 1.336770 0.404478
v -0.893163 1.309087 0.337645
v -0.893163 1.302341 0.418739
v -0.893163 1.274658 0.351906
v -0.744100 1.309087 0.337645
v -0.744100 1.336770 0.404478
v -0.744100 1.274658 0.351906
v -0.744100 1.302341 0.418739
v -0.744100 1.309087 0.337645
v -0.893163 1.309087 0.337645
v -0.744100 1.336770 0.404478
v -0.893163 1.336770 0.404478
v -0.744100 1.302341 0.418739
v -0.893163 1.302341 0.418739
v -0.744100 1.274658 0.351906
v -0.893163 1.274658 0.351906
v -0.744100 1.336770 0.404478
v -0.893163 1.336770 0.404478
v -0.744100 1.302341 0.418739
v -0.893163 1.302341 0.418739
v -0.893163 1.309087 0.337645
v -0.744100 1.309087 0.337645
v -0.893163 1.274658 0.351906
v -0.744100 1.274658 0.351906
v -0.893088 1.205460 0.714433
v -0.893088 1.249876 0.607200
v -0.893088 1.130602 0.683426
v -0.893088 1.175019 0.576193
v -0.744175 1.249876 0.607200
v -0.744175 1.205460 0.714433
v -0.744175 1.175019 0.576193
v -0.744175 1.130602 0.683426
v -0.744175 1.249876 0.607200
v -0.893088 1.249876 0.607200
v -0.744175 1.205460 0.714433
v -0.893088 1.205460 0.714433
v -0.744175 1.130602 0.683426
v -0.893088 1.130602 0.683426
v -0.744175 1.175019 0.576193
v -0.893088 1.175019 0.576193
v -0.744175 1.205460 0.714433
v -0.893088 1.205460 0.714433
v -0.744175 1.130602 0.683426
v -0.893088 1.130602 0.683426
v -0.893088 1.249876 0.607200
v -0.744175 1.249876 0.607200
v -0.893088 1.175019 0.576193
v -0.744175 1.175019 0.576193
v -0.816439 1.248259 0.708620
v -0.816439 1.267553 0.662040
v -0.816439 1.213829 0.694359
v -0.816439 1.233124 0.647779
v -0.766021 1.267553 0.662040
v -0.766021 1.248259 0.708620
v -0.766021 1.233124 0.647779
v -0.766021 1.213829 0.694359
v -0.766021 1.267553 0.662040
v -0.816439 1.267553 0.662040
v -0.766021 1.248259 0.708620
v -0.816439 1.248259 0.708620
v -0.766021 1.213829 0.694359
v -0.816439 1.213829 0.694359
v -0.766021 1.233124 0.647779
v -0.816439 1.233124 0.647779
v -0.766021 1.248259 0.708620
v -0.816439 1.248259 0.708620
v -0.766021 1.213829 0.694359
v -0.816439 1.213829 0.694359
v -0.816439 1.267553 0.662040
v -0.766021 1.267553 0.662040
v -0.816439 1.233124 0.647779
v -0.766021 1.233124 0.647779
v -0.863302 0.481721 1.328158
v -0.863302 0.481721 1.182928
v -0.863302 0.357136 1.328158
v -0.863302 0.357136 1.182928
v 0.836241 0.481721 1.182928
v 0.836241 0.481721 1.328158
v 0.836241 0.357136 1.182928
v 0.836241 0.357136 1.328158
v 0.836241 0.481721 1.182928
v -0.863302 0.481721 1.182928
v 0.836241 0.481721 1.328158
v -0.863302 0.481721 1.328158
v 0.836241 0.357136 1.328158
v -0.863302 0.357136 1.328158
v 0.836241 0.357136 1.182928
v -0.863302 0.357136 1.182928
v 0.836241 0.481721 1.328158
v -0.863302 0.481721 1.328158
v 0.836241 0.357136 1.328158
v -0.863302 0.357136 1.328158
v -0.863302 0.481721 1.182928
v 0.836241 0.481721 1.182928
v -0.863302 0.357136 1.182928
v 0.836241 0.357136 1.182928
v -0.724198 0.531423 1.353484
v -0.724198 0.531423 1.157602
v -0.724198 0.331791 1.353484
v -0.724198 0.331791 1.157602
v -0.631282 0.531423 1.157602
v -0.631282 0.531423 1.353484
v -0.631282 0.331791 1.157602
v -0.631282 0.331791 1.353484
v -0.631282 0.531423 1.157602
v -0.724198 0.531423 1.157602
v -0.631282 0.531423 1.353484
v -0.724198 0.531423 1.353484
v -0.631282 0.331791 1.353484
v -0.724198 0.331791 1.353484
v -0.631282 0.331791 1.157602
v -0.724198 0.331791 1.157602
v -0.631282 0.531423 1.353484
v -0.724198 0.531423 1.353484
v -0.631282 0.331791 1.353484
v -0.724198 0.331791 1.353484
v -0.724198 0.531423 1.157602
v -0.631282 0.531423 1.157602
v -0.724198 0.331791 1.157602
v -0.631282 0.331791 1.157602
v 0.604221 0.531423 1.353484
v 0.604221 0.531423 1.157602
v 0.604221 0.331791 1.353484
v 0.604221 0.331791 1.157602
v 0.697136 0.531423 1.157602
v 0.697136 0.531423 1.353484
v 0.697136 0.331791 1.157602
v 0.697136 0.331791 1.353484
v 0.697136 0.531423 1.157602
v 0.604221 0.531423 1.157602
v 0.697136 0.531423 1.353484
v 0.604221 0.531423 1.353484
v 0.697136 0.331791 1.353484
v 0.604221 0.331791 1.353484
v 0.697136 0.331791 1.157602
v 0.604221 0.331791 1.157602
v 0.697136 0.531423 1.353484
v 0.604221 0.531423 1.353484
v 0.697136 0.331791 1.353484
v 0.604221 0.331791 1.353484
v 0.604221 0.531423 1.157602
v 0.697136 0.531423 1.157602
v 0.604221 0.331791 1.157602
v 0.697136 0.331791 1.157602
v 0.598105 0.774668 2.146174
v 0.598105 0.420821 1.291912
v 0.598105 0.727074 2.165888
v 0.598105 0.373227 1.311626
v 0.690100 0.420821 1.291912
v 0.690100 0.774668 2.146174
v 0.690100 0.373227 1.311626
v 0.690100 0.727074 2.165888
v 0.690100 0.420821 1.291912
v 0.598105 0.420821 1.291912
v 0.690100 0.774668 2.146174
v 0.598105 0.774668 2.146174
v 0.690100 0.727074 2.165888
v 0.598105 0.727074 2.165888
v 0.690100 0.373227 1.311626
v 0.598105 0.373227 1.311626
v 0.690100 0.774668 2.146174
v 0.598105 0.774668 2.146174
v 0.690100 0.727074 2.165888
v 0.598105 0.727074 2.165888
v 0.598105 0.420821 1.291912
v 0.690100 0.420821 1.291912
v 0.598105 0.373227 1.311626
v 0.690100 0.373227 1.311626
v -0.717161 0.774668 2.146174
v -0.717161 0.420821 1.291912
v -0.717161 0.727074 2.165888
v -0.717161 0.373227 1.311626
v -0.625166 0.420821 1.291912
v -0.625166 0.774668 2.146174
v -0.625166 0.373227 1.311626
v -0.625166 0.727074 2.165888
v -0.625166 0.420821 1.291912
v -0.717161 0.420821 1.291912
v -0.625166 0.774668 2.146174
v -0.717161 0.774668 2.146174
v -0.625166 0.727074 2.165888
v -0.717161 0.727074 2.165888
v -0.625166 0.373227 1.311626
v -0.717161 0.373227 1.311626
v -0.625166 0.774668 2.146174
v -0.717161 0.774668 2.146174
v -0.625166 0.727074 2.165888
v -0.717161 0.727074 2.165888
v -0.717161 0.420821 1.291912
v -0.625166 0.420821 1.291912
v -0.717161 0.373227 1.311626
v -0.625166 0.373227 1.311626
v -0.156955 0.530435 1.449942
v -0.156955 0.530435 1.109858
v -0.156955 0.259709 1.449942
v -0.156955 0.259709 1.109858
v 0.154251 0.530435 1.109858
v 0.154251 0.530435 1.449942
v 0.154251 0.259709 1.109858
v 0.154251 0.259709 1.449942
v 0.154251 0.530435 1.109858
v -0.156955 0.530435 1.109858
v 0.154251 0.530435 1.449942
v -0.156955 0.530435 1.449942
v 0.154251 0.259709 1.449942
v -0.156955 0.259709 1.449942
v 0.154251 0.259709 1.109858
v -0.156955 0.259709 1.109858
v 0.154251 0.530435 1.449942
v -0.156955 0.530435 1.449942
v 0.154251 0.259709 1.449942
v -0.156955 0.259709 1.449942
v -0.156955 0.530435 1.109858
v 0.154251 0.530435 1.109858
v -0.156955 0.259709 1.109858
v 0.154251 0.259709 1.109858
v -0.156955 0.352308 1.148214
v -0.156955 0.827327 0.001417
v -0.156955 0.259710 1.109858
v -0.156955 0.734729 -0.036939
v 0.154251 0.827327 0.001417
v 0.154251 0.352308 1.148214
v 0.154251 0.734729 -0.036939
v 0.154251 0.259710 1.109858
v 0.154251 0.827327 0.001417
v -0.156955 0.827327 0.001417
v 0.154251 0.352308 1.148214
v -0.156955 0.352308 1.148214
v 0.154251 0.259710 1.109858
v -0.156955 0.259710 1.109858
v 0.154251 0.734729 -0.036939
v -0.156955 0.734729 -0.036939
v 0.154251 0.352308 1.148214
v -0.156955 0.352308 1.148214
v 0.154251 0.259710 1.109858
v -0.156955 0.259710 1.109858
v -0.156955 0.827327 0.001417
v 0.154251 0.827327 0.001417
v -0.156955 0.734729 -0.036939
v 0.154251 0.734729 -0.036939
v 0.596787 0.423633 -2.077765
v 0.603689 0.819054 -2.473246
v 0.596151 0.387213 -2.114191
v 0.603054 0.782634 -2.509672
v 0.695671 0.817449 -2.473246
v 0.688769 0.422028 -2.077765
v 0.695035 0.781028 -2.509672
v 0.688133 0.385607 -2.114191
v 0.695671 0.817449 -2.473246
v 0.603689 0.819054 -2.473246
v 0.688769 0.422028 -2.077765
v 0.596787 0.423633 -2.077765
v 0.688133 0.385607 -2.114191
v 0.596151 0.387213 -2.114191
v 0.695035 0.781028 -2.509672
v 0.603054 0.782634 -2.509672
v 0.688769 0.422028 -2.077765
v 0.596787 0.423633 -2.077765
v 0.688133 0.385607 -2.114191
v 0.596151 0.387213 -2.114191
v 0.603689 0.819054 -2.473246
v 0.695671 0.817449 -2.473246
v 0.603054 0.782634 -2.509672
v 0.695035 0.781028 -2.509672
v -0.718278 0.446588 -2.077765
v -0.711376 0.842009 -2.473246
v -0.718914 0.410167 -2.114191
v -0.712012 0.805588 -2.509672
v -0.619395 0.840403 -2.473246
v -0.626297 0.444982 -2.077765
v -0.620030 0.803983 -2.509672
v -0.626932 0.408562 -2.114191
v -0.619395 0.840403 -2.473246
v -0.711376 0.842009 -2.473246
v -0.626297 0.444982 -2.077765
v -0.718278 0.446588 -2.077765
v -0.626932 0.408562 -2.114191
v -0.718914 0.410167 -2.114191
v -0.620030 0.803983 -2.509672
v -0.712012 0.805588 -2.509672
v -0.626297 0.444982 -2.077765
v -0.718278 0.446588 -2.077765
v -0.626932 0.408562 -2.114191
v -0.718914 0.410167 -2.114191
v -0.711376 0.842009 -2.473246
v -0.619395 0.840403 -2.473246
v -0.712012 0.805588 -2.509672
v -0.620030 0.803983 -2.509672
v -0.156480 0.532934 -1.862579
v -0.156480 0.532934 -2.202663
v -0.161205 0.262250 -1.862579
v -0.161205 0.262250 -2.202663
v 0.154679 0.527503 -2.202663
v 0.154679 0.527503 -1.862579
v 0.149954 0.256818 -2.202663
v 0.149954 0.256818 -1.862579
v 0.154679 0.527503 -2.202663
v -0.156480 0.532934 -2.202663
v 0.154679 0.527503 -1.862579
v -0.156480 0.532934 -1.862579
v 0.149954 0.256818 -1.862579
v -0.161205 0.262250 -1.862579
v 0.149954 0.256818 -2.202663
v -0.161205 0.262250 -2.202663
v 0.154679 0.527503 -1.862579
v -0.156480 0.532934 -1.862579
v 0.149954 0.256818 -1.862579
v -0.161205 0.262250 -1.862579
v -0.156480 0.532934 -2.202663
v 0.154679 0.527503 -2.202663
v -0.161205 0.262250 -2.202663
v 0.149954 0.256818 -2.202663
v -0.103346 0.785752 -1.192456
v -0.109684 0.422639 -2.069221
v -0.105748 0.648168 -1.135459
v -0.112086 0.285056 -2.012223
v 0.104063 0.418908 -2.069221
v 0.110401 0.782021 -1.192456
v 0.101661 0.281325 -2.012223
v 0.107999 0.644438 -1.135459
v 0.104063 0.418908 -2.069221
v -0.109684 0.422639 -2.069221
v 0.110401 0.782021 -1.192456
v -0.103346 0.785752 -1.192456
v 0.107999 0.644438 -1.135459
v -0.105748 0.648168 -1.135459
v 0.101661 0.281325 -2.012223
v -0.112086 0.285056 -2.012223
v 0.110401 0.782021 -1.192456
v -0.103346 0.785752 -1.192456
v 0.107999 0.644438 -1.135459
v -0.105748 0.648168 -1.135459
v -0.109684 0.422639 -2.069221
v 0.104063 0.418908 -2.069221
v -0.112086 0.285056 -2.012223
v 0.101661 0.281325 -2.012223
v 0.602002 0.722379 -1.263869
v 0.596640 0.415183 -2.005617
v 0.601171 0.674793 -1.244155
v 0.595809 0.367597 -1.985903
v 0.688621 0.413578 -2.005617
v 0.693983 0.720773 -1.263869
v 0.687791 0.365992 -1.985903
v 0.693153 0.673187 -1.244155
v 0.688621 0.413578 -2.005617
v 0.596640 0.415183 -2.005617
v 0.693983 0.720773 -1.263869
v 0.602002 0.722379 -1.263869
v 0.693153 0.673187 -1.244155
v 0.601171 0.674793 -1.244155
v 0.687791 0.365992 -1.985903
v 0.595809 0.367597 -1.985903
v 0.693983 0.720773 -1.263869
v 0.602002 0.722379 -1.263869
v 0.693153 0.673187 -1.244155
v 0.601171 0.674793 -1.244155
v 0.596640 0.415183 -2.005617
v 0.688621 0.413578 -2.005617
v 0.595809 0.367597 -1.985903
v 0.687791 0.365992 -1.985903
v 0.598465 0.519756 -1.960006
v 0.598465 0.519756 -2.153950
v 0.595441 0.346484 -1.960006
v 0.595441 0.346484 -2.153950
v 0.690447 0.518151 -2.153950
v 0.690447 0.518151 -1.960006
v 0.687422 0.344879 -2.153950
v 0.687422 0.344879 -1.960006
v 0.690447 0.518151 -2.153950
v 0.598465 0.519756 -2.153950
v 0.690447 0.518151 -1.960006
v 0.598465 0.519756 -1.960006
v 0.687422 0.344879 -1.960006
v 0.595441 0.346484 -1.960006
v 0.687422 0.344879 -2.153950
v 0.595441 0.346484 -2.153950
v 0.690447 0.518151 -1.960006
v 0.598465 0.519756 -1.960006
v 0.687422 0.344879 -1.960006
v 0.595441 0.346484 -1.960006
v 0.598465 0.519756 -2.153950
v 0.690447 0.518151 -2.153950
v 0.595441 0.346484 -2.153950
v 0.687422 0.344879 -2.153950
v -0.716600 0.542711 -1.960006
v -0.716600 0.542711 -2.153950
v -0.719625 0.369439 -1.960006
v -0.719625 0.369439 -2.153950
v -0.624619 0.541106 -2.153950
v -0.624619 0.541106 -1.960006
v -0.627643 0.367833 -2.153950
v -0.627643 0.367833 -1.960006
v -0.624619 0.541106 -2.153950
v -0.716600 0.542711 -2.153950
v -0.624619 0.541106 -1.960006
v -0.716600 0.542711 -1.960006
v -0.627643 0.367833 -1.960006
v -0.719625 0.369439 -1.960006
v -0.627643 0.367833 -2.153950
v -0.719625 0.369439 -2.153950
v -0.624619 0.541106 -1.960006
v -0.716600 0.542711 -1.960006
v -0.627643 0.367833 -1.960006
v -0.719625 0.369439 -1.960006
v -0.716600 0.542711 -2.153950
v -0.624619 0.541106 -2.153950
v -0.719625 0.369439 -2.153950
v -0.627643 0.367833 -2.153950
v -0.713064 0.745333 -1.263869
v -0.718426 0.438138 -2.005617
v -0.713894 0.697747 -1.244155
v -0.719256 0.390552 -1.985903
v -0.626444 0.436532 -2.005617
v -0.621082 0.743728 -1.263869
v -0.627275 0.388946 -1.985903
v -0.621913 0.696142 -1.244155
v -0.626444 0.436532 -2.005617
v -0.718426 0.438138 -2.005617
v -0.621082 0.743728 -1.263869
v -0.713064 0.745333 -1.263869
v -0.621913 0.696142 -1.244155
v -0.713894 0.697747 -1.244155
v -0.627275 0.388946 -1.985903
v -0.719256 0.390552 -1.985903
v -0.621082 0.743728 -1.263869
v -0.713064 0.745333 -1.263869
v -0.621913 0.696142 -1.244155
v -0.713894 0.697747 -1.244155
v -0.718426 0.438138 -2.005617
v -0.626444 0.436532 -2.005617
v -0.719256 0.390552 -1.985903
v -0.627275 0.388946 -1.985903
v -0.863144 0.520908 -1.984363
v -0.863144 0.520908 -2.129593
v -0.865318 0.396343 -1.984363
v -0.865318 0.396343 -2.129593
v 0.836140 0.491247 -2.129593
v 0.836140 0.491247 -1.984363
v 0.833966 0.366681 -2.129593
v 0.833966 0.366681 -1.984363
v 0.836140 0.491247 -2.129593
v -0.863144 0.520908 -2.129593
v 0.836140 0.491247 -1.984363
v -0.863144 0.520908 -1.984363
v 0.833966 0.366681 -1.984363
v -0.865318 0.396343 -1.984363
v 0.833966 0.366681 -2.129593
v -0.865318 0.396343 -2.129593
v 0.836140 0.491247 -1.984363
v -0.863144 0.520908 -1.984363
v 0.833966 0.366681 -1.984363
v -0.865318 0.396343 -1.984363
v -0.863144 0.520908 -2.129593
v 0.836140 0.491247 -2.129593
v -0.865318 0.396343 -2.129593
v 0.833966 0.366681 -2.129593
v 0.978355 1.352688 -0.255846
v 0.978355 1.352688 -1.223777
v 0.978355 0.673675 -0.255846
v 0.978355 0.673675 -1.223777
v 1.095385 1.352688 -1.223777
v 1.095385 1.352688 -0.255846
v 1.095385 0.673675 -1.223777
v 1.095385 0.673675 -0.255846
v 1.095385 1.352688 -1.223777
v 0.978355 1.352688 -1.223777
v 1.095385 1.352688 -0.255846
v 0.978355 1.352688 -0.255846
v 1.095385 0.673675 -0.255846
v 0.978355 0.673675 -0.255846
v 1.095385 0.673675 -1.223777
v 0.978355 0.673675 -1.223777
v 1.095385 1.352688 -0.255846
v 0.978355 1.352688 -0.255846
v 1.095385 0.673675 -0.255846
v 0.978355 0.673675 -0.255846
v 0.978355 1.352688 -1.223777
v 1.095385 1.352688 -1.223777
v 0.978355 0.673675 -1.223777
v 1.095385 0.673675 -1.223777
v 0.993028 1.254292 -0.353758
v 0.993028 1.254292 -0.614375
v 1.028913 1.167657 -0.353758
v 1.028913 1.167657 -0.614375
v 1.101041 1.299033 -0.614375
v 1.101041 1.299033 -0.353758
v 1.136926 1.212397 -0.614375
v 1.136926 1.212397 -0.353758
v 1.101041 1.299033 -0.614375
v 0.993028 1.254292 -0.614375
v 1.101041 1.299033 -0.353758
v 0.993028 1.254292 -0.353758
v 1.136926 1.212397 -0.353758
v 1.028913 1.167657 -0.353758
v 1.136926 1.212397 -0.614375
v 1.028913 1.167657 -0.614375
v 1.101041 1.299033 -0.353758
v 0.993028 1.254292 -0.353758
v 1.136926 1.212397 -0.353758
v 1.028913 1.167657 -0.353758
v 0.993028 1.254292 -0.614375
v 1.101041 1.299033 -0.614375
v 1.028913 1.167657 -0.614375
v 1.136926 1.212397 -0.614375
v 0.931759 1.436957 -0.257074
v 0.931759 1.436957 -1.223070
v 0.985301 1.307696 -0.257074
v 0.985301 1.307696 -1.223070
v 1.039664 1.481652 -1.223070
v 1.039664 1.481652 -0.257074
v 1.093206 1.352391 -1.223070
v 1.093206 1.352391 -0.257074
v 1.039664 1.481652 -1.223070
v 0.931759 1.436957 -1.223070
v 1.039664 1.481652 -0.257074
v 0.931759 1.436957 -0.257074
v 1.093206 1.352391 -0.257074
v 0.985301 1.307696 -0.257074
v 1.093206 1.352391 -1.223070
v 0.985301 1.307696 -1.223070
v 1.039664 1.481652 -0.257074
v 0.931759 1.436957 -0.257074
v 1.093206 1.352391 -0.257074
v 0.985301 1.307696 -0.257074
v 0.931759 1.436957 -1.223070
v 1.039664 1.481652 -1.223070
v 0.985301 1.307696 -1.223070
v 1.093206 1.352391 -1.223070
v 1.178270 1.632601 -0.979637
v 1.208171 1.632601 -1.051824
v 1.178270 1.464237 -0.979637
v 1.208171 1.464237 -1.051824
v 1.418700 1.632601 -0.964620
v 1.388799 1.632601 -0.892434
v 1.418700 1.464237 -0.964620
v 1.388799 1.464237 -0.892434
v 1.418700 1.632601 -0.964620
v 1.208171 1.632601 -1.051824
v 1.388799 1.632601 -0.892434
v 1.178270 1.632601 -0.979637
v 1.388799 1.464237 -0.892434
v 1.178270 1.464237 -0.979637
v 1.418700 1.464237 -0.964620
v 1.208171 1.464237 -1.051824
v 1.388799 1.632601 -0.892434
v 1.178270 1.632601 -0.979637
v 1.388799 1.464237 -0.892434
v 1.178270 1.464237 -0.979637
v 1.208171 1.632601 -1.051824
v 1.418700 1.632601 -0.964620
v 1.208171 1.464237 -1.051824
v 1.418700 1.464237 -0.964620
v 1.188258 1.619054 -0.955832
v 1.213424 1.619054 -1.016590
v 1.188258 1.477784 -0.955832
v 1.213424 1.477784 -1.016590
v 1.390071 1.619054 -0.943420
v 1.364904 1.619054 -0.882663
v 1.390071 1.477784 -0.943420
v 1.364904 1.477784 -0.882663
v 1.390071 1.619054 -0.943420
v 1.213424 1.619054 -1.016590
v 1.364904 1.619054 -0.882663
v 1.188258 1.619054 -0.955832
v 1.364904 1.477784 -0.882663
v 1.188258 1.477784 -0.955832
v 1.390071 1.477784 -0.943420
v 1.213424 1.477784 -1.016590
v 1.364904 1.619054 -0.882663
v 1.188258 1.619054 -0.955832
v 1.364904 1.477784 -0.882663
v 1.188258 1.477784 -0.955832
v 1.213424 1.619054 -1.016590
v 1.390071 1.619054 -0.943420
v 1.213424 1.477784 -1.016590
v 1.390071 1.477784 -0.943420
v 1.074803 1.401063 -0.913964
v 1.074803 1.401063 -1.077154
v 1.074803 1.282933 -0.913964
v 1.074803 1.282933 -1.077154
v 1.118645 1.401063 -1.077154
v 1.118645 1.401063 -0.913964
v 1.118645 1.282933 -1.077154
v 1.118645 1.282933 -0.913964
v 1.118645 1.401063 -1.077154
v 1.074803 1.401063 -1.077154
v 1.118645 1.401063 -0.913964
v 1.074803 1.401063 -0.913964
v 1.118645 1.282933 -0.913964
v 1.074803 1.282933 -0.913964
v 1.118645 1.282933 -1.077154
v 1.074803 1.282933 -1.077154
v 1.118645 1.401063 -0.913964
v 1.074803 1.401063 -0.913964
v 1.118645 1.282933 -0.913964
v 1.074803 1.282933 -0.913964
v 1.074803 1.401063 -1.077154
v 1.118645 1.401063 -1.077154
v 1.074803 1.282933 -1.077154
v 1.118645 1.282933 -1.077154
v 1.039458 1.315733 -0.962677
v 1.039458 1.315733 -1.004084
v 1.070459 1.284732 -0.962677
v 1.070459 1.284732 -1.004084
v 1.243549 1.519824 -1.004084
v 1.243549 1.519824 -0.962677
v 1.274550 1.488822 -1.004084
v 1.274550 1.488822 -0.962677
v 1.243549 1.519824 -1.004084
v 1.039458 1.315733 -1.004084
v 1.243549 1.519824 -0.962677
v 1.039458 1.315733 -0.962677
v 1.274550 1.488822 -0.962677
v 1.070459 1.284732 -0.962677
v 1.274550 1.488822 -1.004084
v 1.070459 1.284732 -1.004084
v 1.243549 1.519824 -0.962677
v 1.039458 1.315733 -0.962677
v 1.274550 1.488822 -0.962677
v 1.070459 1.284732 -0.962677
v 1.039458 1.315733 -1.004084
v 1.243549 1.519824 -1.004084
v 1.070459 1.284732 -1.004084
v 1.274550 1.488822 -1.004084
v 0.948138 2.157640 -0.443878
v 0.948138 2.157640 -0.948063
v 0.948138 1.433026 -0.443878
v 0.948138 1.433026 -0.948063
v 1.040694 2.157640 -0.948063
v 1.040694 2.157640 -0.443878
v 1.040694 1.433026 -0.948063
v 1.040694 1.433026 -0.443878
v 1.040694 2.157640 -0.948063
v 0.948138 2.157640 -0.948063
v 1.040694 2.157640 -0.443878
v 0.948138 2.157640 -0.443878
v 1.040694 1.433026 -0.443878
v 0.948138 1.433026 -0.443878
v 1.040694 1.433026 -0.948063
v 0.948138 1.433026 -0.948063
v 1.040694 2.157640 -0.443878
v 0.948138 2.157640 -0.443878
v 1.040694 1.433026 -0.443878
v 0.948138 1.433026 -0.443878
v 0.948138 2.157640 -0.948063
v 1.040694 2.157640 -0.948063
v 0.948138 1.433026 -0.948063
v 1.040694 1.433026 -0.948063
v 0.938651 2.019926 -0.629587
v 0.938651 2.155574 -0.957070
v 0.938651 1.379443 -0.894885
v 0.938651 1.515090 -1.222367
v 1.030281 2.155574 -0.957070
v 1.030281 2.019926 -0.629587
v 1.030281 1.515090 -1.222367
v 1.030281 1.379443 -0.894885
v 1.030281 2.155574 -0.957070
v 0.938651 2.155574 -0.957070
v 1.030281 2.019926 -0.629587
v 0.938651 2.019926 -0.629587
v 1.030281 1.379443 -0.894885
v 0.938651 1.379443 -0.894885
v 1.030281 1.515090 -1.222367
v 0.938651 1.515090 -1.222367
v 1.030281 2.019926 -0.629587
v 0.938651 2.019926 -0.629587
v 1.030281 1.379443 -0.894885
v 0.938651 1.379443 -0.894885
v 0.938651 2.155574 -0.957070
v 1.030281 2.155574 -0.957070
v 0.938651 1.515090 -1.222367
v 1.030281 1.515090 -1.222367
v 0.949086 1.512636 -0.257914
v 0.949086 1.512636 -1.225845
v 0.949086 1.321246 -0.257914
v 0.949086 1.321246 -1.225845
v 1.041734 1.512636 -1.225845
v 1.041734 1.512636 -0.257914
v 1.041734 1.321246 -1.225845
v 1.041734 1.321246 -0.257914
v 1.041734 1.512636 -1.225845
v 0.949086 1.512636 -1.225845
v 1.041734 1.512636 -0.257914
v 0.949086 1.512636 -0.257914
v 1.041734 1.321246 -0.257914
v 0.949086 1.321246 -0.257914
v 1.041734 1.321246 -1.225845
v 0.949086 1.321246 -1.225845
v 1.041734 1.512636 -0.257914
v 0.949086 1.512636 -0.257914
v 1.041734 1.321246 -0.257914
v 0.949086 1.321246 -0.257914
v 0.949086 1.512636 -1.225845
v 1.041734 1.512636 -1.225845
v 0.949086 1.321246 -1.225845
v 1.041734 1.321246 -1.225845
v 0.948138 2.157640 -0.256331
v 0.948138 2.157640 -0.443878
v 0.948138 1.433026 -0.256331
v 0.948138 1.433026 -0.443878
v 1.040694 2.157640 -0.443878
v 1.040694 2.157640 -0.256331
v 1.040694 1.433026 -0.443878
v 1.040694 1.433026 -0.256331
v 1.040694 2.157640 -0.443878
v 0.948138 2.157640 -0.443878
v 1.040694 2.157640 -0.256331
v 0.948138 2.157640 -0.256331
v 1.040694 1.433026 -0.256331
v 0.948138 1.433026 -0.256331
v 1.040694 1.433026 -0.443878
v 0.948138 1.433026 -0.443878
v 1.040694 2.157640 -0.256331
v 0.948138 2.157640 -0.256331
v 1.040694 1.433026 -0.256331
v 0.948138 1.433026 -0.256331
v 0.948138 2.157640 -0.443878
v 1.040694 2.157640 -0.443878
v 0.948138 1.433026 -0.443878
v 1.040694 1.433026 -0.443878
v -1.041839 2.157640 -0.443878
v -1.041839 2.157640 -0.948063
v -1.041839 1.433026 -0.443878
v -1.041839 1.433026 -0.948063
v -0.949284 2.157640 -0.948063
v -0.949284 2.157640 -0.443878
v -0.949284 1.433026 -0.948063
v -0.949284 1.433026 -0.443878
v -0.949284 2.157640 -0.948063
v -1.041839 2.157640 -0.948063
v -0.949284 2.157640 -0.443878
v -1.041839 2.157640 -0.443878
v -0.949284 1.433026 -0.443878
v -1.041839 1.433026 -0.443878
v -0.949284 1.433026 -0.948063
v -1.041839 1.433026 -0.948063
v -0.949284 2.157640 -0.443878
v -1.041839 2.157640 -0.443878
v -0.949284 1.433026 -0.443878
v -1.041839 1.433026 -0.443878
v -1.041839 2.157640 -0.948063
v -0.949284 2.157640 -0.948063
v -1.041839 1.433026 -0.948063
v -0.949284 1.433026 -0.948063
v -1.041839 2.157640 -0.256331
v -1.041839 2.157640 -0.443878
v -1.041839 1.433026 -0.256331
v -1.041839 1.433026 -0.443878
v -0.949284 2.157640 -0.443878
v -0.949284 2.157640 -0.256331
v -0.949284 1.433026 -0.443878
v -0.949284 1.433026 -0.256331
v -0.949284 2.157640 -0.443878
v -1.041839 2.157640 -0.443878
v -0.949284 2.157640 -0.256331
v -1.041839 2.157640 -0.256331
v -0.949284 1.433026 -0.256331
v -1.041839 1.433026 -0.256331
v -0.949284 1.433026 -0.443878
v -1.041839 1.433026 -0.443878
v -0.949284 2.157640 -0.256331
v -1.041839 2.157640 -0.256331
v -0.949284 1.433026 -0.256331
v -1.041839 1.433026 -0.256331
v -1.041839 2.157640 -0.443878
v -0.949284 2.157640 -0.443878
v -1.041839 1.433026 -0.443878
v -0.949284 1.433026 -0.443878
v -1.040786 1.481652 -0.257074
v -1.040786 1.481652 -1.223070
v -1.094328 1.352391 -0.257074
v -1.094328 1.352391 -1.223070
v -0.932881 1.436957 -1.223070
v -0.932881 1.436957 -0.257074
v -0.986423 1.307696 -1.223070
v -0.986423 1.307696 -0.257074
v -0.932881 1.436957 -1.223070
v -1.040786 1.481652 -1.223070
v -0.932881 1.436957 -0.257074
v -1.040786 1.481652 -0.257074
v -0.986423 1.307696 -0.257074
v -1.094328 1.352391 -0.257074
v -0.986423 1.307696 -1.223070
v -1.094328 1.352391 -1.223070
v -0.932881 1.436957 -0.257074
v -1.040786 1.481652 -0.257074
v -0.986423 1.307696 -0.257074
v -1.094328 1.352391 -0.257074
v -1.040786 1.481652 -1.223070
v -0.932881 1.436957 -1.223070
v -1.094328 1.352391 -1.223070
v -0.986423 1.307696 -1.223070
v -1.102186 1.299033 -0.353758
v -1.102186 1.299033 -0.614375
v -1.138072 1.212397 -0.353758
v -1.138072 1.212397 -0.614375
v -0.994173 1.254292 -0.614375
v -0.994173 1.254292 -0.353758
v -1.030059 1.167657 -0.614375
v -1.030059 1.167657 -0.353758
v -0.994173 1.254292 -0.614375
v -1.102186 1.299033 -0.614375
v -0.994173 1.254292 -0.353758
v -1.102186 1.299033 -0.353758
v -1.030059 1.167657 -0.353758
v -1.138072 1.212397 -0.353758
v -1.030059 1.167657 -0.614375
v -1.138072 1.212397 -0.614375
v -0.994173 1.254292 -0.353758
v -1.102186 1.299033 -0.353758
v -1.030059 1.167657 -0.353758
v -1.138072 1.212397 -0.353758
v -1.102186 1.299033 -0.614375
v -0.994173 1.254292 -0.614375
v -1.138072 1.212397 -0.614375
v -1.030059 1.167657 -0.614375
v -1.096530 1.352688 -0.255846
v -1.096530 1.352688 -1.223777
v -1.096530 0.673675 -0.255846
v -1.096530 0.673675 -1.223777
v -0.979501 1.352688 -1.223777
v -0.979501 1.352688 -0.255846
v -0.979501 0.673675 -1.223777
v -0.979501 0.673675 -0.255846
v -0.979501 1.352688 -1.223777
v -1.096530 1.352688 -1.223777
v -0.979501 1.352688 -0.255846
v -1.096530 1.352688 -0.255846
v -0.979501 0.673675 -0.255846
v -1.096530 0.673675 -0.255846
v -0.979501 0.673675 -1.223777
v -1.096530 0.673675 -1.223777
v -0.979501 1.352688 -0.255846
v -1.096530 1.352688 -0.255846
v -0.979501 0.673675 -0.255846
v -1.096530 0.673675 -0.255846
v -1.096530 1.352688 -1.223777
v -0.979501 1.352688 -1.223777
v -1.096530 0.673675 -1.223777
v -0.979501 0.673675 -1.223777
v -1.244694 1.519824 -0.962677
v -1.244694 1.519824 -1.004084
v -1.275696 1.488822 -0.962677
v -1.275696 1.488822 -1.004084
v -1.040604 1.315733 -1.004084
v -1.040604 1.315733 -0.962677
v -1.071605 1.284732 -1.004084
v -1.071605 1.284732 -0.962677
v -1.040604 1.315733 -1.004084
v -1.244694 1.519824 -1.004084
v -1.040604 1.315733 -0.962677
v -1.244694 1.519824 -0.962677
v -1.071605 1.284732 -0.962677
v -1.275696 1.488822 -0.962677
v -1.071605 1.284732 -1.004084
v -1.275696 1.488822 -1.004084
v -1.040604 1.315733 -0.962677
v -1.244694 1.519824 -0.962677
v -1.071605 1.284732 -0.962677
v -1.275696 1.488822 -0.962677
v -1.244694 1.519824 -1.004084
v -1.040604 1.315733 -1.004084
v -1.275696 1.488822 -1.004084
v -1.071605 1.284732 -1.004084
v -1.366049 1.619054 -0.882663
v -1.391216 1.619054 -0.943420
v -1.366049 1.477784 -0.882663
v -1.391216 1.477784 -0.943420
v -1.214569 1.619054 -1.016590
v -1.189403 1.619054 -0.955832
v -1.214569 1.477784 -1.016590
v -1.189403 1.477784 -0.955832
v -1.214569 1.619054 -1.016590
v -1.391216 1.619054 -0.943420
v -1.189403 1.619054 -0.955832
v -1.366049 1.619054 -0.882663
v -1.189403 1.477784 -0.955832
v -1.366049 1.477784 -0.882663
v -1.214569 1.477784 -1.016590
v -1.391216 1.477784 -0.943420
v -1.189403 1.619054 -0.955832
v -1.366049 1.619054 -0.882663
v -1.189403 1.477784 -0.955832
v -1.366049 1.477784 -0.882663
v -1.391216 1.619054 -0.943420
v -1.214569 1.619054 -1.016590
v -1.391216 1.477784 -0.943420
v -1.214569 1.477784 -1.016590
v -1.389003 1.631768 -0.893111
v -1.418700 1.631768 -0.964805
v -1.389003 1.465070 -0.893111
v -1.418700 1.465070 -0.964805
v -1.210257 1.631768 -1.051145
v -1.180560 1.631768 -0.979451
v -1.210257 1.465070 -1.051145
v -1.180560 1.465070 -0.979451
v -1.210257 1.631768 -1.051145
v -1.418700 1.631768 -0.964805
v -1.180560 1.631768 -0.979451
v -1.389003 1.631768 -0.893111
v -1.180560 1.465070 -0.979451
v -1.389003 1.465070 -0.893111
v -1.210257 1.465070 -1.051145
v -1.418700 1.465070 -0.964805
v -1.180560 1.631768 -0.979451
v -1.389003 1.631768 -0.893111
v -1.180560 1.465070 -0.979451
v -1.389003 1.465070 -0.893111
v -1.418700 1.631768 -0.964805
v -1.210257 1.631768 -1.051145
v -1.418700 1.465070 -0.964805
v -1.210257 1.465070 -1.051145
v -1.119791 1.401063 -0.913964
v -1.119791 1.401063 -1.077154
v -1.119791 1.282933 -0.913964
v -1.119791 1.282933 -1.077154
v -1.075948 1.401063 -1.077154
v -1.075948 1.401063 -0.913964
v -1.075948 1.282933 -1.077154
v -1.075948 1.282933 -0.913964
v -1.075948 1.401063 -1.077154
v -1.119791 1.401063 -1.077154
v -1.075948 1.401063 -0.913964
v -1.119791 1.401063 -0.913964
v -1.075948 1.282933 -0.913964
v -1.119791 1.282933 -0.913964
v -1.075948 1.282933 -1.077154
v -1.119791 1.282933 -1.077154
v -1.075948 1.401063 -0.913964
v -1.119791 1.401063 -0.913964
v -1.075948 1.282933 -0.913964
v -1.119791 1.282933 -0.913964
v -1.119791 1.401063 -1.077154
v -1.075948 1.401063 -1.077154
v -1.119791 1.282933 -1.077154
v -1.075948 1.282933 -1.077154
v -1.031427 2.019926 -0.629587
v -1.031427 2.155574 -0.957070
v -1.031427 1.379443 -0.894884
v -1.031427 1.515090 -1.222367
v -0.939797 2.155574 -0.957070
v -0.939797 2.019926 -0.629587
v -0.939797 1.515090 -1.222367
v -0.939797 1.379443 -0.894884
v -0.939797 2.155574 -0.957070
v -1.031427 2.155574 -0.957070
v -0.939797 2.019926 -0.629587
v -1.031427 2.019926 -0.629587
v -0.939797 1.379443 -0.894884
v -1.031427 1.379443 -0.894884
v -0.939797 1.515090 -1.222367
v -1.031427 1.515090 -1.222367
v -0.939797 2.019926 -0.629587
v -1.031427 2.019926 -0.629587
v -0.939797 1.379443 -0.894884
v -1.031427 1.379443 -0.894884
v -1.031427 2.155574 -0.957070
v -0.939797 2.155574 -0.957070
v -1.031427 1.515090 -1.222367
v -0.939797 1.515090 -1.222367
v -1.042879 1.512636 -0.257914
v -1.042879 1.512636 -1.225845
v -1.042879 1.321246 -0.257914
v -1.042879 1.321246 -1.225845
v -0.950231 1.512636 -1.225845
v -0.950231 1.512636 -0.257914
v -0.950231 1.321246 -1.225845
v -0.950231 1.321246 -0.257914
v -0.950231 1.512636 -1.225845
v -1.042879 1.512636 -1.225845
v -0.950231 1.512636 -0.257914
v -1.042879 1.512636 -0.257914
v -0.950231 1.321246 -0.257914
v -1.042879 1.321246 -0.257914
v -0.950231 1.321246 -1.225845
v -1.042879 1.321246 -1.225845
v -0.950231 1.512636 -0.257914
v -1.042879 1.512636 -0.257914
v -0.950231 1.321246 -0.257914
v -1.042879 1.321246 -0.257914
v -1.042879 1.512636 -1.225845
v -0.950231 1.512636 -1.225845
v -1.042879 1.321246 -1.225845
v -0.950231 1.321246 -1.225845
v -1.033041 1.283562 -2.560559
v -1.095423 1.283562 -2.711163
v -1.033041 0.851705 -2.560559
v -1.095423 0.851705 -2.711163
v -0.830184 1.283562 -2.821029
v -0.767801 1.283562 -2.670424
v -0.830184 0.851705 -2.821029
v -0.767801 0.851705 -2.670424
v -0.830184 1.283562 -2.821029
v -1.095423 1.283562 -2.711163
v -0.767801 1.283562 -2.670424
v -1.033041 1.283562 -2.560559
v -0.767801 0.851705 -2.670424
v -1.033041 0.851705 -2.560559
v -0.830184 0.851705 -2.821029
v -1.095423 0.851705 -2.711163
v -0.767801 1.283562 -2.670424
v -1.033041 1.283562 -2.560559
v -0.767801 0.851705 -2.670424
v -1.033041 0.851705 -2.560559
v -1.095423 1.283562 -2.711163
v -0.830184 1.283562 -2.821029
v -1.095423 0.851705 -2.711163
v -0.830184 0.851705 -2.821029
v 0.766657 1.283562 -2.670426
v 0.829038 1.283562 -2.821028
v 0.766657 0.851705 -2.670426
v 0.829038 0.851705 -2.821028
v 1.094278 1.283562 -2.711162
v 1.031897 1.283562 -2.560560
v 1.094278 0.851705 -2.711162
v 1.031897 0.851705 -2.560560
v 1.094278 1.283562 -2.711162
v 0.829038 1.283562 -2.821028
v 1.031897 1.283562 -2.560560
v 0.766657 1.283562 -2.670426
v 1.031897 0.851705 -2.560560
v 0.766657 0.851705 -2.670426
v 1.094278 0.851705 -2.711162
v 0.829038 0.851705 -2.821028
v 1.031897 1.283562 -2.560560
v 0.766657 1.283562 -2.670426
v 1.031897 0.851705 -2.560560
v 0.766657 0.851705 -2.670426
v 0.829038 1.283562 -2.821028
v 1.094278 1.283562 -2.711162
v 0.829038 0.851705 -2.821028
v 1.094278 0.851705 -2.711162
v -0.108200 1.896979 -0.957243
v -0.108200 1.896979 -0.976728
v -0.108200 1.685075 -0.957243
v -0.108200 1.685075 -0.976728
v 0.072040 1.896979 -0.976728
v 0.072040 1.896979 -0.957243
v 0.072040 1.685075 -0.976728
v 0.072040 1.685075 -0.957243
v 0.072040 1.896979 -0.976728
v -0.108200 1.896979 -0.976728
v 0.072040 1.896979 -0.957243
v -0.108200 1.896979 -0.957243
v 0.072040 1.685075 -0.957243
v -0.108200 1.685075 -0.957243
v 0.072040 1.685075 -0.976728
v -0.108200 1.685075 -0.976728
v 0.072040 1.896979 -0.957243
v -0.108200 1.896979 -0.957243
v 0.072040 1.685075 -0.957243
v -0.108200 1.685075 -0.957243
v -0.108200 1.896979 -0.976728
v 0.072040 1.896979 -0.976728
v -0.108200 1.685075 -0.976728
v 0.072040 1.685075 -0.976728
vt 0.640625 0.097656
vt 0.670898 0.097656
vt 0.640625 0.100586
vt 0.670898 0.100586
vt 0.640625 0.093750
vt 0.670898 0.093750
vt 0.640625 0.096680
vt 0.670898 0.096680
vt 0.527344 0.000000
vt 0.546875 0.000000
vt 0.527344 0.030273
vt 0.546875 0.030273
vt 0.527344 0.061523
vt 0.546875 0.061523
vt 0.527344 0.031250
vt 0.546875 0.031250
vt 0.500000 0.109375
vt 0.519531 0.109375
vt 0.500000 0.112305
vt 0.519531 0.112305
vt 0.539062 0.171875
vt 0.558594 0.171875
vt 0.539062 0.174805
vt 0.558594 0.174805
vt 0.691406 0.070312
vt 0.715820 0.070312
vt 0.691406 0.072266
vt 0.715820 0.072266
vt 0.691406 0.035156
vt 0.715820 0.035156
vt 0.691406 0.037109
vt 0.715820 0.037109
vt 0.500000 0.000000
vt 0.527344 0.000000
vt 0.500000 0.024414
vt 0.527344 0.024414
vt 0.500000 0.051758
vt 0.527344 0.051758
vt 0.500000 0.027344
vt 0.527344 0.027344
vt 0.675781 0.136719
vt 0.703125 0.136719
vt 0.675781 0.138672
vt 0.703125 0.138672
vt 0.640625 0.175781
vt 0.667969 0.175781
vt 0.640625 0.177734
vt 0.667969 0.177734
vt 0.640625 0.171875
vt 0.699219 0.171875
vt 0.640625 0.172852
vt 0.699219 0.172852
vt 0.671875 0.097656
vt 0.730469 0.097656
vt 0.671875 0.098633
vt 0.730469 0.098633
vt 0.531250 0.125000
vt 0.533203 0.125000
vt 0.531250 0.183594
vt 0.533203 0.183594
vt 0.535156 0.183594
vt 0.537109 0.183594
vt 0.535156 0.125000
vt 0.537109 0.125000
vt 0.554688 0.320312
vt 0.556641 0.320312
vt 0.554688 0.321289
vt 0.556641 0.321289
vt 0.820312 0.054688
vt 0.822266 0.054688
vt 0.820312 0.055664
vt 0.822266 0.055664
vt 0.812500 0.152344
vt 0.814453 0.152344
vt 0.812500 0.154297
vt 0.814453 0.154297
vt 0.652344 0.312500
vt 0.654297 0.312500
vt 0.652344 0.314453
vt 0.654297 0.314453
vt 0.777344 0.074219
vt 0.784180 0.074219
vt 0.777344 0.076172
vt 0.784180 0.076172
vt 0.777344 0.099609
vt 0.784180 0.099609
vt 0.777344 0.097656
vt 0.784180 0.097656
vt 0.777344 0.050781
vt 0.784180 0.050781
vt 0.777344 0.052734
vt 0.784180 0.052734
vt 0.777344 0.066406
vt 0.784180 0.066406
vt 0.777344 0.068359
vt 0.784180 0.068359
vt 0.664062 0.312500
vt 0.666016 0.312500
vt 0.664062 0.314453
vt 0.666016 0.314453
vt 0.812500 0.156250
vt 0.814453 0.156250
vt 0.812500 0.158203
vt 0.814453 0.158203
vt 0.566406 0.269531
vt 0.574219 0.269531
vt 0.566406 0.271484
vt 0.574219 0.271484
vt 0.769531 0.068359
vt 0.777344 0.068359
vt 0.769531 0.066406
vt 0.777344 0.066406
vt 0.765625 0.261719
vt 0.773438 0.261719
vt 0.765625 0.263672
vt 0.773438 0.263672
vt 0.546875 0.269531
vt 0.554688 0.269531
vt 0.546875 0.271484
vt 0.554688 0.271484
vt 0.664062 0.312500
vt 0.666016 0.312500
vt 0.664062 0.314453
vt 0.666016 0.314453
vt 0.812500 0.156250
vt 0.814453 0.156250
vt 0.812500 0.158203
vt 0.814453 0.158203
vt 0.566406 0.269531
vt 0.574219 0.269531
vt 0.566406 0.271484
vt 0.574219 0.271484
vt 0.769531 0.068359
vt 0.777344 0.068359
vt 0.769531 0.066406
vt 0.777344 0.066406
vt 0.765625 0.261719
vt 0.773438 0.261719
vt 0.765625 0.263672
vt 0.773438 0.263672
vt 0.546875 0.269531
vt 0.554688 0.269531
vt 0.546875 0.271484
vt 0.554688 0.271484
vt 0.652344 0.207031
vt 0.665039 0.207031
vt 0.652344 0.209961
vt 0.665039 0.209961
vt 0.636719 0.207031
vt 0.649414 0.207031
vt 0.636719 0.209961
vt 0.649414 0.209961
vt 0.605469 0.167969
vt 0.610352 0.167969
vt 0.605469 0.180664
vt 0.610352 0.180664
vt 0.613281 0.180664
vt 0.618164 0.180664
vt 0.613281 0.167969
vt 0.618164 0.167969
vt 0.730469 0.269531
vt 0.735352 0.269531
vt 0.730469 0.272461
vt 0.735352 0.272461
vt 0.738281 0.269531
vt 0.743164 0.269531
vt 0.738281 0.272461
vt 0.743164 0.272461
vt 0.785156 0.058594
vt 0.790039 0.058594
vt 0.785156 0.060547
vt 0.790039 0.060547
vt 0.785156 0.054688
vt 0.790039 0.054688
vt 0.785156 0.056641
vt 0.790039 0.056641
vt 0.566406 0.285156
vt 0.568359 0.285156
vt 0.566406 0.290039
vt 0.568359 0.290039
vt 0.570312 0.290039
vt 0.572266 0.290039
vt 0.570312 0.285156
vt 0.572266 0.285156
vt 0.648438 0.312500
vt 0.650391 0.312500
vt 0.648438 0.314453
vt 0.650391 0.314453
vt 0.812500 0.148438
vt 0.814453 0.148438
vt 0.812500 0.150391
vt 0.814453 0.150391
vt 0.699219 0.042969
vt 0.721680 0.042969
vt 0.699219 0.044922
vt 0.721680 0.044922
vt 0.699219 0.039062
vt 0.721680 0.039062
vt 0.699219 0.041016
vt 0.721680 0.041016
vt 0.546875 0.000000
vt 0.572266 0.000000
vt 0.546875 0.022461
vt 0.572266 0.022461
vt 0.546875 0.045898
vt 0.572266 0.045898
vt 0.546875 0.023438
vt 0.572266 0.023438
vt 0.683594 0.156250
vt 0.708984 0.156250
vt 0.683594 0.158203
vt 0.708984 0.158203
vt 0.683594 0.160156
vt 0.708984 0.160156
vt 0.683594 0.162109
vt 0.708984 0.162109
vt 0.812500 0.140625
vt 0.814453 0.140625
vt 0.812500 0.142578
vt 0.814453 0.142578
vt 0.640625 0.312500
vt 0.642578 0.312500
vt 0.640625 0.314453
vt 0.642578 0.314453
vt 0.675781 0.148438
vt 0.703125 0.148438
vt 0.675781 0.150391
vt 0.703125 0.150391
vt 0.675781 0.154297
vt 0.703125 0.154297
vt 0.675781 0.152344
vt 0.703125 0.152344
vt 0.675781 0.140625
vt 0.703125 0.140625
vt 0.675781 0.142578
vt 0.703125 0.142578
vt 0.675781 0.144531
vt 0.703125 0.144531
vt 0.675781 0.146484
vt 0.703125 0.146484
vt 0.773438 0.296875
vt 0.776367 0.296875
vt 0.773438 0.298828
vt 0.776367 0.298828
vt 0.796875 0.269531
vt 0.799805 0.269531
vt 0.796875 0.271484
vt 0.799805 0.271484
vt 0.640625 0.019531
vt 0.673828 0.019531
vt 0.640625 0.022461
vt 0.673828 0.022461
vt 0.539062 0.143555
vt 0.572266 0.143555
vt 0.539062 0.140625
vt 0.572266 0.140625
vt 0.656250 0.003906
vt 0.689453 0.003906
vt 0.656250 0.005859
vt 0.689453 0.005859
vt 0.660156 0.058594
vt 0.693359 0.058594
vt 0.660156 0.060547
vt 0.693359 0.060547
vt 0.820312 0.011719
vt 0.821289 0.011719
vt 0.820312 0.013672
vt 0.821289 0.013672
vt 0.820312 0.007812
vt 0.821289 0.007812
vt 0.820312 0.009766
vt 0.821289 0.009766
vt 0.824219 0.031250
vt 0.825195 0.031250
vt 0.824219 0.032227
vt 0.825195 0.032227
vt 0.535156 0.325195
vt 0.536133 0.325195
vt 0.535156 0.324219
vt 0.536133 0.324219
vt 0.507812 0.320312
vt 0.508789 0.320312
vt 0.507812 0.322266
vt 0.508789 0.322266
vt 0.512695 0.322266
vt 0.511719 0.322266
vt 0.512695 0.320312
vt 0.511719 0.320312
vt 0.820312 0.011719
vt 0.821289 0.011719
vt 0.820312 0.013672
vt 0.821289 0.013672
vt 0.820312 0.007812
vt 0.821289 0.007812
vt 0.820312 0.009766
vt 0.821289 0.009766
vt 0.824219 0.031250
vt 0.825195 0.031250
vt 0.824219 0.032227
vt 0.825195 0.032227
vt 0.535156 0.325195
vt 0.536133 0.325195
vt 0.535156 0.324219
vt 0.536133 0.324219
vt 0.507812 0.320312
vt 0.508789 0.320312
vt 0.507812 0.322266
vt 0.508789 0.322266
vt 0.511719 0.320312
vt 0.512695 0.320312
vt 0.511719 0.322266
vt 0.512695 0.322266
vt 0.773438 0.281250
vt 0.775391 0.281250
vt 0.773438 0.286133
vt 0.775391 0.286133
vt 0.769531 0.281250
vt 0.771484 0.281250
vt 0.769531 0.286133
vt 0.771484 0.286133
vt 0.652344 0.035156
vt 0.688477 0.035156
vt 0.652344 0.037109
vt 0.688477 0.037109
vt 0.656250 0.001953
vt 0.692383 0.001953
vt 0.656250 0.000000
vt 0.692383 0.000000
vt 0.613281 0.101562
vt 0.649414 0.101562
vt 0.613281 0.106445
vt 0.649414 0.106445
vt 0.613281 0.109375
vt 0.649414 0.109375
vt 0.613281 0.114258
vt 0.649414 0.114258
vt 0.652344 0.328125
vt 0.688477 0.328125
vt 0.652344 0.333008
vt 0.688477 0.333008
vt 0.652344 0.328125
vt 0.688477 0.328125
vt 0.652344 0.333008
vt 0.688477 0.333008
vt 0.652344 0.328125
vt 0.688477 0.328125
vt 0.652344 0.333008
vt 0.688477 0.333008
vt 0.652344 0.328125
vt 0.688477 0.328125
vt 0.652344 0.333008
vt 0.688477 0.333008
vt 0.652344 0.328125
vt 0.688477 0.328125
vt 0.652344 0.333008
vt 0.688477 0.333008
vt 0.652344 0.328125
vt 0.688477 0.328125
vt 0.652344 0.333008
vt 0.688477 0.333008
vt 0.562500 0.316406
vt 0.563477 0.316406
vt 0.562500 0.319336
vt 0.563477 0.319336
vt 0.816406 0.058594
vt 0.817383 0.058594
vt 0.816406 0.061523
vt 0.817383 0.061523
vt 0.816406 0.062500
vt 0.819336 0.062500
vt 0.816406 0.063477
vt 0.819336 0.063477
vt 0.566406 0.317383
vt 0.569336 0.317383
vt 0.566406 0.316406
vt 0.569336 0.316406
vt 0.636719 0.332031
vt 0.643555 0.332031
vt 0.636719 0.338867
vt 0.643555 0.338867
vt 0.636719 0.332031
vt 0.643555 0.332031
vt 0.636719 0.338867
vt 0.643555 0.338867
vt 0.570312 0.316406
vt 0.571289 0.316406
vt 0.570312 0.319336
vt 0.571289 0.319336
vt 0.816406 0.066406
vt 0.817383 0.066406
vt 0.816406 0.069336
vt 0.817383 0.069336
vt 0.816406 0.070312
vt 0.819336 0.070312
vt 0.816406 0.071289
vt 0.819336 0.071289
vt 0.574219 0.317383
vt 0.577148 0.317383
vt 0.574219 0.316406
vt 0.577148 0.316406
vt 0.625000 0.332031
vt 0.631836 0.332031
vt 0.625000 0.338867
vt 0.631836 0.338867
vt 0.625000 0.332031
vt 0.631836 0.332031
vt 0.625000 0.338867
vt 0.631836 0.338867
vt 0.562500 0.316406
vt 0.563477 0.316406
vt 0.562500 0.319336
vt 0.563477 0.319336
vt 0.816406 0.058594
vt 0.817383 0.058594
vt 0.816406 0.061523
vt 0.817383 0.061523
vt 0.816406 0.062500
vt 0.819336 0.062500
vt 0.816406 0.063477
vt 0.819336 0.063477
vt 0.566406 0.317383
vt 0.569336 0.317383
vt 0.566406 0.316406
vt 0.569336 0.316406
vt 0.636719 0.332031
vt 0.643555 0.332031
vt 0.636719 0.338867
vt 0.643555 0.338867
vt 0.636719 0.332031
vt 0.643555 0.332031
vt 0.636719 0.338867
vt 0.643555 0.338867
vt 0.570312 0.316406
vt 0.571289 0.316406
vt 0.570312 0.319336
vt 0.571289 0.319336
vt 0.816406 0.066406
vt 0.817383 0.066406
vt 0.816406 0.069336
vt 0.817383 0.069336
vt 0.816406 0.070312
vt 0.819336 0.070312
vt 0.816406 0.071289
vt 0.819336 0.071289
vt 0.574219 0.317383
vt 0.577148 0.317383
vt 0.574219 0.316406
vt 0.577148 0.316406
vt 0.625000 0.332031
vt 0.631836 0.332031
vt 0.625000 0.338867
vt 0.631836 0.338867
vt 0.625000 0.332031
vt 0.631836 0.332031
vt 0.625000 0.338867
vt 0.631836 0.338867
vt 0.792969 0.316406
vt 0.793945 0.316406
vt 0.792969 0.318359
vt 0.793945 0.318359
vt 0.789062 0.316406
vt 0.790039 0.316406
vt 0.789062 0.318359
vt 0.790039 0.318359
vt 0.781250 0.320312
vt 0.782227 0.320312
vt 0.781250 0.321289
vt 0.782227 0.321289
vt 0.820312 0.282227
vt 0.821289 0.282227
vt 0.820312 0.281250
vt 0.821289 0.281250
vt 0.816406 0.285156
vt 0.817383 0.285156
vt 0.816406 0.287109
vt 0.817383 0.287109
vt 0.816406 0.289062
vt 0.817383 0.289062
vt 0.816406 0.291016
vt 0.817383 0.291016
vt 0.820312 0.289062
vt 0.821289 0.289062
vt 0.820312 0.290039
vt 0.821289 0.290039
vt 0.789062 0.320312
vt 0.790039 0.320312
vt 0.789062 0.321289
vt 0.790039 0.321289
vt 0.718750 0.035156
vt 0.753906 0.035156
vt 0.718750 0.036133
vt 0.753906 0.036133
vt 0.718750 0.063477
vt 0.753906 0.063477
vt 0.718750 0.062500
vt 0.753906 0.062500
vt 0.710938 0.089844
vt 0.746094 0.089844
vt 0.710938 0.090820
vt 0.746094 0.090820
vt 0.718750 0.003906
vt 0.753906 0.003906
vt 0.718750 0.004883
vt 0.753906 0.004883
vt 0.519531 0.316406
vt 0.520508 0.316406
vt 0.519531 0.319336
vt 0.520508 0.319336
vt 0.515625 0.316406
vt 0.516602 0.316406
vt 0.515625 0.319336
vt 0.516602 0.319336
vt 0.792969 0.320312
vt 0.793945 0.320312
vt 0.792969 0.321289
vt 0.793945 0.321289
vt 0.820312 0.293945
vt 0.821289 0.293945
vt 0.820312 0.292969
vt 0.821289 0.292969
vt 0.816406 0.011719
vt 0.817383 0.011719
vt 0.816406 0.014648
vt 0.817383 0.014648
vt 0.816406 0.015625
vt 0.817383 0.015625
vt 0.816406 0.018555
vt 0.817383 0.018555
vt 0.808594 0.316406
vt 0.809570 0.316406
vt 0.808594 0.318359
vt 0.809570 0.318359
vt 0.804688 0.316406
vt 0.805664 0.316406
vt 0.804688 0.318359
vt 0.805664 0.318359
vt 0.800781 0.320312
vt 0.801758 0.320312
vt 0.800781 0.321289
vt 0.801758 0.321289
vt 0.820312 0.301758
vt 0.821289 0.301758
vt 0.820312 0.300781
vt 0.821289 0.300781
vt 0.816406 0.300781
vt 0.817383 0.300781
vt 0.816406 0.302734
vt 0.817383 0.302734
vt 0.816406 0.304688
vt 0.817383 0.304688
vt 0.816406 0.306641
vt 0.817383 0.306641
vt 0.800781 0.101562
vt 0.801758 0.101562
vt 0.800781 0.107422
vt 0.801758 0.107422
vt 0.597656 0.300781
vt 0.598633 0.300781
vt 0.597656 0.306641
vt 0.598633 0.306641
vt 0.820312 0.320312
vt 0.821289 0.320312
vt 0.820312 0.321289
vt 0.821289 0.321289
vt 0.500000 0.325195
vt 0.500977 0.325195
vt 0.500000 0.324219
vt 0.500977 0.324219
vt 0.585938 0.300781
vt 0.586914 0.300781
vt 0.585938 0.306641
vt 0.586914 0.306641
vt 0.601562 0.300781
vt 0.602539 0.300781
vt 0.601562 0.306641
vt 0.602539 0.306641
vt 0.640625 0.300781
vt 0.641602 0.300781
vt 0.640625 0.306641
vt 0.641602 0.306641
vt 0.632812 0.300781
vt 0.633789 0.300781
vt 0.632812 0.306641
vt 0.633789 0.306641
vt 0.824219 0.003906
vt 0.825195 0.003906
vt 0.824219 0.004883
vt 0.825195 0.004883
vt 0.507812 0.325195
vt 0.508789 0.325195
vt 0.507812 0.324219
vt 0.508789 0.324219
vt 0.625000 0.300781
vt 0.625977 0.300781
vt 0.625000 0.306641
vt 0.625977 0.306641
vt 0.636719 0.300781
vt 0.637695 0.300781
vt 0.636719 0.306641
vt 0.637695 0.306641
vt 0.621094 0.300781
vt 0.622070 0.300781
vt 0.621094 0.306641
vt 0.622070 0.306641
vt 0.613281 0.300781
vt 0.614258 0.300781
vt 0.613281 0.306641
vt 0.614258 0.306641
vt 0.824219 0.000000
vt 0.825195 0.000000
vt 0.824219 0.000977
vt 0.825195 0.000977
vt 0.503906 0.325195
vt 0.504883 0.325195
vt 0.503906 0.324219
vt 0.504883 0.324219
vt 0.800781 0.109375
vt 0.801758 0.109375
vt 0.800781 0.115234
vt 0.801758 0.115234
vt 0.617188 0.300781
vt 0.618164 0.300781
vt 0.617188 0.306641
vt 0.618164 0.306641
vt 0.660156 0.300781
vt 0.661133 0.300781
vt 0.660156 0.306641
vt 0.661133 0.306641
vt 0.648438 0.300781
vt 0.649414 0.300781
vt 0.648438 0.306641
vt 0.649414 0.306641
vt 0.824219 0.007812
vt 0.825195 0.007812
vt 0.824219 0.008789
vt 0.825195 0.008789
vt 0.511719 0.325195
vt 0.512695 0.325195
vt 0.511719 0.324219
vt 0.512695 0.324219
vt 0.644531 0.300781
vt 0.645508 0.300781
vt 0.644531 0.306641
vt 0.645508 0.306641
vt 0.800781 0.156250
vt 0.801758 0.156250
vt 0.800781 0.162109
vt 0.801758 0.162109
vt 0.820312 0.003906
vt 0.821289 0.003906
vt 0.820312 0.005859
vt 0.821289 0.005859
vt 0.820312 0.000000
vt 0.821289 0.000000
vt 0.820312 0.001953
vt 0.821289 0.001953
vt 0.824219 0.011719
vt 0.825195 0.011719
vt 0.824219 0.012695
vt 0.825195 0.012695
vt 0.515625 0.325195
vt 0.516602 0.325195
vt 0.515625 0.324219
vt 0.516602 0.324219
vt 0.500000 0.320312
vt 0.500977 0.320312
vt 0.500000 0.322266
vt 0.500977 0.322266
vt 0.503906 0.320312
vt 0.504883 0.320312
vt 0.503906 0.322266
vt 0.504883 0.322266
vt 0.519531 0.324219
vt 0.520508 0.324219
vt 0.519531 0.325195
vt 0.520508 0.325195
vt 0.824219 0.015625
vt 0.825195 0.015625
vt 0.824219 0.016602
vt 0.825195 0.016602
vt 0.781250 0.144531
vt 0.791992 0.144531
vt 0.781250 0.145508
vt 0.791992 0.145508
vt 0.648438 0.282227
vt 0.659180 0.282227
vt 0.648438 0.281250
vt 0.659180 0.281250
vt 0.781250 0.136719
vt 0.791992 0.136719
vt 0.781250 0.137695
vt 0.791992 0.137695
vt 0.781250 0.140625
vt 0.791992 0.140625
vt 0.781250 0.141602
vt 0.791992 0.141602
vt 0.523438 0.324219
vt 0.524414 0.324219
vt 0.523438 0.325195
vt 0.524414 0.325195
vt 0.824219 0.019531
vt 0.825195 0.019531
vt 0.824219 0.020508
vt 0.825195 0.020508
vt 0.781250 0.160156
vt 0.791992 0.160156
vt 0.781250 0.161133
vt 0.791992 0.161133
vt 0.781250 0.168945
vt 0.791992 0.168945
vt 0.781250 0.167969
vt 0.791992 0.167969
vt 0.781250 0.148438
vt 0.791992 0.148438
vt 0.781250 0.149414
vt 0.791992 0.149414
vt 0.781250 0.156250
vt 0.791992 0.156250
vt 0.781250 0.157227
vt 0.791992 0.157227
vt 0.527344 0.324219
vt 0.528320 0.324219
vt 0.527344 0.325195
vt 0.528320 0.325195
vt 0.824219 0.023438
vt 0.825195 0.023438
vt 0.824219 0.024414
vt 0.825195 0.024414
vt 0.816406 0.046875
vt 0.819336 0.046875
vt 0.816406 0.047852
vt 0.819336 0.047852
vt 0.550781 0.317383
vt 0.553711 0.317383
vt 0.550781 0.316406
vt 0.553711 0.316406
vt 0.816406 0.042969
vt 0.819336 0.042969
vt 0.816406 0.043945
vt 0.819336 0.043945
vt 0.546875 0.316406
vt 0.549805 0.316406
vt 0.546875 0.317383
vt 0.549805 0.317383
vt 0.531250 0.324219
vt 0.532227 0.324219
vt 0.531250 0.325195
vt 0.532227 0.325195
vt 0.824219 0.027344
vt 0.825195 0.027344
vt 0.824219 0.028320
vt 0.825195 0.028320
vt 0.816406 0.054688
vt 0.819336 0.054688
vt 0.816406 0.055664
vt 0.819336 0.055664
vt 0.558594 0.317383
vt 0.561523 0.317383
vt 0.558594 0.316406
vt 0.561523 0.316406
vt 0.816406 0.050781
vt 0.819336 0.050781
vt 0.816406 0.051758
vt 0.819336 0.051758
vt 0.554688 0.316406
vt 0.557617 0.316406
vt 0.554688 0.317383
vt 0.557617 0.317383
vt 0.816406 0.316406
vt 0.817383 0.316406
vt 0.816406 0.318359
vt 0.817383 0.318359
vt 0.812500 0.316406
vt 0.813477 0.316406
vt 0.812500 0.318359
vt 0.813477 0.318359
vt 0.804688 0.320312
vt 0.805664 0.320312
vt 0.804688 0.321289
vt 0.805664 0.321289
vt 0.820312 0.305664
vt 0.821289 0.305664
vt 0.820312 0.304688
vt 0.821289 0.304688
vt 0.816406 0.308594
vt 0.817383 0.308594
vt 0.816406 0.310547
vt 0.817383 0.310547
vt 0.816406 0.312500
vt 0.817383 0.312500
vt 0.816406 0.314453
vt 0.817383 0.314453
vt 0.527344 0.316406
vt 0.528320 0.316406
vt 0.527344 0.319336
vt 0.528320 0.319336
vt 0.523438 0.316406
vt 0.524414 0.316406
vt 0.523438 0.319336
vt 0.524414 0.319336
vt 0.796875 0.320312
vt 0.797852 0.320312
vt 0.796875 0.321289
vt 0.797852 0.321289
vt 0.820312 0.297852
vt 0.821289 0.297852
vt 0.820312 0.296875
vt 0.821289 0.296875
vt 0.816406 0.019531
vt 0.817383 0.019531
vt 0.816406 0.022461
vt 0.817383 0.022461
vt 0.816406 0.023438
vt 0.817383 0.023438
vt 0.816406 0.026367
vt 0.817383 0.026367
vt 0.542969 0.316406
vt 0.543945 0.316406
vt 0.542969 0.319336
vt 0.543945 0.319336
vt 0.539062 0.316406
vt 0.540039 0.316406
vt 0.539062 0.319336
vt 0.540039 0.319336
vt 0.816406 0.320312
vt 0.817383 0.320312
vt 0.816406 0.321289
vt 0.817383 0.321289
vt 0.820312 0.317383
vt 0.821289 0.317383
vt 0.820312 0.316406
vt 0.821289 0.316406
vt 0.816406 0.035156
vt 0.817383 0.035156
vt 0.816406 0.038086
vt 0.817383 0.038086
vt 0.816406 0.039062
vt 0.817383 0.039062
vt 0.816406 0.041992
vt 0.817383 0.041992
vt 0.820312 0.312500
vt 0.821289 0.312500
vt 0.820312 0.313477
vt 0.821289 0.313477
vt 0.812500 0.320312
vt 0.813477 0.320312
vt 0.812500 0.321289
vt 0.813477 0.321289
vt 0.718750 0.199219
vt 0.753906 0.199219
vt 0.718750 0.200195
vt 0.753906 0.200195
vt 0.718750 0.204102
vt 0.753906 0.204102
vt 0.718750 0.203125
vt 0.753906 0.203125
vt 0.718750 0.070312
vt 0.753906 0.070312
vt 0.718750 0.071289
vt 0.753906 0.071289
vt 0.718750 0.164062
vt 0.753906 0.164062
vt 0.718750 0.165039
vt 0.753906 0.165039
vt 0.535156 0.316406
vt 0.536133 0.316406
vt 0.535156 0.319336
vt 0.536133 0.319336
vt 0.531250 0.316406
vt 0.532227 0.316406
vt 0.531250 0.319336
vt 0.532227 0.319336
vt 0.808594 0.320312
vt 0.809570 0.320312
vt 0.808594 0.321289
vt 0.809570 0.321289
vt 0.820312 0.309570
vt 0.821289 0.309570
vt 0.820312 0.308594
vt 0.821289 0.308594
vt 0.816406 0.027344
vt 0.817383 0.027344
vt 0.816406 0.030273
vt 0.817383 0.030273
vt 0.816406 0.031250
vt 0.817383 0.031250
vt 0.816406 0.034180
vt 0.817383 0.034180
vt 0.800781 0.316406
vt 0.801758 0.316406
vt 0.800781 0.318359
vt 0.801758 0.318359
vt 0.796875 0.316406
vt 0.797852 0.316406
vt 0.796875 0.318359
vt 0.797852 0.318359
vt 0.785156 0.320312
vt 0.786133 0.320312
vt 0.785156 0.321289
vt 0.786133 0.321289
vt 0.820312 0.286133
vt 0.821289 0.286133
vt 0.820312 0.285156
vt 0.821289 0.285156
vt 0.816406 0.292969
vt 0.817383 0.292969
vt 0.816406 0.294922
vt 0.817383 0.294922
vt 0.816406 0.296875
vt 0.817383 0.296875
vt 0.816406 0.298828
vt 0.817383 0.298828
vt 0.664062 0.269531
vt 0.666992 0.269531
vt 0.664062 0.274414
vt 0.666992 0.274414
vt 0.605469 0.269531
vt 0.608398 0.269531
vt 0.605469 0.274414
vt 0.608398 0.274414
vt 0.796875 0.257812
vt 0.798828 0.257812
vt 0.796875 0.260742
vt 0.798828 0.260742
vt 0.761719 0.299805
vt 0.763672 0.299805
vt 0.761719 0.296875
vt 0.763672 0.296875
vt 0.781250 0.273438
vt 0.783203 0.273438
vt 0.781250 0.278320
vt 0.783203 0.278320
vt 0.777344 0.281250
vt 0.779297 0.281250
vt 0.777344 0.286133
vt 0.779297 0.286133
vt 0.667969 0.269531
vt 0.670898 0.269531
vt 0.667969 0.274414
vt 0.670898 0.274414
vt 0.769531 0.164062
vt 0.772461 0.164062
vt 0.769531 0.168945
vt 0.772461 0.168945
vt 0.765625 0.296875
vt 0.767578 0.296875
vt 0.765625 0.299805
vt 0.767578 0.299805
vt 0.769531 0.299805
vt 0.771484 0.299805
vt 0.769531 0.296875
vt 0.771484 0.296875
vt 0.781250 0.281250
vt 0.783203 0.281250
vt 0.781250 0.286133
vt 0.783203 0.286133
vt 0.500000 0.285156
vt 0.501953 0.285156
vt 0.500000 0.290039
vt 0.501953 0.290039
vt 0.710938 0.066406
vt 0.722656 0.066406
vt 0.710938 0.069336
vt 0.722656 0.069336
vt 0.710938 0.031250
vt 0.722656 0.031250
vt 0.710938 0.034180
vt 0.722656 0.034180
vt 0.574219 0.000000
vt 0.607422 0.000000
vt 0.574219 0.011719
vt 0.607422 0.011719
vt 0.574219 0.023438
vt 0.607422 0.023438
vt 0.574219 0.011719
vt 0.607422 0.011719
vt 0.640625 0.011719
vt 0.673828 0.011719
vt 0.640625 0.014648
vt 0.673828 0.014648
vt 0.640625 0.015625
vt 0.673828 0.015625
vt 0.640625 0.018555
vt 0.673828 0.018555
vt 0.539062 0.257812
vt 0.542969 0.257812
vt 0.539062 0.263672
vt 0.542969 0.263672
vt 0.503906 0.257812
vt 0.507812 0.257812
vt 0.503906 0.263672
vt 0.507812 0.263672
vt 0.703125 0.050781
vt 0.713867 0.050781
vt 0.703125 0.054688
vt 0.713867 0.054688
vt 0.703125 0.058594
vt 0.713867 0.058594
vt 0.703125 0.054688
vt 0.713867 0.054688
vt 0.664062 0.023926
vt 0.674805 0.023926
vt 0.664062 0.030371
vt 0.674805 0.030371
vt 0.664062 0.082031
vt 0.674805 0.082031
vt 0.664062 0.087891
vt 0.674805 0.087891
vt 0.785156 0.125000
vt 0.788086 0.125000
vt 0.785156 0.127930
vt 0.788086 0.127930
vt 0.785156 0.121094
vt 0.788086 0.121094
vt 0.785156 0.124023
vt 0.788086 0.124023
vt 0.679688 0.132812
vt 0.697266 0.132812
vt 0.679688 0.135742
vt 0.697266 0.135742
vt 0.640625 0.182617
vt 0.658203 0.182617
vt 0.640625 0.179688
vt 0.658203 0.179688
vt 0.679688 0.125000
vt 0.697266 0.125000
vt 0.679688 0.127930
vt 0.697266 0.127930
vt 0.679688 0.128906
vt 0.697266 0.128906
vt 0.679688 0.131836
vt 0.697266 0.131836
vt 0.800781 0.089844
vt 0.806641 0.089844
vt 0.800781 0.090820
vt 0.806641 0.090820
vt 0.800781 0.085938
vt 0.806641 0.085938
vt 0.800781 0.086914
vt 0.806641 0.086914
vt 0.597656 0.281250
vt 0.599609 0.281250
vt 0.597656 0.287109
vt 0.599609 0.287109
vt 0.601562 0.287109
vt 0.603516 0.287109
vt 0.601562 0.281250
vt 0.603516 0.281250
vt 0.816406 0.226562
vt 0.818359 0.226562
vt 0.816406 0.227539
vt 0.818359 0.227539
vt 0.730469 0.316406
vt 0.732422 0.316406
vt 0.730469 0.317383
vt 0.732422 0.317383
vt 0.820312 0.125000
vt 0.821289 0.125000
vt 0.820312 0.125977
vt 0.821289 0.125977
vt 0.820312 0.121094
vt 0.821289 0.121094
vt 0.820312 0.122070
vt 0.821289 0.122070
vt 0.628906 0.320312
vt 0.629883 0.320312
vt 0.628906 0.321289
vt 0.629883 0.321289
vt 0.820312 0.129883
vt 0.821289 0.129883
vt 0.820312 0.128906
vt 0.821289 0.128906
vt 0.621094 0.320312
vt 0.622070 0.320312
vt 0.621094 0.321289
vt 0.622070 0.321289
vt 0.625000 0.320312
vt 0.625977 0.320312
vt 0.625000 0.321289
vt 0.625977 0.321289
vt 0.820312 0.132812
vt 0.821289 0.132812
vt 0.820312 0.133789
vt 0.821289 0.133789
vt 0.632812 0.320312
vt 0.633789 0.320312
vt 0.632812 0.321289
vt 0.633789 0.321289
vt 0.816406 0.234375
vt 0.818359 0.234375
vt 0.816406 0.235352
vt 0.818359 0.235352
vt 0.738281 0.317383
vt 0.740234 0.317383
vt 0.738281 0.316406
vt 0.740234 0.316406
vt 0.816406 0.230469
vt 0.818359 0.230469
vt 0.816406 0.231445
vt 0.818359 0.231445
vt 0.734375 0.316406
vt 0.736328 0.316406
vt 0.734375 0.317383
vt 0.736328 0.317383
vt 0.820312 0.140625
vt 0.821289 0.140625
vt 0.820312 0.141602
vt 0.821289 0.141602
vt 0.640625 0.320312
vt 0.641602 0.320312
vt 0.640625 0.321289
vt 0.641602 0.321289
vt 0.730469 0.312500
vt 0.733398 0.312500
vt 0.730469 0.313477
vt 0.733398 0.313477
vt 0.734375 0.313477
vt 0.737305 0.313477
vt 0.734375 0.312500
vt 0.737305 0.312500
vt 0.812500 0.222656
vt 0.815430 0.222656
vt 0.812500 0.223633
vt 0.815430 0.223633
vt 0.726562 0.312500
vt 0.729492 0.312500
vt 0.726562 0.313477
vt 0.729492 0.313477
vt 0.820312 0.136719
vt 0.821289 0.136719
vt 0.820312 0.137695
vt 0.821289 0.137695
vt 0.636719 0.320312
vt 0.637695 0.320312
vt 0.636719 0.321289
vt 0.637695 0.321289
vt 0.718750 0.312500
vt 0.721680 0.312500
vt 0.718750 0.313477
vt 0.721680 0.313477
vt 0.722656 0.313477
vt 0.725586 0.313477
vt 0.722656 0.312500
vt 0.725586 0.312500
vt 0.812500 0.210938
vt 0.815430 0.210938
vt 0.812500 0.211914
vt 0.815430 0.211914
vt 0.714844 0.312500
vt 0.717773 0.312500
vt 0.714844 0.313477
vt 0.717773 0.313477
vt 0.582031 0.312500
vt 0.585938 0.312500
vt 0.582031 0.313477
vt 0.585938 0.313477
vt 0.812500 0.078125
vt 0.816406 0.078125
vt 0.812500 0.079102
vt 0.816406 0.079102
vt 0.703125 0.074219
vt 0.713867 0.074219
vt 0.703125 0.078125
vt 0.713867 0.078125
vt 0.703125 0.082031
vt 0.713867 0.082031
vt 0.703125 0.078125
vt 0.713867 0.078125
vt 0.781250 0.128906
vt 0.791992 0.128906
vt 0.781250 0.129883
vt 0.791992 0.129883
vt 0.636719 0.281250
vt 0.647461 0.281250
vt 0.636719 0.282227
vt 0.647461 0.282227
vt 0.789062 0.078125
vt 0.791016 0.078125
vt 0.789062 0.082031
vt 0.791016 0.082031
vt 0.578125 0.289062
vt 0.580078 0.289062
vt 0.578125 0.292969
vt 0.580078 0.292969
vt 0.675781 0.109375
vt 0.703125 0.109375
vt 0.675781 0.111328
vt 0.703125 0.111328
vt 0.675781 0.115234
vt 0.703125 0.115234
vt 0.675781 0.113281
vt 0.703125 0.113281
vt 0.500000 0.054688
vt 0.527344 0.054688
vt 0.500000 0.058594
vt 0.527344 0.058594
vt 0.500000 0.058594
vt 0.527344 0.058594
vt 0.500000 0.062500
vt 0.527344 0.062500
vt 0.695312 0.218750
vt 0.701172 0.218750
vt 0.695312 0.224609
vt 0.701172 0.224609
vt 0.718750 0.191406
vt 0.724609 0.191406
vt 0.718750 0.197266
vt 0.724609 0.197266
vt 0.613281 0.074219
vt 0.643555 0.074219
vt 0.613281 0.080078
vt 0.643555 0.080078
vt 0.613281 0.087891
vt 0.643555 0.087891
vt 0.613281 0.082031
vt 0.643555 0.082031
vt 0.609375 0.093750
vt 0.639648 0.093750
vt 0.609375 0.099609
vt 0.639648 0.099609
vt 0.500000 0.113281
vt 0.530273 0.113281
vt 0.500000 0.119141
vt 0.530273 0.119141
vt 0.746094 0.316406
vt 0.747070 0.316406
vt 0.746094 0.318359
vt 0.747070 0.318359
vt 0.742188 0.316406
vt 0.743164 0.316406
vt 0.742188 0.318359
vt 0.743164 0.318359
vt 0.671875 0.320312
vt 0.672852 0.320312
vt 0.671875 0.321289
vt 0.672852 0.321289
vt 0.820312 0.172852
vt 0.821289 0.172852
vt 0.820312 0.171875
vt 0.821289 0.171875
vt 0.816406 0.238281
vt 0.817383 0.238281
vt 0.816406 0.240234
vt 0.817383 0.240234
vt 0.816406 0.242188
vt 0.817383 0.242188
vt 0.816406 0.244141
vt 0.817383 0.244141
vt 0.753906 0.316406
vt 0.754883 0.316406
vt 0.753906 0.318359
vt 0.754883 0.318359
vt 0.750000 0.316406
vt 0.750977 0.316406
vt 0.750000 0.318359
vt 0.750977 0.318359
vt 0.675781 0.320312
vt 0.676758 0.320312
vt 0.675781 0.321289
vt 0.676758 0.321289
vt 0.820312 0.176758
vt 0.821289 0.176758
vt 0.820312 0.175781
vt 0.821289 0.175781
vt 0.816406 0.246094
vt 0.817383 0.246094
vt 0.816406 0.248047
vt 0.817383 0.248047
vt 0.816406 0.250000
vt 0.817383 0.250000
vt 0.816406 0.251953
vt 0.817383 0.251953
vt 0.761719 0.316406
vt 0.762695 0.316406
vt 0.761719 0.318359
vt 0.762695 0.318359
vt 0.757812 0.316406
vt 0.758789 0.316406
vt 0.757812 0.318359
vt 0.758789 0.318359
vt 0.679688 0.320312
vt 0.680664 0.320312
vt 0.679688 0.321289
vt 0.680664 0.321289
vt 0.820312 0.180664
vt 0.821289 0.180664
vt 0.820312 0.179688
vt 0.821289 0.179688
vt 0.816406 0.253906
vt 0.817383 0.253906
vt 0.816406 0.255859
vt 0.817383 0.255859
vt 0.816406 0.257812
vt 0.817383 0.257812
vt 0.816406 0.259766
vt 0.817383 0.259766
vt 0.820312 0.210938
vt 0.821289 0.210938
vt 0.820312 0.211914
vt 0.821289 0.211914
vt 0.820312 0.207031
vt 0.821289 0.207031
vt 0.820312 0.208008
vt 0.821289 0.208008
vt 0.714844 0.320312
vt 0.715820 0.320312
vt 0.714844 0.321289
vt 0.715820 0.321289
vt 0.820312 0.215820
vt 0.821289 0.215820
vt 0.820312 0.214844
vt 0.821289 0.214844
vt 0.707031 0.320312
vt 0.708008 0.320312
vt 0.707031 0.321289
vt 0.708008 0.321289
vt 0.710938 0.320312
vt 0.711914 0.320312
vt 0.710938 0.321289
vt 0.711914 0.321289
vt 0.769531 0.316406
vt 0.770508 0.316406
vt 0.769531 0.318359
vt 0.770508 0.318359
vt 0.765625 0.316406
vt 0.766602 0.316406
vt 0.765625 0.318359
vt 0.766602 0.318359
vt 0.718750 0.320312
vt 0.719727 0.320312
vt 0.718750 0.321289
vt 0.719727 0.321289
vt 0.820312 0.219727
vt 0.821289 0.219727
vt 0.820312 0.218750
vt 0.821289 0.218750
vt 0.816406 0.261719
vt 0.819336 0.261719
vt 0.816406 0.265625
vt 0.819336 0.265625
vt 0.816406 0.261719
vt 0.819336 0.261719
vt 0.816406 0.265625
vt 0.819336 0.265625
vt 0.820312 0.222656
vt 0.821289 0.222656
vt 0.820312 0.223633
vt 0.821289 0.223633
vt 0.722656 0.320312
vt 0.723633 0.320312
vt 0.722656 0.321289
vt 0.723633 0.321289
vt 0.816406 0.273438
vt 0.818359 0.273438
vt 0.816406 0.274414
vt 0.818359 0.274414
vt 0.777344 0.317383
vt 0.779297 0.317383
vt 0.777344 0.316406
vt 0.779297 0.316406
vt 0.815430 0.269531
vt 0.819336 0.269531
vt 0.815430 0.270508
vt 0.819336 0.270508
vt 0.815430 0.269531
vt 0.819336 0.269531
vt 0.815430 0.270508
vt 0.819336 0.270508
vt 0.820312 0.226562
vt 0.821289 0.226562
vt 0.820312 0.227539
vt 0.821289 0.227539
vt 0.726562 0.320312
vt 0.727539 0.320312
vt 0.726562 0.321289
vt 0.727539 0.321289
vt 0.816406 0.281250
vt 0.818359 0.281250
vt 0.816406 0.282227
vt 0.818359 0.282227
vt 0.785156 0.317383
vt 0.787109 0.317383
vt 0.785156 0.316406
vt 0.787109 0.316406
vt 0.815430 0.277344
vt 0.819336 0.277344
vt 0.815430 0.278320
vt 0.819336 0.278320
vt 0.815430 0.277344
vt 0.819336 0.277344
vt 0.815430 0.278320
vt 0.819336 0.278320
vt 0.820312 0.199219
vt 0.821289 0.199219
vt 0.820312 0.200195
vt 0.821289 0.200195
vt 0.820312 0.195312
vt 0.821289 0.195312
vt 0.820312 0.196289
vt 0.821289 0.196289
vt 0.703125 0.320312
vt 0.704102 0.320312
vt 0.703125 0.321289
vt 0.704102 0.321289
vt 0.820312 0.204102
vt 0.821289 0.204102
vt 0.820312 0.203125
vt 0.821289 0.203125
vt 0.695312 0.320312
vt 0.696289 0.320312
vt 0.695312 0.321289
vt 0.696289 0.321289
vt 0.699219 0.320312
vt 0.700195 0.320312
vt 0.699219 0.321289
vt 0.700195 0.321289
vt 0.820312 0.187500
vt 0.821289 0.187500
vt 0.820312 0.188477
vt 0.821289 0.188477
vt 0.820312 0.183594
vt 0.821289 0.183594
vt 0.820312 0.184570
vt 0.821289 0.184570
vt 0.691406 0.320312
vt 0.692383 0.320312
vt 0.691406 0.321289
vt 0.692383 0.321289
vt 0.820312 0.192383
vt 0.821289 0.192383
vt 0.820312 0.191406
vt 0.821289 0.191406
vt 0.683594 0.320312
vt 0.684570 0.320312
vt 0.683594 0.321289
vt 0.684570 0.321289
vt 0.687500 0.320312
vt 0.688477 0.320312
vt 0.687500 0.321289
vt 0.688477 0.321289
vt 0.515625 0.285156
vt 0.517578 0.285156
vt 0.515625 0.290039
vt 0.517578 0.290039
vt 0.511719 0.285156
vt 0.513672 0.285156
vt 0.511719 0.290039
vt 0.513672 0.290039
vt 0.570312 0.300781
vt 0.573242 0.300781
vt 0.570312 0.302734
vt 0.573242 0.302734
vt 0.574219 0.302734
vt 0.577148 0.302734
vt 0.574219 0.300781
vt 0.577148 0.300781
vt 0.703125 0.269531
vt 0.706055 0.269531
vt 0.703125 0.274414
vt 0.706055 0.274414
vt 0.769531 0.203125
vt 0.772461 0.203125
vt 0.769531 0.208008
vt 0.772461 0.208008
vt 0.777344 0.027344
vt 0.778320 0.027344
vt 0.777344 0.041016
vt 0.778320 0.041016
vt 0.527344 0.277344
vt 0.528320 0.277344
vt 0.527344 0.291016
vt 0.528320 0.291016
vt 0.816406 0.191406
vt 0.818359 0.191406
vt 0.816406 0.192383
vt 0.818359 0.192383
vt 0.695312 0.317383
vt 0.697266 0.317383
vt 0.695312 0.316406
vt 0.697266 0.316406
vt 0.527344 0.230469
vt 0.529297 0.230469
vt 0.527344 0.244141
vt 0.529297 0.244141
vt 0.531250 0.230469
vt 0.533203 0.230469
vt 0.531250 0.244141
vt 0.533203 0.244141
vt 0.562500 0.277344
vt 0.563477 0.277344
vt 0.562500 0.291016
vt 0.563477 0.291016
vt 0.558594 0.277344
vt 0.559570 0.277344
vt 0.558594 0.291016
vt 0.559570 0.291016
vt 0.648438 0.226562
vt 0.677734 0.226562
vt 0.648438 0.227539
vt 0.677734 0.227539
vt 0.726562 0.157227
vt 0.755859 0.157227
vt 0.726562 0.156250
vt 0.755859 0.156250
vt 0.566406 0.062500
vt 0.595703 0.062500
vt 0.566406 0.076172
vt 0.595703 0.076172
vt 0.566406 0.062500
vt 0.595703 0.062500
vt 0.566406 0.076172
vt 0.595703 0.076172
vt 0.789062 0.097656
vt 0.790039 0.097656
vt 0.789062 0.105469
vt 0.790039 0.105469
vt 0.597656 0.289062
vt 0.598633 0.289062
vt 0.597656 0.296875
vt 0.598633 0.296875
vt 0.726562 0.160156
vt 0.755859 0.160156
vt 0.726562 0.161133
vt 0.755859 0.161133
vt 0.726562 0.176758
vt 0.755859 0.176758
vt 0.726562 0.175781
vt 0.755859 0.175781
vt 0.556641 0.105469
vt 0.527344 0.105469
vt 0.556641 0.113281
vt 0.527344 0.113281
vt 0.527344 0.105469
vt 0.556641 0.105469
vt 0.527344 0.113281
vt 0.556641 0.113281
vt 0.703125 0.312500
vt 0.704102 0.312500
vt 0.703125 0.315430
vt 0.704102 0.315430
vt 0.812500 0.199219
vt 0.813477 0.199219
vt 0.812500 0.202148
vt 0.813477 0.202148
vt 0.726562 0.109375
vt 0.755859 0.109375
vt 0.726562 0.110352
vt 0.755859 0.110352
vt 0.726562 0.114258
vt 0.755859 0.114258
vt 0.726562 0.113281
vt 0.755859 0.113281
vt 0.648438 0.128906
vt 0.677734 0.128906
vt 0.648438 0.131836
vt 0.677734 0.131836
vt 0.648438 0.132812
vt 0.677734 0.132812
vt 0.648438 0.135742
vt 0.677734 0.135742
vt 0.535156 0.277344
vt 0.536133 0.277344
vt 0.535156 0.291016
vt 0.536133 0.291016
vt 0.531250 0.277344
vt 0.532227 0.277344
vt 0.531250 0.291016
vt 0.532227 0.291016
vt 0.816406 0.195312
vt 0.818359 0.195312
vt 0.816406 0.196289
vt 0.818359 0.196289
vt 0.699219 0.317383
vt 0.701172 0.317383
vt 0.699219 0.316406
vt 0.701172 0.316406
vt 0.539062 0.230469
vt 0.541016 0.230469
vt 0.539062 0.244141
vt 0.541016 0.244141
vt 0.648438 0.230469
vt 0.650391 0.230469
vt 0.648438 0.244141
vt 0.650391 0.244141
vt 0.699219 0.312500
vt 0.700195 0.312500
vt 0.699219 0.315430
vt 0.700195 0.315430
vt 0.812500 0.195312
vt 0.813477 0.195312
vt 0.812500 0.198242
vt 0.813477 0.198242
vt 0.816406 0.203125
vt 0.818359 0.203125
vt 0.816406 0.204102
vt 0.818359 0.204102
vt 0.707031 0.317383
vt 0.708984 0.317383
vt 0.707031 0.316406
vt 0.708984 0.316406
vt 0.718750 0.296875
vt 0.720703 0.296875
vt 0.718750 0.299805
vt 0.720703 0.299805
vt 0.796875 0.218750
vt 0.798828 0.218750
vt 0.796875 0.221680
vt 0.798828 0.221680
vt 0.710938 0.316406
vt 0.711914 0.316406
vt 0.710938 0.318359
vt 0.711914 0.318359
vt 0.816406 0.207031
vt 0.817383 0.207031
vt 0.816406 0.208984
vt 0.817383 0.208984
vt 0.726562 0.117188
vt 0.755859 0.117188
vt 0.726562 0.118164
vt 0.755859 0.118164
vt 0.726562 0.122070
vt 0.755859 0.122070
vt 0.726562 0.121094
vt 0.755859 0.121094
vt 0.671875 0.054688
vt 0.701172 0.054688
vt 0.671875 0.056641
vt 0.701172 0.056641
vt 0.671875 0.093750
vt 0.701172 0.093750
vt 0.671875 0.095703
vt 0.701172 0.095703
vt 0.625000 0.316406
vt 0.625977 0.316406
vt 0.625000 0.319336
vt 0.625977 0.319336
vt 0.621094 0.316406
vt 0.622070 0.316406
vt 0.621094 0.319336
vt 0.622070 0.319336
vt 0.824219 0.042969
vt 0.825195 0.042969
vt 0.824219 0.043945
vt 0.825195 0.043945
vt 0.546875 0.325195
vt 0.547852 0.325195
vt 0.546875 0.324219
vt 0.547852 0.324219
vt 0.816406 0.117188
vt 0.817383 0.117188
vt 0.816406 0.120117
vt 0.817383 0.120117
vt 0.816406 0.121094
vt 0.817383 0.121094
vt 0.816406 0.124023
vt 0.817383 0.124023
vt 0.820312 0.058594
vt 0.821289 0.058594
vt 0.820312 0.060547
vt 0.821289 0.060547
vt 0.558594 0.320312
vt 0.559570 0.320312
vt 0.558594 0.322266
vt 0.559570 0.322266
vt 0.734375 0.308594
vt 0.739258 0.308594
vt 0.734375 0.309570
vt 0.739258 0.309570
vt 0.808594 0.235352
vt 0.813477 0.235352
vt 0.808594 0.234375
vt 0.813477 0.234375
vt 0.785156 0.066406
vt 0.790039 0.066406
vt 0.785156 0.068359
vt 0.790039 0.068359
vt 0.785156 0.074219
vt 0.790039 0.074219
vt 0.785156 0.076172
vt 0.790039 0.076172
vt 0.695312 0.312500
vt 0.696289 0.312500
vt 0.695312 0.315430
vt 0.696289 0.315430
vt 0.812500 0.191406
vt 0.813477 0.191406
vt 0.812500 0.194336
vt 0.813477 0.194336
vt 0.816406 0.199219
vt 0.818359 0.199219
vt 0.816406 0.200195
vt 0.818359 0.200195
vt 0.703125 0.317383
vt 0.705078 0.317383
vt 0.703125 0.316406
vt 0.705078 0.316406
vt 0.714844 0.296875
vt 0.716797 0.296875
vt 0.714844 0.299805
vt 0.716797 0.299805
vt 0.796875 0.214844
vt 0.798828 0.214844
vt 0.796875 0.217773
vt 0.798828 0.217773
vt 0.707031 0.132812
vt 0.719727 0.132812
vt 0.707031 0.135742
vt 0.719727 0.135742
vt 0.703125 0.164062
vt 0.715820 0.164062
vt 0.703125 0.166992
vt 0.715820 0.166992
vt 0.574219 0.023438
vt 0.604492 0.023438
vt 0.574219 0.036133
vt 0.604492 0.036133
vt 0.500000 0.090820
vt 0.530273 0.090820
vt 0.500000 0.078125
vt 0.530273 0.078125
vt 0.640625 0.117188
vt 0.670898 0.117188
vt 0.640625 0.120117
vt 0.670898 0.120117
vt 0.640625 0.121094
vt 0.670898 0.121094
vt 0.640625 0.124023
vt 0.670898 0.124023
vt 0.679688 0.207031
vt 0.691406 0.207031
vt 0.679688 0.209961
vt 0.691406 0.209961
vt 0.667969 0.207031
vt 0.679688 0.207031
vt 0.667969 0.209961
vt 0.679688 0.209961
vt 0.656250 0.082031
vt 0.662109 0.082031
vt 0.656250 0.093750
vt 0.662109 0.093750
vt 0.539062 0.171875
vt 0.544922 0.171875
vt 0.539062 0.160156
vt 0.544922 0.160156
vt 0.765625 0.015625
vt 0.771484 0.015625
vt 0.765625 0.018555
vt 0.771484 0.018555
vt 0.765625 0.019531
vt 0.771484 0.019531
vt 0.765625 0.022461
vt 0.771484 0.022461
vt 0.703125 0.207031
vt 0.714844 0.207031
vt 0.703125 0.209961
vt 0.714844 0.209961
vt 0.691406 0.207031
vt 0.703125 0.207031
vt 0.691406 0.209961
vt 0.703125 0.209961
vt 0.660156 0.039062
vt 0.666016 0.039062
vt 0.660156 0.050781
vt 0.666016 0.050781
vt 0.546875 0.171875
vt 0.552734 0.171875
vt 0.546875 0.160156
vt 0.552734 0.160156
vt 0.523438 0.265625
vt 0.529297 0.265625
vt 0.523438 0.268555
vt 0.529297 0.268555
vt 0.765625 0.023438
vt 0.771484 0.023438
vt 0.765625 0.026367
vt 0.771484 0.026367
vt 0.621094 0.289062
vt 0.627930 0.289062
vt 0.621094 0.290039
vt 0.627930 0.290039
vt 0.789062 0.117188
vt 0.795898 0.117188
vt 0.789062 0.118164
vt 0.795898 0.118164
vt 0.507812 0.261719
vt 0.510742 0.261719
vt 0.507812 0.268555
vt 0.510742 0.268555
vt 0.761719 0.014648
vt 0.764648 0.014648
vt 0.761719 0.007812
vt 0.764648 0.007812
vt 0.812500 0.175781
vt 0.815430 0.175781
vt 0.812500 0.176758
vt 0.815430 0.176758
vt 0.679688 0.312500
vt 0.682617 0.312500
vt 0.679688 0.313477
vt 0.682617 0.313477
vt 0.675781 0.289062
vt 0.682617 0.289062
vt 0.675781 0.290039
vt 0.682617 0.290039
vt 0.667969 0.289062
vt 0.674805 0.289062
vt 0.667969 0.290039
vt 0.674805 0.290039
vt 0.761719 0.136719
vt 0.764648 0.136719
vt 0.761719 0.143555
vt 0.764648 0.143555
vt 0.644531 0.268555
vt 0.647461 0.268555
vt 0.644531 0.261719
vt 0.647461 0.261719
vt 0.812500 0.203125
vt 0.815430 0.203125
vt 0.812500 0.204102
vt 0.815430 0.204102
vt 0.707031 0.312500
vt 0.709961 0.312500
vt 0.707031 0.313477
vt 0.709961 0.313477
vt 0.789062 0.125000
vt 0.795898 0.125000
vt 0.789062 0.125977
vt 0.795898 0.125977
vt 0.789062 0.121094
vt 0.795898 0.121094
vt 0.789062 0.122070
vt 0.795898 0.122070
vt 0.511719 0.261719
vt 0.514648 0.261719
vt 0.511719 0.268555
vt 0.514648 0.268555
vt 0.515625 0.268555
vt 0.518555 0.268555
vt 0.515625 0.261719
vt 0.518555 0.261719
vt 0.812500 0.179688
vt 0.815430 0.179688
vt 0.812500 0.180664
vt 0.815430 0.180664
vt 0.683594 0.312500
vt 0.686523 0.312500
vt 0.683594 0.313477
vt 0.686523 0.313477
vt 0.789062 0.195312
vt 0.795898 0.195312
vt 0.789062 0.196289
vt 0.795898 0.196289
vt 0.695312 0.289062
vt 0.702148 0.289062
vt 0.695312 0.290039
vt 0.702148 0.290039
vt 0.761719 0.144531
vt 0.764648 0.144531
vt 0.761719 0.151367
vt 0.764648 0.151367
vt 0.648438 0.268555
vt 0.651367 0.268555
vt 0.648438 0.261719
vt 0.651367 0.261719
vt 0.812500 0.207031
vt 0.815430 0.207031
vt 0.812500 0.208008
vt 0.815430 0.208008
vt 0.710938 0.312500
vt 0.713867 0.312500
vt 0.710938 0.313477
vt 0.713867 0.313477
vt 0.589844 0.179688
vt 0.591797 0.179688
vt 0.589844 0.205078
vt 0.591797 0.205078
vt 0.562500 0.179688
vt 0.564453 0.179688
vt 0.562500 0.205078
vt 0.564453 0.205078
vt 0.710938 0.308594
vt 0.712891 0.308594
vt 0.710938 0.310547
vt 0.712891 0.310547
vt 0.808594 0.240234
vt 0.810547 0.240234
vt 0.808594 0.238281
vt 0.810547 0.238281
vt 0.527344 0.179688
vt 0.529297 0.179688
vt 0.527344 0.205078
vt 0.529297 0.205078
vt 0.566406 0.179688
vt 0.568359 0.179688
vt 0.566406 0.205078
vt 0.568359 0.205078
vt 0.777344 0.269531
vt 0.783203 0.269531
vt 0.777344 0.271484
vt 0.783203 0.271484
vt 0.777344 0.265625
vt 0.783203 0.265625
vt 0.777344 0.267578
vt 0.783203 0.267578
vt 0.710938 0.277344
vt 0.712891 0.277344
vt 0.710938 0.283203
vt 0.712891 0.283203
vt 0.777344 0.279297
vt 0.779297 0.279297
vt 0.777344 0.273438
vt 0.779297 0.273438
vt 0.742188 0.308594
vt 0.744141 0.308594
vt 0.742188 0.310547
vt 0.744141 0.310547
vt 0.808594 0.242188
vt 0.810547 0.242188
vt 0.808594 0.244141
vt 0.810547 0.244141
vt 0.781250 0.046875
vt 0.787109 0.046875
vt 0.781250 0.048828
vt 0.787109 0.048828
vt 0.546875 0.281250
vt 0.552734 0.281250
vt 0.546875 0.283203
vt 0.552734 0.283203
vt 0.781250 0.054688
vt 0.783203 0.054688
vt 0.781250 0.060547
vt 0.783203 0.060547
vt 0.574219 0.287109
vt 0.576172 0.287109
vt 0.574219 0.281250
vt 0.576172 0.281250
vt 0.511719 0.312500
vt 0.513672 0.312500
vt 0.511719 0.314453
vt 0.513672 0.314453
vt 0.812500 0.011719
vt 0.814453 0.011719
vt 0.812500 0.013672
vt 0.814453 0.013672
vt 0.574219 0.203125
vt 0.576172 0.203125
vt 0.574219 0.224609
vt 0.576172 0.224609
vt 0.554688 0.203125
vt 0.556641 0.203125
vt 0.554688 0.224609
vt 0.556641 0.224609
vt 0.812500 0.019531
vt 0.814453 0.019531
vt 0.812500 0.021484
vt 0.814453 0.021484
vt 0.523438 0.314453
vt 0.525391 0.314453
vt 0.523438 0.312500
vt 0.525391 0.312500
vt 0.550781 0.203125
vt 0.552734 0.203125
vt 0.550781 0.224609
vt 0.552734 0.224609
vt 0.570312 0.203125
vt 0.572266 0.203125
vt 0.570312 0.224609
vt 0.572266 0.224609
vt 0.546875 0.203125
vt 0.548828 0.203125
vt 0.546875 0.224609
vt 0.548828 0.224609
vt 0.558594 0.187500
vt 0.560547 0.187500
vt 0.558594 0.208984
vt 0.560547 0.208984
vt 0.812500 0.015625
vt 0.814453 0.015625
vt 0.812500 0.017578
vt 0.814453 0.017578
vt 0.519531 0.314453
vt 0.521484 0.314453
vt 0.519531 0.312500
vt 0.521484 0.312500
vt 0.585938 0.183594
vt 0.587891 0.183594
vt 0.585938 0.205078
vt 0.587891 0.205078
vt 0.542969 0.203125
vt 0.544922 0.203125
vt 0.542969 0.224609
vt 0.544922 0.224609
vt 0.660156 0.179688
vt 0.662109 0.179688
vt 0.660156 0.205078
vt 0.662109 0.205078
vt 0.621094 0.179688
vt 0.623047 0.179688
vt 0.621094 0.205078
vt 0.623047 0.205078
vt 0.746094 0.308594
vt 0.748047 0.308594
vt 0.746094 0.310547
vt 0.748047 0.310547
vt 0.808594 0.248047
vt 0.810547 0.248047
vt 0.808594 0.246094
vt 0.810547 0.246094
vt 0.593750 0.179688
vt 0.595703 0.179688
vt 0.593750 0.205078
vt 0.595703 0.205078
vt 0.625000 0.179688
vt 0.626953 0.179688
vt 0.625000 0.205078
vt 0.626953 0.205078
vt 0.628906 0.316406
vt 0.630859 0.316406
vt 0.628906 0.317383
vt 0.630859 0.317383
vt 0.816406 0.125000
vt 0.818359 0.125000
vt 0.816406 0.125977
vt 0.818359 0.125977
vt 0.675781 0.179688
vt 0.701172 0.179688
vt 0.675781 0.181641
vt 0.701172 0.181641
vt 0.683594 0.009766
vt 0.708984 0.009766
vt 0.683594 0.007812
vt 0.708984 0.007812
vt 0.734375 0.074219
vt 0.759766 0.074219
vt 0.734375 0.075195
vt 0.759766 0.075195
vt 0.734375 0.125000
vt 0.759766 0.125000
vt 0.734375 0.125977
vt 0.759766 0.125977
vt 0.675781 0.316406
vt 0.677734 0.316406
vt 0.675781 0.317383
vt 0.677734 0.317383
vt 0.816406 0.171875
vt 0.818359 0.171875
vt 0.816406 0.172852
vt 0.818359 0.172852
vt 0.664062 0.167969
vt 0.694336 0.167969
vt 0.664062 0.169922
vt 0.694336 0.169922
vt 0.671875 0.052734
vt 0.702148 0.052734
vt 0.671875 0.050781
vt 0.702148 0.050781
vt 0.726562 0.054688
vt 0.756836 0.054688
vt 0.726562 0.055664
vt 0.756836 0.055664
vt 0.726562 0.058594
vt 0.756836 0.058594
vt 0.726562 0.059570
vt 0.756836 0.059570
vt 0.527344 0.312500
vt 0.529297 0.312500
vt 0.527344 0.314453
vt 0.529297 0.314453
vt 0.812500 0.023438
vt 0.814453 0.023438
vt 0.812500 0.025391
vt 0.814453 0.025391
vt 0.667969 0.062500
vt 0.698242 0.062500
vt 0.667969 0.064453
vt 0.698242 0.064453
vt 0.667969 0.068359
vt 0.698242 0.068359
vt 0.667969 0.066406
vt 0.698242 0.066406
vt 0.667969 0.042969
vt 0.698242 0.042969
vt 0.667969 0.044922
vt 0.698242 0.044922
vt 0.667969 0.046875
vt 0.698242 0.046875
vt 0.667969 0.048828
vt 0.698242 0.048828
vt 0.726562 0.230469
vt 0.752930 0.230469
vt 0.726562 0.231445
vt 0.752930 0.231445
vt 0.730469 0.191406
vt 0.756836 0.191406
vt 0.730469 0.192383
vt 0.756836 0.192383
vt 0.554688 0.175781
vt 0.556641 0.175781
vt 0.554688 0.202148
vt 0.556641 0.202148
vt 0.515625 0.206055
vt 0.517578 0.206055
vt 0.515625 0.179688
vt 0.517578 0.179688
vt 0.816406 0.175781
vt 0.818359 0.175781
vt 0.816406 0.176758
vt 0.818359 0.176758
vt 0.679688 0.316406
vt 0.681641 0.316406
vt 0.679688 0.317383
vt 0.681641 0.317383
vt 0.734375 0.011719
vt 0.760742 0.011719
vt 0.734375 0.012695
vt 0.760742 0.012695
vt 0.734375 0.007812
vt 0.760742 0.007812
vt 0.734375 0.008789
vt 0.760742 0.008789
vt 0.519531 0.179688
vt 0.521484 0.179688
vt 0.519531 0.206055
vt 0.521484 0.206055
vt 0.523438 0.206055
vt 0.525391 0.206055
vt 0.523438 0.179688
vt 0.525391 0.179688
vt 0.816406 0.179688
vt 0.818359 0.179688
vt 0.816406 0.180664
vt 0.818359 0.180664
vt 0.683594 0.316406
vt 0.685547 0.316406
vt 0.683594 0.317383
vt 0.685547 0.317383
vt 0.632812 0.316406
vt 0.634766 0.316406
vt 0.632812 0.317383
vt 0.634766 0.317383
vt 0.816406 0.128906
vt 0.818359 0.128906
vt 0.816406 0.129883
vt 0.818359 0.129883
vt 0.683594 0.011719
vt 0.708984 0.011719
vt 0.683594 0.013672
vt 0.708984 0.013672
vt 0.683594 0.017578
vt 0.708984 0.017578
vt 0.683594 0.015625
vt 0.708984 0.015625
vt 0.734375 0.128906
vt 0.759766 0.128906
vt 0.734375 0.129883
vt 0.759766 0.129883
vt 0.734375 0.136719
vt 0.759766 0.136719
vt 0.734375 0.137695
vt 0.759766 0.137695
vt 0.796875 0.222656
vt 0.798828 0.222656
vt 0.796875 0.225586
vt 0.798828 0.225586
vt 0.722656 0.296875
vt 0.724609 0.296875
vt 0.722656 0.299805
vt 0.724609 0.299805
vt 0.726562 0.296875
vt 0.729492 0.296875
vt 0.726562 0.298828
vt 0.729492 0.298828
vt 0.796875 0.228516
vt 0.799805 0.228516
vt 0.796875 0.226562
vt 0.799805 0.226562
vt 0.785156 0.105469
vt 0.788086 0.105469
vt 0.785156 0.108398
vt 0.788086 0.108398
vt 0.609375 0.285156
vt 0.612305 0.285156
vt 0.609375 0.288086
vt 0.612305 0.288086
vt 0.796875 0.230469
vt 0.798828 0.230469
vt 0.796875 0.233398
vt 0.798828 0.233398
vt 0.730469 0.296875
vt 0.732422 0.296875
vt 0.730469 0.299805
vt 0.732422 0.299805
vt 0.734375 0.296875
vt 0.737305 0.296875
vt 0.734375 0.298828
vt 0.737305 0.298828
vt 0.796875 0.236328
vt 0.799805 0.236328
vt 0.796875 0.234375
vt 0.799805 0.234375
vt 0.785156 0.109375
vt 0.788086 0.109375
vt 0.785156 0.112305
vt 0.788086 0.112305
vt 0.613281 0.285156
vt 0.616211 0.285156
vt 0.613281 0.288086
vt 0.616211 0.288086
vt 0.634766 0.322266
vt 0.627930 0.322266
vt 0.634766 0.329102
vt 0.627930 0.329102
vt 0.634766 0.322266
vt 0.627930 0.322266
vt 0.634766 0.329102
vt 0.627930 0.329102
vt 0.634766 0.322266
vt 0.627930 0.322266
vt 0.634766 0.329102
vt 0.627930 0.329102
vt 0.634766 0.322266
vt 0.627930 0.322266
vt 0.634766 0.329102
vt 0.627930 0.329102
vt 0.634766 0.322266
vt 0.627930 0.322266
vt 0.634766 0.329102
vt 0.627930 0.329102
vt 0.634766 0.322266
vt 0.627930 0.322266
vt 0.634766 0.329102
vt 0.627930 0.329102
vt 0.627930 0.322266
vt 0.634766 0.322266
vt 0.627930 0.329102
vt 0.634766 0.329102
vt 0.627930 0.322266
vt 0.634766 0.322266
vt 0.627930 0.329102
vt 0.634766 0.329102
vt 0.627930 0.322266
vt 0.634766 0.322266
vt 0.627930 0.329102
vt 0.634766 0.329102
vt 0.627930 0.322266
vt 0.634766 0.322266
vt 0.627930 0.329102
vt 0.634766 0.329102
vt 0.627930 0.322266
vt 0.634766 0.322266
vt 0.627930 0.329102
vt 0.634766 0.329102
vt 0.627930 0.322266
vt 0.634766 0.322266
vt 0.627930 0.329102
vt 0.634766 0.329102
vt 0.796875 0.222656
vt 0.798828 0.222656
vt 0.796875 0.225586
vt 0.798828 0.225586
vt 0.722656 0.296875
vt 0.724609 0.296875
vt 0.722656 0.299805
vt 0.724609 0.299805
vt 0.726562 0.296875
vt 0.729492 0.296875
vt 0.726562 0.298828
vt 0.729492 0.298828
vt 0.796875 0.228516
vt 0.799805 0.228516
vt 0.796875 0.226562
vt 0.799805 0.226562
vt 0.785156 0.105469
vt 0.788086 0.105469
vt 0.785156 0.108398
vt 0.788086 0.108398
vt 0.609375 0.285156
vt 0.612305 0.285156
vt 0.609375 0.288086
vt 0.612305 0.288086
vt 0.627930 0.329102
vt 0.634766 0.329102
vt 0.627930 0.322266
vt 0.634766 0.322266
vt 0.627930 0.329102
vt 0.634766 0.329102
vt 0.627930 0.322266
vt 0.634766 0.322266
vt 0.627930 0.329102
vt 0.634766 0.329102
vt 0.627930 0.322266
vt 0.634766 0.322266
vt 0.627930 0.329102
vt 0.634766 0.329102
vt 0.627930 0.322266
vt 0.634766 0.322266
vt 0.627930 0.329102
vt 0.634766 0.329102
vt 0.627930 0.322266
vt 0.634766 0.322266
vt 0.627930 0.329102
vt 0.634766 0.329102
vt 0.627930 0.322266
vt 0.634766 0.322266
vt 0.634766 0.322266
vt 0.627930 0.322266
vt 0.634766 0.329102
vt 0.627930 0.329102
vt 0.634766 0.322266
vt 0.627930 0.322266
vt 0.634766 0.329102
vt 0.627930 0.329102
vt 0.634766 0.322266
vt 0.627930 0.322266
vt 0.634766 0.329102
vt 0.627930 0.329102
vt 0.634766 0.322266
vt 0.627930 0.322266
vt 0.634766 0.329102
vt 0.627930 0.329102
vt 0.634766 0.322266
vt 0.627930 0.322266
vt 0.634766 0.329102
vt 0.627930 0.329102
vt 0.634766 0.322266
vt 0.627930 0.322266
vt 0.634766 0.329102
vt 0.627930 0.329102
vt 0.635742 0.327344
vt 0.635742 0.326367
vt 0.642578 0.327344
vt 0.642578 0.326367
vt 0.635742 0.327344
vt 0.635742 0.326367
vt 0.642578 0.327344
vt 0.642578 0.326367
vt 0.635742 0.328125
vt 0.642578 0.328125
vt 0.635742 0.329102
vt 0.642578 0.329102
vt 0.635742 0.329102
vt 0.642578 0.329102
vt 0.635742 0.328125
vt 0.642578 0.328125
vt 0.635742 0.322266
vt 0.642578 0.322266
vt 0.635742 0.329102
vt 0.642578 0.329102
vt 0.635742 0.322266
vt 0.642578 0.322266
vt 0.635742 0.329102
vt 0.642578 0.329102
vt 0.635742 0.327344
vt 0.635742 0.326367
vt 0.642578 0.327344
vt 0.642578 0.326367
vt 0.635742 0.327344
vt 0.635742 0.326367
vt 0.642578 0.327344
vt 0.642578 0.326367
vt 0.642578 0.322266
vt 0.635742 0.322266
vt 0.642578 0.329102
vt 0.635742 0.329102
vt 0.642578 0.322266
vt 0.635742 0.322266
vt 0.642578 0.329102
vt 0.635742 0.329102
vt 0.642578 0.322266
vt 0.635742 0.322266
vt 0.642578 0.329102
vt 0.635742 0.329102
vt 0.642578 0.322266
vt 0.635742 0.322266
vt 0.642578 0.329102
vt 0.635742 0.329102
vt 0.635742 0.327344
vt 0.635742 0.326367
vt 0.642578 0.327344
vt 0.642578 0.326367
vt 0.635742 0.327344
vt 0.635742 0.326367
vt 0.642578 0.327344
vt 0.642578 0.326367
vt 0.642578 0.328125
vt 0.635742 0.328125
vt 0.642578 0.329102
vt 0.635742 0.329102
vt 0.635742 0.329102
vt 0.642578 0.329102
vt 0.635742 0.328125
vt 0.642578 0.328125
vt 0.642578 0.322266
vt 0.635742 0.322266
vt 0.642578 0.329102
vt 0.635742 0.329102
vt 0.642578 0.322266
vt 0.635742 0.322266
vt 0.642578 0.329102
vt 0.635742 0.329102
vt 0.635742 0.327344
vt 0.635742 0.326367
vt 0.642578 0.327344
vt 0.642578 0.326367
vt 0.635742 0.327344
vt 0.635742 0.326367
vt 0.642578 0.327344
vt 0.642578 0.326367
vt 0.635742 0.329102
vt 0.642578 0.329102
vt 0.635742 0.328125
vt 0.642578 0.328125
vt 0.635742 0.329102
vt 0.642578 0.329102
vt 0.635742 0.328125
vt 0.642578 0.328125
vt 0.635742 0.329102
vt 0.642578 0.329102
vt 0.635742 0.322266
vt 0.642578 0.322266
vt 0.635742 0.329102
vt 0.642578 0.329102
vt 0.635742 0.322266
vt 0.642578 0.322266
vt 0.796875 0.230469
vt 0.798828 0.230469
vt 0.796875 0.233398
vt 0.798828 0.233398
vt 0.730469 0.296875
vt 0.732422 0.296875
vt 0.730469 0.299805
vt 0.732422 0.299805
vt 0.734375 0.296875
vt 0.737305 0.296875
vt 0.734375 0.298828
vt 0.737305 0.298828
vt 0.796875 0.236328
vt 0.799805 0.236328
vt 0.796875 0.234375
vt 0.799805 0.234375
vt 0.785156 0.109375
vt 0.788086 0.109375
vt 0.785156 0.112305
vt 0.788086 0.112305
vt 0.613281 0.285156
vt 0.616211 0.285156
vt 0.613281 0.288086
vt 0.616211 0.288086
vt 0.820312 0.062500
vt 0.821289 0.062500
vt 0.820312 0.063477
vt 0.821289 0.063477
vt 0.562500 0.320312
vt 0.563477 0.320312
vt 0.562500 0.321289
vt 0.563477 0.321289
vt 0.765625 0.195312
vt 0.782227 0.195312
vt 0.765625 0.196289
vt 0.782227 0.196289
vt 0.765625 0.200195
vt 0.782227 0.200195
vt 0.765625 0.199219
vt 0.782227 0.199219
vt 0.765625 0.175781
vt 0.782227 0.175781
vt 0.765625 0.176758
vt 0.782227 0.176758
vt 0.765625 0.179688
vt 0.782227 0.179688
vt 0.765625 0.180664
vt 0.782227 0.180664
vt 0.820312 0.066406
vt 0.821289 0.066406
vt 0.820312 0.067383
vt 0.821289 0.067383
vt 0.566406 0.320312
vt 0.567383 0.320312
vt 0.566406 0.321289
vt 0.567383 0.321289
vt 0.757812 0.265625
vt 0.773438 0.265625
vt 0.757812 0.266602
vt 0.773438 0.266602
vt 0.765625 0.258789
vt 0.781250 0.258789
vt 0.765625 0.257812
vt 0.781250 0.257812
vt 0.730469 0.265625
vt 0.746094 0.265625
vt 0.730469 0.266602
vt 0.746094 0.266602
vt 0.765625 0.253906
vt 0.781250 0.253906
vt 0.765625 0.254883
vt 0.781250 0.254883
vt 0.820312 0.070312
vt 0.821289 0.070312
vt 0.820312 0.071289
vt 0.821289 0.071289
vt 0.570312 0.320312
vt 0.571289 0.320312
vt 0.570312 0.321289
vt 0.571289 0.321289
vt 0.726562 0.210938
vt 0.753906 0.210938
vt 0.726562 0.211914
vt 0.753906 0.211914
vt 0.726562 0.215820
vt 0.753906 0.215820
vt 0.726562 0.214844
vt 0.753906 0.214844
vt 0.726562 0.195312
vt 0.753906 0.195312
vt 0.726562 0.196289
vt 0.753906 0.196289
vt 0.726562 0.207031
vt 0.753906 0.207031
vt 0.726562 0.208008
vt 0.753906 0.208008
vt 0.726562 0.218750
vt 0.740234 0.218750
vt 0.726562 0.220703
vt 0.740234 0.220703
vt 0.687500 0.226562
vt 0.701172 0.226562
vt 0.687500 0.228516
vt 0.701172 0.228516
vt 0.531250 0.078125
vt 0.557617 0.078125
vt 0.531250 0.091797
vt 0.557617 0.091797
vt 0.558594 0.091797
vt 0.584961 0.091797
vt 0.558594 0.078125
vt 0.584961 0.078125
vt 0.675781 0.164062
vt 0.702148 0.164062
vt 0.675781 0.166016
vt 0.702148 0.166016
vt 0.675781 0.175781
vt 0.702148 0.175781
vt 0.675781 0.177734
vt 0.702148 0.177734
vt 0.738281 0.152344
vt 0.750000 0.152344
vt 0.738281 0.154297
vt 0.750000 0.154297
vt 0.738281 0.132812
vt 0.750000 0.132812
vt 0.738281 0.134766
vt 0.750000 0.134766
vt 0.527344 0.093750
vt 0.553711 0.093750
vt 0.527344 0.105469
vt 0.553711 0.105469
vt 0.554688 0.105469
vt 0.581055 0.105469
vt 0.554688 0.093750
vt 0.581055 0.093750
vt 0.679688 0.117188
vt 0.706055 0.117188
vt 0.679688 0.119141
vt 0.706055 0.119141
vt 0.679688 0.121094
vt 0.706055 0.121094
vt 0.679688 0.123047
vt 0.706055 0.123047
vt 0.781250 0.007812
vt 0.783203 0.007812
vt 0.781250 0.013672
vt 0.783203 0.013672
vt 0.781250 0.000000
vt 0.783203 0.000000
vt 0.781250 0.005859
vt 0.783203 0.005859
vt 0.664062 0.089844
vt 0.694336 0.089844
vt 0.664062 0.091797
vt 0.694336 0.091797
vt 0.667969 0.041016
vt 0.698242 0.041016
vt 0.667969 0.039062
vt 0.698242 0.039062
vt 0.605469 0.031250
vt 0.635742 0.031250
vt 0.605469 0.037109
vt 0.635742 0.037109
vt 0.609375 0.000000
vt 0.639648 0.000000
vt 0.609375 0.005859
vt 0.639648 0.005859
vt 0.812500 0.144531
vt 0.813477 0.144531
vt 0.812500 0.148438
vt 0.813477 0.148438
vt 0.644531 0.312500
vt 0.645508 0.312500
vt 0.644531 0.316406
vt 0.645508 0.316406
vt 0.726562 0.101562
vt 0.756836 0.101562
vt 0.726562 0.102539
vt 0.756836 0.102539
vt 0.726562 0.106445
vt 0.756836 0.106445
vt 0.726562 0.105469
vt 0.756836 0.105469
vt 0.625000 0.062500
vt 0.655273 0.062500
vt 0.625000 0.066406
vt 0.655273 0.066406
vt 0.625000 0.066406
vt 0.655273 0.066406
vt 0.625000 0.070312
vt 0.655273 0.070312
vt 0.617188 0.316406
vt 0.618164 0.316406
vt 0.617188 0.319336
vt 0.618164 0.319336
vt 0.816406 0.113281
vt 0.817383 0.113281
vt 0.816406 0.116211
vt 0.817383 0.116211
vt 0.726562 0.082031
vt 0.756836 0.082031
vt 0.726562 0.083008
vt 0.756836 0.083008
vt 0.726562 0.086914
vt 0.756836 0.086914
vt 0.726562 0.085938
vt 0.756836 0.085938
vt 0.644531 0.074219
vt 0.674805 0.074219
vt 0.644531 0.077148
vt 0.674805 0.077148
vt 0.644531 0.078125
vt 0.674805 0.078125
vt 0.644531 0.081055
vt 0.674805 0.081055
vt 0.808594 0.250000
vt 0.810547 0.250000
vt 0.808594 0.251953
vt 0.810547 0.251953
vt 0.750000 0.308594
vt 0.751953 0.308594
vt 0.750000 0.310547
vt 0.751953 0.310547
vt 0.769531 0.246094
vt 0.776367 0.246094
vt 0.769531 0.248047
vt 0.776367 0.248047
vt 0.769531 0.251953
vt 0.776367 0.251953
vt 0.769531 0.250000
vt 0.776367 0.250000
vt 0.769531 0.242188
vt 0.776367 0.242188
vt 0.769531 0.244141
vt 0.776367 0.244141
vt 0.746094 0.269531
vt 0.752930 0.269531
vt 0.746094 0.271484
vt 0.752930 0.271484
vt 0.593750 0.285156
vt 0.594727 0.285156
vt 0.593750 0.293945
vt 0.594727 0.293945
vt 0.589844 0.285156
vt 0.590820 0.285156
vt 0.589844 0.293945
vt 0.590820 0.293945
vt 0.734375 0.140625
vt 0.759766 0.140625
vt 0.734375 0.141602
vt 0.759766 0.141602
vt 0.734375 0.145508
vt 0.759766 0.145508
vt 0.734375 0.144531
vt 0.759766 0.144531
vt 0.558594 0.105469
vt 0.583984 0.105469
vt 0.558594 0.114258
vt 0.583984 0.114258
vt 0.585938 0.105469
vt 0.611328 0.105469
vt 0.585938 0.114258
vt 0.611328 0.114258
vt 0.691406 0.277344
vt 0.692383 0.277344
vt 0.691406 0.290039
vt 0.692383 0.290039
vt 0.687500 0.277344
vt 0.688477 0.277344
vt 0.687500 0.290039
vt 0.688477 0.290039
vt 0.730469 0.097656
vt 0.756836 0.097656
vt 0.730469 0.098633
vt 0.756836 0.098633
vt 0.652344 0.231445
vt 0.678711 0.231445
vt 0.652344 0.230469
vt 0.678711 0.230469
vt 0.585938 0.078125
vt 0.612305 0.078125
vt 0.585938 0.090820
vt 0.612305 0.090820
vt 0.500000 0.093750
vt 0.526367 0.093750
vt 0.500000 0.106445
vt 0.526367 0.106445
vt 0.554688 0.285156
vt 0.555664 0.285156
vt 0.554688 0.294922
vt 0.555664 0.294922
vt 0.550781 0.285156
vt 0.551758 0.285156
vt 0.550781 0.294922
vt 0.551758 0.294922
vt 0.734375 0.027344
vt 0.760742 0.027344
vt 0.734375 0.028320
vt 0.760742 0.028320
vt 0.734375 0.067383
vt 0.760742 0.067383
vt 0.734375 0.066406
vt 0.760742 0.066406
vt 0.582031 0.093750
vt 0.608398 0.093750
vt 0.582031 0.103516
vt 0.608398 0.103516
vt 0.608398 0.093750
vt 0.582031 0.093750
vt 0.608398 0.103516
vt 0.582031 0.103516
vt 0.765625 0.089844
vt 0.767578 0.089844
vt 0.765625 0.098633
vt 0.767578 0.098633
vt 0.562500 0.265625
vt 0.564453 0.265625
vt 0.562500 0.274414
vt 0.564453 0.274414
vt 0.753906 0.003906
vt 0.765625 0.003906
vt 0.753906 0.005859
vt 0.765625 0.005859
vt 0.753906 0.025391
vt 0.765625 0.025391
vt 0.753906 0.023438
vt 0.765625 0.023438
vt 0.585938 0.128906
vt 0.597656 0.128906
vt 0.585938 0.137695
vt 0.597656 0.137695
vt 0.597656 0.128906
vt 0.609375 0.128906
vt 0.597656 0.137695
vt 0.609375 0.137695
vt 0.664062 0.199219
vt 0.672852 0.199219
vt 0.664062 0.204102
vt 0.672852 0.204102
vt 0.636719 0.199219
vt 0.645508 0.199219
vt 0.636719 0.204102
vt 0.645508 0.204102
vt 0.507812 0.152344
vt 0.516602 0.152344
vt 0.507812 0.161133
vt 0.516602 0.161133
vt 0.519531 0.161133
vt 0.528320 0.161133
vt 0.519531 0.152344
vt 0.528320 0.152344
vt 0.699219 0.062500
vt 0.708008 0.062500
vt 0.699219 0.067383
vt 0.708008 0.067383
vt 0.648438 0.199219
vt 0.657227 0.199219
vt 0.648438 0.204102
vt 0.657227 0.204102
vt 0.527344 0.222656
vt 0.534180 0.222656
vt 0.527344 0.227539
vt 0.534180 0.227539
vt 0.722656 0.023438
vt 0.729492 0.023438
vt 0.722656 0.028320
vt 0.729492 0.028320
vt 0.531250 0.207031
vt 0.537109 0.207031
vt 0.531250 0.213867
vt 0.537109 0.213867
vt 0.562500 0.213867
vt 0.568359 0.213867
vt 0.562500 0.207031
vt 0.568359 0.207031
vt 0.625000 0.226562
vt 0.630859 0.226562
vt 0.625000 0.231445
vt 0.630859 0.231445
vt 0.726562 0.125000
vt 0.732422 0.125000
vt 0.726562 0.129883
vt 0.732422 0.129883
vt 0.699219 0.171875
vt 0.713867 0.171875
vt 0.699219 0.174805
vt 0.713867 0.174805
vt 0.699219 0.046875
vt 0.713867 0.046875
vt 0.699219 0.049805
vt 0.713867 0.049805
vt 0.562500 0.148438
vt 0.568359 0.148438
vt 0.562500 0.163086
vt 0.568359 0.163086
vt 0.500000 0.166992
vt 0.505859 0.166992
vt 0.500000 0.152344
vt 0.505859 0.152344
vt 0.765625 0.136719
vt 0.771484 0.136719
vt 0.765625 0.139648
vt 0.771484 0.139648
vt 0.765625 0.140625
vt 0.771484 0.140625
vt 0.765625 0.143555
vt 0.771484 0.143555
vt 0.812500 0.238281
vt 0.815430 0.238281
vt 0.812500 0.239258
vt 0.815430 0.239258
vt 0.738281 0.312500
vt 0.741211 0.312500
vt 0.738281 0.313477
vt 0.741211 0.313477
vt 0.625000 0.214844
vt 0.628906 0.214844
vt 0.625000 0.217773
vt 0.628906 0.217773
vt 0.675781 0.241211
vt 0.679688 0.241211
vt 0.675781 0.238281
vt 0.679688 0.238281
vt 0.812500 0.082031
vt 0.816406 0.082031
vt 0.812500 0.083008
vt 0.816406 0.083008
vt 0.585938 0.312500
vt 0.589844 0.312500
vt 0.585938 0.313477
vt 0.589844 0.313477
vt 0.812500 0.246094
vt 0.815430 0.246094
vt 0.812500 0.247070
vt 0.815430 0.247070
vt 0.812500 0.242188
vt 0.815430 0.242188
vt 0.812500 0.243164
vt 0.815430 0.243164
vt 0.785156 0.132812
vt 0.788086 0.132812
vt 0.785156 0.135742
vt 0.788086 0.135742
vt 0.636719 0.288086
vt 0.639648 0.288086
vt 0.636719 0.285156
vt 0.639648 0.285156
vt 0.742188 0.312500
vt 0.745117 0.312500
vt 0.742188 0.313477
vt 0.745117 0.313477
vt 0.746094 0.312500
vt 0.749023 0.312500
vt 0.746094 0.313477
vt 0.749023 0.313477
vt 0.812500 0.093750
vt 0.813477 0.093750
vt 0.812500 0.097656
vt 0.813477 0.097656
vt 0.589844 0.312500
vt 0.590820 0.312500
vt 0.589844 0.316406
vt 0.590820 0.316406
vt 0.656250 0.320312
vt 0.657227 0.320312
vt 0.656250 0.321289
vt 0.657227 0.321289
vt 0.820312 0.157227
vt 0.821289 0.157227
vt 0.820312 0.156250
vt 0.821289 0.156250
vt 0.812500 0.085938
vt 0.813477 0.085938
vt 0.812500 0.089844
vt 0.813477 0.089844
vt 0.812500 0.089844
vt 0.813477 0.089844
vt 0.812500 0.093750
vt 0.813477 0.093750
vt 0.820312 0.164062
vt 0.821289 0.164062
vt 0.820312 0.165039
vt 0.821289 0.165039
vt 0.820312 0.160156
vt 0.821289 0.160156
vt 0.820312 0.161133
vt 0.821289 0.161133
vt 0.667969 0.320312
vt 0.668945 0.320312
vt 0.667969 0.321289
vt 0.668945 0.321289
vt 0.820312 0.168945
vt 0.821289 0.168945
vt 0.820312 0.167969
vt 0.821289 0.167969
vt 0.660156 0.320312
vt 0.661133 0.320312
vt 0.660156 0.321289
vt 0.661133 0.321289
vt 0.664062 0.320312
vt 0.665039 0.320312
vt 0.664062 0.321289
vt 0.665039 0.321289
vt 0.820312 0.148438
vt 0.821289 0.148438
vt 0.820312 0.149414
vt 0.821289 0.149414
vt 0.820312 0.144531
vt 0.821289 0.144531
vt 0.820312 0.145508
vt 0.821289 0.145508
vt 0.652344 0.320312
vt 0.653320 0.320312
vt 0.652344 0.321289
vt 0.653320 0.321289
vt 0.820312 0.153320
vt 0.821289 0.153320
vt 0.820312 0.152344
vt 0.821289 0.152344
vt 0.644531 0.320312
vt 0.645508 0.320312
vt 0.644531 0.321289
vt 0.645508 0.321289
vt 0.648438 0.320312
vt 0.649414 0.320312
vt 0.648438 0.321289
vt 0.649414 0.321289
vt 0.585938 0.289062
vt 0.587891 0.289062
vt 0.585938 0.292969
vt 0.587891 0.292969
vt 0.582031 0.289062
vt 0.583984 0.289062
vt 0.582031 0.292969
vt 0.583984 0.292969
vt 0.781250 0.093750
vt 0.787109 0.093750
vt 0.781250 0.095703
vt 0.787109 0.095703
vt 0.617188 0.283203
vt 0.623047 0.283203
vt 0.617188 0.281250
vt 0.623047 0.281250
vt 0.757812 0.039062
vt 0.763672 0.039062
vt 0.757812 0.042969
vt 0.763672 0.042969
vt 0.542969 0.257812
vt 0.548828 0.257812
vt 0.542969 0.261719
vt 0.548828 0.261719
vt 0.699219 0.199219
vt 0.708008 0.199219
vt 0.699219 0.204102
vt 0.708008 0.204102
vt 0.687500 0.199219
vt 0.696289 0.199219
vt 0.687500 0.204102
vt 0.696289 0.204102
vt 0.652344 0.023438
vt 0.661133 0.023438
vt 0.652344 0.032227
vt 0.661133 0.032227
vt 0.589844 0.161133
vt 0.598633 0.161133
vt 0.589844 0.152344
vt 0.598633 0.152344
vt 0.675781 0.199219
vt 0.684570 0.199219
vt 0.675781 0.204102
vt 0.684570 0.204102
vt 0.699219 0.191406
vt 0.708008 0.191406
vt 0.699219 0.196289
vt 0.708008 0.196289
vt 0.503906 0.285156
vt 0.505859 0.285156
vt 0.503906 0.290039
vt 0.505859 0.290039
vt 0.785156 0.000000
vt 0.787109 0.000000
vt 0.785156 0.004883
vt 0.787109 0.004883
vt 0.800781 0.058594
vt 0.803711 0.058594
vt 0.800781 0.060547
vt 0.803711 0.060547
vt 0.562500 0.302734
vt 0.565430 0.302734
vt 0.562500 0.300781
vt 0.565430 0.300781
vt 0.679688 0.269531
vt 0.682617 0.269531
vt 0.679688 0.274414
vt 0.682617 0.274414
vt 0.691406 0.269531
vt 0.694336 0.269531
vt 0.691406 0.274414
vt 0.694336 0.274414
vt 0.699219 0.269531
vt 0.702148 0.269531
vt 0.699219 0.274414
vt 0.702148 0.274414
vt 0.695312 0.269531
vt 0.698242 0.269531
vt 0.695312 0.274414
vt 0.698242 0.274414
vt 0.800781 0.062500
vt 0.802734 0.062500
vt 0.800781 0.065430
vt 0.802734 0.065430
vt 0.566406 0.303711
vt 0.568359 0.303711
vt 0.566406 0.300781
vt 0.568359 0.300781
vt 0.507812 0.285156
vt 0.509766 0.285156
vt 0.507812 0.290039
vt 0.509766 0.290039
vt 0.785156 0.007812
vt 0.787109 0.007812
vt 0.785156 0.012695
vt 0.787109 0.012695
vt 0.582031 0.281250
vt 0.583984 0.281250
vt 0.582031 0.287109
vt 0.583984 0.287109
vt 0.578125 0.281250
vt 0.580078 0.281250
vt 0.578125 0.287109
vt 0.580078 0.287109
vt 0.753906 0.035156
vt 0.765625 0.035156
vt 0.753906 0.037109
vt 0.765625 0.037109
vt 0.753906 0.064453
vt 0.765625 0.064453
vt 0.753906 0.062500
vt 0.765625 0.062500
vt 0.656250 0.062500
vt 0.667969 0.062500
vt 0.656250 0.068359
vt 0.667969 0.068359
vt 0.660156 0.050781
vt 0.671875 0.050781
vt 0.660156 0.056641
vt 0.671875 0.056641
vt 0.609375 0.265625
vt 0.611328 0.265625
vt 0.609375 0.274414
vt 0.611328 0.274414
vt 0.765625 0.101562
vt 0.767578 0.101562
vt 0.765625 0.110352
vt 0.767578 0.110352
vt 0.753906 0.171875
vt 0.765625 0.171875
vt 0.753906 0.173828
vt 0.765625 0.173828
vt 0.757812 0.001953
vt 0.769531 0.001953
vt 0.757812 0.000000
vt 0.769531 0.000000
vt 0.609375 0.128906
vt 0.621094 0.128906
vt 0.609375 0.137695
vt 0.621094 0.137695
vt 0.621094 0.128906
vt 0.632812 0.128906
vt 0.621094 0.137695
vt 0.632812 0.137695
vt 0.585938 0.281250
vt 0.587891 0.281250
vt 0.585938 0.287109
vt 0.587891 0.287109
vt 0.781250 0.082031
vt 0.783203 0.082031
vt 0.781250 0.087891
vt 0.783203 0.087891
vt 0.753906 0.070312
vt 0.765625 0.070312
vt 0.753906 0.072266
vt 0.765625 0.072266
vt 0.753906 0.080078
vt 0.765625 0.080078
vt 0.753906 0.078125
vt 0.765625 0.078125
vt 0.570312 0.160156
vt 0.582031 0.160156
vt 0.570312 0.166016
vt 0.582031 0.166016
vt 0.601562 0.160156
vt 0.613281 0.160156
vt 0.601562 0.166016
vt 0.613281 0.166016
vt 0.714844 0.054688
vt 0.717773 0.054688
vt 0.714844 0.058594
vt 0.717773 0.058594
vt 0.710938 0.167969
vt 0.713867 0.167969
vt 0.710938 0.171875
vt 0.713867 0.171875
vt 0.765625 0.070312
vt 0.771484 0.070312
vt 0.765625 0.073242
vt 0.771484 0.073242
vt 0.765625 0.081055
vt 0.771484 0.081055
vt 0.765625 0.078125
vt 0.771484 0.078125
vt 0.746094 0.089844
vt 0.751953 0.089844
vt 0.746094 0.093750
vt 0.751953 0.093750
vt 0.757812 0.031250
vt 0.763672 0.031250
vt 0.757812 0.035156
vt 0.763672 0.035156
vt 0.617188 0.210938
vt 0.620117 0.210938
vt 0.617188 0.214844
vt 0.620117 0.214844
vt 0.558594 0.210938
vt 0.561523 0.210938
vt 0.558594 0.214844
vt 0.561523 0.214844
vt 0.765625 0.054688
vt 0.771484 0.054688
vt 0.765625 0.057617
vt 0.771484 0.057617
vt 0.765625 0.065430
vt 0.771484 0.065430
vt 0.765625 0.062500
vt 0.771484 0.062500
vt 0.519531 0.109375
vt 0.525391 0.109375
vt 0.519531 0.113281
vt 0.525391 0.113281
vt 0.539062 0.125000
vt 0.544922 0.125000
vt 0.539062 0.128906
vt 0.544922 0.128906
vt 0.636719 0.316406
vt 0.638672 0.316406
vt 0.636719 0.317383
vt 0.638672 0.317383
vt 0.816406 0.132812
vt 0.818359 0.132812
vt 0.816406 0.133789
vt 0.818359 0.133789
vt 0.683594 0.019531
vt 0.708984 0.019531
vt 0.683594 0.021484
vt 0.708984 0.021484
vt 0.628906 0.185547
vt 0.654297 0.185547
vt 0.628906 0.183594
vt 0.654297 0.183594
vt 0.734375 0.148438
vt 0.759766 0.148438
vt 0.734375 0.149414
vt 0.759766 0.149414
vt 0.652344 0.234375
vt 0.677734 0.234375
vt 0.652344 0.235352
vt 0.677734 0.235352
vt 0.753906 0.285156
vt 0.755859 0.285156
vt 0.753906 0.289062
vt 0.755859 0.289062
vt 0.750000 0.285156
vt 0.751953 0.285156
vt 0.750000 0.289062
vt 0.751953 0.289062
vt 0.660156 0.070312
vt 0.691406 0.070312
vt 0.660156 0.072266
vt 0.691406 0.072266
vt 0.664062 0.033203
vt 0.695312 0.033203
vt 0.664062 0.031250
vt 0.695312 0.031250
vt 0.613281 0.089844
vt 0.644531 0.089844
vt 0.613281 0.093750
vt 0.644531 0.093750
vt 0.500000 0.121094
vt 0.531250 0.121094
vt 0.500000 0.125000
vt 0.531250 0.125000
vt 0.785156 0.261719
vt 0.787109 0.261719
vt 0.785156 0.265625
vt 0.787109 0.265625
vt 0.785156 0.257812
vt 0.787109 0.257812
vt 0.785156 0.261719
vt 0.787109 0.261719
vt 0.683594 0.257812
vt 0.694336 0.257812
vt 0.683594 0.259766
vt 0.694336 0.259766
vt 0.757812 0.244141
vt 0.768555 0.244141
vt 0.757812 0.242188
vt 0.768555 0.242188
vt 0.546875 0.113281
vt 0.557617 0.113281
vt 0.546875 0.117188
vt 0.557617 0.117188
vt 0.703125 0.023438
vt 0.713867 0.023438
vt 0.703125 0.027344
vt 0.713867 0.027344
vt 0.785156 0.269531
vt 0.787109 0.269531
vt 0.785156 0.273438
vt 0.787109 0.273438
vt 0.785156 0.265625
vt 0.787109 0.265625
vt 0.785156 0.269531
vt 0.787109 0.269531
vt 0.785156 0.273438
vt 0.789062 0.273438
vt 0.785156 0.275391
vt 0.789062 0.275391
vt 0.785156 0.279297
vt 0.789062 0.279297
vt 0.785156 0.277344
vt 0.789062 0.277344
vt 0.609375 0.101562
vt 0.613281 0.101562
vt 0.609375 0.105469
vt 0.613281 0.105469
vt 0.597656 0.164062
vt 0.601562 0.164062
vt 0.597656 0.167969
vt 0.601562 0.167969
vt 0.785156 0.285156
vt 0.787109 0.285156
vt 0.785156 0.289062
vt 0.787109 0.289062
vt 0.785156 0.281250
vt 0.787109 0.281250
vt 0.785156 0.285156
vt 0.787109 0.285156
vt 0.789062 0.000000
vt 0.792969 0.000000
vt 0.789062 0.001953
vt 0.792969 0.001953
vt 0.789062 0.005859
vt 0.792969 0.005859
vt 0.789062 0.003906
vt 0.792969 0.003906
vt 0.511719 0.195312
vt 0.515625 0.195312
vt 0.511719 0.199219
vt 0.515625 0.199219
vt 0.664062 0.195312
vt 0.667969 0.195312
vt 0.664062 0.199219
vt 0.667969 0.199219
vt 0.640625 0.316406
vt 0.642578 0.316406
vt 0.640625 0.317383
vt 0.642578 0.317383
vt 0.816406 0.136719
vt 0.818359 0.136719
vt 0.816406 0.137695
vt 0.818359 0.137695
vt 0.632812 0.234375
vt 0.645508 0.234375
vt 0.632812 0.236328
vt 0.645508 0.236328
vt 0.734375 0.181641
vt 0.747070 0.181641
vt 0.734375 0.179688
vt 0.747070 0.179688
vt 0.777344 0.171875
vt 0.790039 0.171875
vt 0.777344 0.172852
vt 0.790039 0.172852
vt 0.695312 0.277344
vt 0.708008 0.277344
vt 0.695312 0.278320
vt 0.708008 0.278320
vt 0.808594 0.253906
vt 0.809570 0.253906
vt 0.808594 0.257812
vt 0.809570 0.257812
vt 0.753906 0.308594
vt 0.754883 0.308594
vt 0.753906 0.312500
vt 0.754883 0.312500
vt 0.785156 0.082031
vt 0.793945 0.082031
vt 0.785156 0.083008
vt 0.793945 0.083008
vt 0.785156 0.086914
vt 0.793945 0.086914
vt 0.785156 0.085938
vt 0.793945 0.085938
vt 0.500000 0.222656
vt 0.508789 0.222656
vt 0.500000 0.226562
vt 0.508789 0.226562
vt 0.710938 0.000000
vt 0.719727 0.000000
vt 0.710938 0.003906
vt 0.719727 0.003906
vt 0.601562 0.312500
vt 0.602539 0.312500
vt 0.601562 0.316406
vt 0.602539 0.316406
vt 0.597656 0.312500
vt 0.598633 0.312500
vt 0.597656 0.316406
vt 0.598633 0.316406
vt 0.785156 0.222656
vt 0.793945 0.222656
vt 0.785156 0.223633
vt 0.793945 0.223633
vt 0.785156 0.227539
vt 0.793945 0.227539
vt 0.785156 0.226562
vt 0.793945 0.226562
vt 0.703125 0.218750
vt 0.711914 0.218750
vt 0.703125 0.222656
vt 0.711914 0.222656
vt 0.500000 0.222656
vt 0.508789 0.222656
vt 0.500000 0.226562
vt 0.508789 0.226562
vt 0.789062 0.011719
vt 0.791016 0.011719
vt 0.789062 0.015625
vt 0.791016 0.015625
vt 0.789062 0.007812
vt 0.791016 0.007812
vt 0.789062 0.011719
vt 0.791016 0.011719
vt 0.757812 0.246094
vt 0.768555 0.246094
vt 0.757812 0.248047
vt 0.768555 0.248047
vt 0.757812 0.251953
vt 0.768555 0.251953
vt 0.757812 0.250000
vt 0.768555 0.250000
vt 0.703125 0.027344
vt 0.713867 0.027344
vt 0.703125 0.031250
vt 0.713867 0.031250
vt 0.531250 0.203125
vt 0.541992 0.203125
vt 0.531250 0.207031
vt 0.541992 0.207031
vt 0.726562 0.226562
vt 0.740234 0.226562
vt 0.726562 0.228516
vt 0.740234 0.228516
vt 0.726562 0.222656
vt 0.740234 0.222656
vt 0.726562 0.224609
vt 0.740234 0.224609
vt 0.515625 0.164062
vt 0.520508 0.164062
vt 0.515625 0.177734
vt 0.520508 0.177734
vt 0.523438 0.177734
vt 0.528320 0.177734
vt 0.523438 0.164062
vt 0.528320 0.164062
vt 0.781250 0.203125
vt 0.786133 0.203125
vt 0.781250 0.205078
vt 0.786133 0.205078
vt 0.781250 0.207031
vt 0.786133 0.207031
vt 0.781250 0.208984
vt 0.786133 0.208984
vt 0.750000 0.132812
vt 0.761719 0.132812
vt 0.750000 0.134766
vt 0.761719 0.134766
vt 0.742188 0.226562
vt 0.753906 0.226562
vt 0.742188 0.228516
vt 0.753906 0.228516
vt 0.621094 0.167969
vt 0.625977 0.167969
vt 0.621094 0.179688
vt 0.625977 0.179688
vt 0.582031 0.183594
vt 0.586914 0.183594
vt 0.582031 0.171875
vt 0.586914 0.171875
vt 0.781250 0.210938
vt 0.786133 0.210938
vt 0.781250 0.212891
vt 0.786133 0.212891
vt 0.714844 0.281250
vt 0.719727 0.281250
vt 0.714844 0.283203
vt 0.719727 0.283203
vt 0.519531 0.261719
vt 0.522461 0.261719
vt 0.519531 0.268555
vt 0.522461 0.268555
vt 0.761719 0.015625
vt 0.764648 0.015625
vt 0.761719 0.022461
vt 0.764648 0.022461
vt 0.523438 0.261719
vt 0.530273 0.261719
vt 0.523438 0.264648
vt 0.530273 0.264648
vt 0.761719 0.030273
vt 0.768555 0.030273
vt 0.761719 0.027344
vt 0.768555 0.027344
vt 0.578125 0.183594
vt 0.584961 0.183594
vt 0.578125 0.190430
vt 0.584961 0.190430
vt 0.597656 0.183594
vt 0.604492 0.183594
vt 0.597656 0.190430
vt 0.604492 0.190430
vt 0.644531 0.316406
vt 0.645508 0.316406
vt 0.644531 0.318359
vt 0.645508 0.318359
vt 0.816406 0.140625
vt 0.817383 0.140625
vt 0.816406 0.142578
vt 0.817383 0.142578
vt 0.800781 0.246094
vt 0.805664 0.246094
vt 0.800781 0.247070
vt 0.805664 0.247070
vt 0.800781 0.250977
vt 0.805664 0.250977
vt 0.800781 0.250000
vt 0.805664 0.250000
vt 0.781250 0.214844
vt 0.786133 0.214844
vt 0.781250 0.216797
vt 0.786133 0.216797
vt 0.781250 0.218750
vt 0.786133 0.218750
vt 0.781250 0.220703
vt 0.786133 0.220703
vt 0.648438 0.316406
vt 0.649414 0.316406
vt 0.648438 0.318359
vt 0.649414 0.318359
vt 0.816406 0.144531
vt 0.817383 0.144531
vt 0.816406 0.146484
vt 0.817383 0.146484
vt 0.757812 0.308594
vt 0.761719 0.308594
vt 0.757812 0.309570
vt 0.761719 0.309570
vt 0.808594 0.258789
vt 0.812500 0.258789
vt 0.808594 0.257812
vt 0.812500 0.257812
vt 0.519531 0.289062
vt 0.523438 0.289062
vt 0.519531 0.291016
vt 0.523438 0.291016
vt 0.523438 0.289062
vt 0.527344 0.289062
vt 0.523438 0.291016
vt 0.527344 0.291016
vt 0.652344 0.316406
vt 0.653320 0.316406
vt 0.652344 0.318359
vt 0.653320 0.318359
vt 0.816406 0.148438
vt 0.817383 0.148438
vt 0.816406 0.150391
vt 0.817383 0.150391
vt 0.628906 0.289062
vt 0.635742 0.289062
vt 0.628906 0.290039
vt 0.635742 0.290039
vt 0.789062 0.133789
vt 0.795898 0.133789
vt 0.789062 0.132812
vt 0.795898 0.132812
vt 0.757812 0.269531
vt 0.764648 0.269531
vt 0.757812 0.271484
vt 0.764648 0.271484
vt 0.765625 0.269531
vt 0.772461 0.269531
vt 0.765625 0.271484
vt 0.772461 0.271484
vt 0.535156 0.261719
vt 0.538086 0.261719
vt 0.535156 0.268555
vt 0.538086 0.268555
vt 0.531250 0.261719
vt 0.534180 0.261719
vt 0.531250 0.268555
vt 0.534180 0.268555
vt 0.542969 0.261719
vt 0.549805 0.261719
vt 0.542969 0.264648
vt 0.549805 0.264648
vt 0.554688 0.264648
vt 0.561523 0.264648
vt 0.554688 0.261719
vt 0.561523 0.261719
vt 0.605469 0.183594
vt 0.612305 0.183594
vt 0.605469 0.190430
vt 0.612305 0.190430
vt 0.613281 0.183594
vt 0.620117 0.183594
vt 0.613281 0.190430
vt 0.620117 0.190430
vt 0.601562 0.152344
vt 0.617188 0.152344
vt 0.601562 0.157227
vt 0.617188 0.157227
vt 0.648438 0.136719
vt 0.664062 0.136719
vt 0.648438 0.141602
vt 0.664062 0.141602
vt 0.535156 0.222656
vt 0.537109 0.222656
vt 0.535156 0.238281
vt 0.537109 0.238281
vt 0.558594 0.238281
vt 0.560547 0.238281
vt 0.558594 0.222656
vt 0.560547 0.222656
vt 0.660156 0.281250
vt 0.662109 0.281250
vt 0.660156 0.286133
vt 0.662109 0.286133
vt 0.707031 0.281250
vt 0.708984 0.281250
vt 0.707031 0.286133
vt 0.708984 0.286133
vt 0.734375 0.187500
vt 0.747070 0.187500
vt 0.734375 0.189453
vt 0.747070 0.189453
vt 0.734375 0.183594
vt 0.747070 0.183594
vt 0.734375 0.185547
vt 0.747070 0.185547
vt 0.726562 0.234375
vt 0.728516 0.234375
vt 0.726562 0.247070
vt 0.728516 0.247070
vt 0.730469 0.247070
vt 0.732422 0.247070
vt 0.730469 0.234375
vt 0.732422 0.234375
vt 0.761719 0.308594
vt 0.763672 0.308594
vt 0.761719 0.310547
vt 0.763672 0.310547
vt 0.808594 0.261719
vt 0.810547 0.261719
vt 0.808594 0.263672
vt 0.810547 0.263672
vt 0.773438 0.023438
vt 0.775391 0.023438
vt 0.773438 0.030273
vt 0.775391 0.030273
vt 0.773438 0.007812
vt 0.775391 0.007812
vt 0.773438 0.014648
vt 0.775391 0.014648
vt 0.765625 0.308594
vt 0.767578 0.308594
vt 0.765625 0.310547
vt 0.767578 0.310547
vt 0.808594 0.267578
vt 0.810547 0.267578
vt 0.808594 0.265625
vt 0.810547 0.265625
vt 0.773438 0.000000
vt 0.775391 0.000000
vt 0.773438 0.006836
vt 0.775391 0.006836
vt 0.773438 0.015625
vt 0.775391 0.015625
vt 0.773438 0.022461
vt 0.775391 0.022461
vt 0.773438 0.046875
vt 0.775391 0.046875
vt 0.773438 0.053711
vt 0.775391 0.053711
vt 0.773438 0.039062
vt 0.775391 0.039062
vt 0.773438 0.045898
vt 0.775391 0.045898
vt 0.769531 0.308594
vt 0.771484 0.308594
vt 0.769531 0.310547
vt 0.771484 0.310547
vt 0.808594 0.271484
vt 0.810547 0.271484
vt 0.808594 0.269531
vt 0.810547 0.269531
vt 0.773438 0.031250
vt 0.775391 0.031250
vt 0.773438 0.038086
vt 0.775391 0.038086
vt 0.546875 0.273438
vt 0.548828 0.273438
vt 0.546875 0.280273
vt 0.548828 0.280273
vt 0.539062 0.128906
vt 0.551758 0.128906
vt 0.539062 0.137695
vt 0.551758 0.137695
vt 0.625000 0.117188
vt 0.637695 0.117188
vt 0.625000 0.125977
vt 0.637695 0.125977
vt 0.734375 0.234375
vt 0.736328 0.234375
vt 0.734375 0.247070
vt 0.736328 0.247070
vt 0.523438 0.250977
vt 0.525391 0.250977
vt 0.523438 0.238281
vt 0.525391 0.238281
vt 0.765625 0.031250
vt 0.767578 0.031250
vt 0.765625 0.040039
vt 0.767578 0.040039
vt 0.539062 0.265625
vt 0.541016 0.265625
vt 0.539062 0.274414
vt 0.541016 0.274414
vt 0.511719 0.210938
vt 0.515625 0.210938
vt 0.511719 0.214844
vt 0.515625 0.214844
vt 0.593750 0.207031
vt 0.597656 0.207031
vt 0.593750 0.210938
vt 0.597656 0.210938
vt 0.671875 0.312500
vt 0.672852 0.312500
vt 0.671875 0.316406
vt 0.672852 0.316406
vt 0.812500 0.175781
vt 0.813477 0.175781
vt 0.812500 0.171875
vt 0.813477 0.171875
vt 0.667969 0.312500
vt 0.668945 0.312500
vt 0.667969 0.316406
vt 0.668945 0.316406
vt 0.812500 0.167969
vt 0.813477 0.167969
vt 0.812500 0.171875
vt 0.813477 0.171875
vt 0.578125 0.117188
vt 0.591797 0.117188
vt 0.578125 0.128906
vt 0.591797 0.128906
vt 0.562500 0.117188
vt 0.576172 0.117188
vt 0.562500 0.128906
vt 0.576172 0.128906
vt 0.730469 0.007812
vt 0.732422 0.007812
vt 0.730469 0.021484
vt 0.732422 0.021484
vt 0.511719 0.244141
vt 0.513672 0.244141
vt 0.511719 0.230469
vt 0.513672 0.230469
vt 0.613281 0.242188
vt 0.615234 0.242188
vt 0.613281 0.253906
vt 0.615234 0.253906
vt 0.562500 0.253906
vt 0.564453 0.253906
vt 0.562500 0.265625
vt 0.564453 0.265625
vt 0.718750 0.265625
vt 0.720703 0.265625
vt 0.718750 0.273438
vt 0.720703 0.273438
vt 0.714844 0.265625
vt 0.716797 0.265625
vt 0.714844 0.273438
vt 0.716797 0.273438
vt 0.789062 0.207031
vt 0.791992 0.207031
vt 0.789062 0.208984
vt 0.791992 0.208984
vt 0.710938 0.291016
vt 0.713867 0.291016
vt 0.710938 0.289062
vt 0.713867 0.289062
vt 0.644531 0.238281
vt 0.647461 0.238281
vt 0.644531 0.246094
vt 0.647461 0.246094
vt 0.574219 0.253906
vt 0.577148 0.253906
vt 0.574219 0.261719
vt 0.577148 0.261719
vt 0.769531 0.000000
vt 0.771484 0.000000
vt 0.769531 0.007812
vt 0.771484 0.007812
vt 0.500000 0.269531
vt 0.501953 0.269531
vt 0.500000 0.277344
vt 0.501953 0.277344
vt 0.789062 0.210938
vt 0.791992 0.210938
vt 0.789062 0.212891
vt 0.791992 0.212891
vt 0.714844 0.291016
vt 0.717773 0.291016
vt 0.714844 0.289062
vt 0.717773 0.289062
vt 0.671875 0.253906
vt 0.674805 0.253906
vt 0.671875 0.261719
vt 0.674805 0.261719
vt 0.753906 0.210938
vt 0.756836 0.210938
vt 0.753906 0.218750
vt 0.756836 0.218750
vt 0.710938 0.011719
vt 0.722656 0.011719
vt 0.710938 0.014648
vt 0.722656 0.014648
vt 0.710938 0.007812
vt 0.722656 0.007812
vt 0.710938 0.010742
vt 0.722656 0.010742
vt 0.714844 0.253906
vt 0.716797 0.253906
vt 0.714844 0.265625
vt 0.716797 0.265625
vt 0.718750 0.265625
vt 0.720703 0.265625
vt 0.718750 0.253906
vt 0.720703 0.253906
vt 0.789062 0.214844
vt 0.791016 0.214844
vt 0.789062 0.217773
vt 0.791016 0.217773
vt 0.718750 0.289062
vt 0.720703 0.289062
vt 0.718750 0.291992
vt 0.720703 0.291992
vt 0.589844 0.269531
vt 0.594727 0.269531
vt 0.589844 0.272461
vt 0.594727 0.272461
vt 0.769531 0.074219
vt 0.774414 0.074219
vt 0.769531 0.077148
vt 0.774414 0.077148
vt 0.636719 0.238281
vt 0.641602 0.238281
vt 0.636719 0.243164
vt 0.641602 0.243164
vt 0.652344 0.243164
vt 0.657227 0.243164
vt 0.652344 0.238281
vt 0.657227 0.238281
vt 0.574219 0.269531
vt 0.579102 0.269531
vt 0.574219 0.272461
vt 0.579102 0.272461
vt 0.582031 0.269531
vt 0.586914 0.269531
vt 0.582031 0.272461
vt 0.586914 0.272461
vt 0.597656 0.199219
vt 0.602539 0.199219
vt 0.597656 0.208008
vt 0.602539 0.208008
vt 0.507812 0.199219
vt 0.512695 0.199219
vt 0.507812 0.208008
vt 0.512695 0.208008
vt 0.660156 0.238281
vt 0.665039 0.238281
vt 0.660156 0.243164
vt 0.665039 0.243164
vt 0.667969 0.243164
vt 0.672852 0.243164
vt 0.667969 0.238281
vt 0.672852 0.238281
vt 0.500000 0.199219
vt 0.504883 0.199219
vt 0.500000 0.208008
vt 0.504883 0.208008
vt 0.578125 0.199219
vt 0.583008 0.199219
vt 0.578125 0.208008
vt 0.583008 0.208008
vt 0.683594 0.261719
vt 0.688477 0.261719
vt 0.683594 0.265625
vt 0.688477 0.265625
vt 0.761719 0.152344
vt 0.766602 0.152344
vt 0.761719 0.156250
vt 0.766602 0.156250
vt 0.722656 0.281250
vt 0.724609 0.281250
vt 0.722656 0.286133
vt 0.724609 0.286133
vt 0.781250 0.227539
vt 0.783203 0.227539
vt 0.781250 0.222656
vt 0.783203 0.222656
vt 0.789062 0.027344
vt 0.791016 0.027344
vt 0.789062 0.031250
vt 0.791016 0.031250
vt 0.789062 0.031250
vt 0.791016 0.031250
vt 0.789062 0.035156
vt 0.791016 0.035156
vt 0.761719 0.187500
vt 0.766602 0.187500
vt 0.761719 0.191406
vt 0.766602 0.191406
vt 0.761719 0.183594
vt 0.766602 0.183594
vt 0.761719 0.187500
vt 0.766602 0.187500
vt 0.726562 0.281250
vt 0.728516 0.281250
vt 0.726562 0.286133
vt 0.728516 0.286133
vt 0.730469 0.286133
vt 0.732422 0.286133
vt 0.730469 0.281250
vt 0.732422 0.281250
vt 0.789062 0.035156
vt 0.791016 0.035156
vt 0.789062 0.039062
vt 0.791016 0.039062
vt 0.539062 0.289062
vt 0.541016 0.289062
vt 0.539062 0.292969
vt 0.541016 0.292969
vt 0.570312 0.167969
vt 0.575195 0.167969
vt 0.570312 0.180664
vt 0.575195 0.180664
vt 0.500000 0.167969
vt 0.504883 0.167969
vt 0.500000 0.180664
vt 0.504883 0.180664
vt 0.691406 0.261719
vt 0.695312 0.261719
vt 0.691406 0.266602
vt 0.695312 0.266602
vt 0.761719 0.200195
vt 0.765625 0.200195
vt 0.761719 0.195312
vt 0.765625 0.195312
vt 0.664062 0.179688
vt 0.667969 0.179688
vt 0.664062 0.192383
vt 0.667969 0.192383
vt 0.500000 0.183594
vt 0.503906 0.183594
vt 0.500000 0.196289
vt 0.503906 0.196289
vt 0.769531 0.152344
vt 0.784180 0.152344
vt 0.769531 0.153320
vt 0.784180 0.153320
vt 0.648438 0.269531
vt 0.663086 0.269531
vt 0.648438 0.270508
vt 0.663086 0.270508
vt 0.546875 0.046875
vt 0.580078 0.046875
vt 0.546875 0.061523
vt 0.580078 0.061523
vt 0.500000 0.077148
vt 0.533203 0.077148
vt 0.500000 0.062500
vt 0.533203 0.062500
vt 0.722656 0.000000
vt 0.755859 0.000000
vt 0.722656 0.000977
vt 0.755859 0.000977
vt 0.722656 0.031250
vt 0.755859 0.031250
vt 0.722656 0.032227
vt 0.755859 0.032227
vt 0.665039 0.161133
vt 0.669922 0.161133
vt 0.665039 0.160352
vt 0.669922 0.160352
vt 0.665039 0.161133
vt 0.669922 0.161133
vt 0.665039 0.160352
vt 0.669922 0.160352
vt 0.664062 0.150391
vt 0.674805 0.150391
vt 0.664062 0.144531
vt 0.674805 0.144531
vt 0.664062 0.150391
vt 0.674805 0.150391
vt 0.664062 0.144531
vt 0.674805 0.144531
vt 0.664062 0.150391
vt 0.674805 0.150391
vt 0.664062 0.149512
vt 0.674805 0.149512
vt 0.664062 0.150391
vt 0.674805 0.150391
vt 0.664062 0.149512
vt 0.674805 0.149512
vt 0.665039 0.161133
vt 0.669922 0.161133
vt 0.665039 0.160352
vt 0.669922 0.160352
vt 0.665039 0.161133
vt 0.669922 0.161133
vt 0.665039 0.160352
vt 0.669922 0.160352
vt 0.664062 0.166016
vt 0.674805 0.166016
vt 0.664062 0.160156
vt 0.674805 0.160156
vt 0.664062 0.166016
vt 0.674805 0.166016
vt 0.664062 0.160156
vt 0.674805 0.160156
vt 0.674805 0.150391
vt 0.664062 0.150391
vt 0.674805 0.149512
vt 0.664062 0.149512
vt 0.674805 0.150391
vt 0.664062 0.150391
vt 0.674805 0.149512
vt 0.664062 0.149512
vt 0.667969 0.101562
vt 0.672852 0.101562
vt 0.667969 0.114258
vt 0.672852 0.114258
vt 0.597656 0.167969
vt 0.602539 0.167969
vt 0.597656 0.180664
vt 0.602539 0.180664
vt 0.699219 0.261719
vt 0.703125 0.261719
vt 0.699219 0.266602
vt 0.703125 0.266602
vt 0.703125 0.266602
vt 0.707031 0.266602
vt 0.703125 0.261719
vt 0.707031 0.261719
vt 0.503906 0.183594
vt 0.507812 0.183594
vt 0.503906 0.196289
vt 0.507812 0.196289
vt 0.507812 0.183594
vt 0.511719 0.183594
vt 0.507812 0.196289
vt 0.511719 0.196289
vt 0.628906 0.187500
vt 0.653320 0.187500
vt 0.628906 0.189453
vt 0.653320 0.189453
vt 0.667969 0.183594
vt 0.692383 0.183594
vt 0.667969 0.185547
vt 0.692383 0.185547
vt 0.500000 0.125000
vt 0.504883 0.125000
vt 0.500000 0.149414
vt 0.504883 0.149414
vt 0.507812 0.149414
vt 0.512695 0.149414
vt 0.507812 0.125000
vt 0.512695 0.125000
vt 0.781250 0.230469
vt 0.786133 0.230469
vt 0.781250 0.232422
vt 0.786133 0.232422
vt 0.734375 0.281250
vt 0.739258 0.281250
vt 0.734375 0.283203
vt 0.739258 0.283203
vt 0.769531 0.097656
vt 0.774414 0.097656
vt 0.769531 0.100586
vt 0.774414 0.100586
vt 0.769531 0.093750
vt 0.774414 0.093750
vt 0.769531 0.096680
vt 0.774414 0.096680
vt 0.738281 0.167969
vt 0.743164 0.167969
vt 0.738281 0.172852
vt 0.743164 0.172852
vt 0.703125 0.243164
vt 0.708008 0.243164
vt 0.703125 0.238281
vt 0.708008 0.238281
vt 0.769531 0.089844
vt 0.774414 0.089844
vt 0.769531 0.092773
vt 0.774414 0.092773
vt 0.597656 0.269531
vt 0.602539 0.269531
vt 0.597656 0.272461
vt 0.602539 0.272461
vt 0.691406 0.003906
vt 0.715820 0.003906
vt 0.691406 0.005859
vt 0.715820 0.005859
vt 0.667969 0.187500
vt 0.692383 0.187500
vt 0.667969 0.189453
vt 0.692383 0.189453
vt 0.515625 0.125000
vt 0.520508 0.125000
vt 0.515625 0.149414
vt 0.520508 0.149414
vt 0.523438 0.149414
vt 0.528320 0.149414
vt 0.523438 0.125000
vt 0.528320 0.125000
vt 0.781250 0.234375
vt 0.786133 0.234375
vt 0.781250 0.236328
vt 0.786133 0.236328
vt 0.781250 0.238281
vt 0.786133 0.238281
vt 0.781250 0.240234
vt 0.786133 0.240234
vt 0.628906 0.199219
vt 0.633789 0.199219
vt 0.628906 0.208008
vt 0.633789 0.208008
vt 0.613281 0.199219
vt 0.618164 0.199219
vt 0.613281 0.208008
vt 0.618164 0.208008
vt 0.710938 0.238281
vt 0.715820 0.238281
vt 0.710938 0.243164
vt 0.715820 0.243164
vt 0.718750 0.243164
vt 0.723633 0.243164
vt 0.718750 0.238281
vt 0.723633 0.238281
vt 0.605469 0.199219
vt 0.610352 0.199219
vt 0.605469 0.208008
vt 0.610352 0.208008
vt 0.699219 0.125000
vt 0.704102 0.125000
vt 0.699219 0.133789
vt 0.704102 0.133789
vt 0.808594 0.273438
vt 0.810547 0.273438
vt 0.808594 0.275391
vt 0.810547 0.275391
vt 0.773438 0.308594
vt 0.775391 0.308594
vt 0.773438 0.310547
vt 0.775391 0.310547
vt 0.566406 0.273438
vt 0.573242 0.273438
vt 0.566406 0.275391
vt 0.573242 0.275391
vt 0.773438 0.072266
vt 0.780273 0.072266
vt 0.773438 0.070312
vt 0.780273 0.070312
vt 0.773438 0.054688
vt 0.780273 0.054688
vt 0.773438 0.056641
vt 0.780273 0.056641
vt 0.773438 0.062500
vt 0.780273 0.062500
vt 0.773438 0.064453
vt 0.780273 0.064453
vt 0.761719 0.089844
vt 0.764648 0.089844
vt 0.761719 0.096680
vt 0.764648 0.096680
vt 0.574219 0.261719
vt 0.577148 0.261719
vt 0.574219 0.268555
vt 0.577148 0.268555
vt 0.542969 0.265625
vt 0.548828 0.265625
vt 0.542969 0.268555
vt 0.548828 0.268555
vt 0.765625 0.045898
vt 0.771484 0.045898
vt 0.765625 0.042969
vt 0.771484 0.042969
vt 0.703125 0.082031
vt 0.708984 0.082031
vt 0.703125 0.088867
vt 0.708984 0.088867
vt 0.703125 0.101562
vt 0.708984 0.101562
vt 0.703125 0.108398
vt 0.708984 0.108398
vt 0.656250 0.316406
vt 0.657227 0.316406
vt 0.656250 0.318359
vt 0.657227 0.318359
vt 0.816406 0.152344
vt 0.817383 0.152344
vt 0.816406 0.154297
vt 0.817383 0.154297
vt 0.789062 0.218750
vt 0.794922 0.218750
vt 0.789062 0.219727
vt 0.794922 0.219727
vt 0.722656 0.290039
vt 0.728516 0.290039
vt 0.722656 0.289062
vt 0.728516 0.289062
vt 0.519531 0.281250
vt 0.525391 0.281250
vt 0.519531 0.283203
vt 0.525391 0.283203
vt 0.781250 0.027344
vt 0.787109 0.027344
vt 0.781250 0.029297
vt 0.787109 0.029297
vt 0.597656 0.261719
vt 0.600586 0.261719
vt 0.597656 0.268555
vt 0.600586 0.268555
vt 0.593750 0.261719
vt 0.596680 0.261719
vt 0.593750 0.268555
vt 0.596680 0.268555
vt 0.765625 0.046875
vt 0.771484 0.046875
vt 0.765625 0.049805
vt 0.771484 0.049805
vt 0.765625 0.053711
vt 0.771484 0.053711
vt 0.765625 0.050781
vt 0.771484 0.050781
vt 0.703125 0.109375
vt 0.708984 0.109375
vt 0.703125 0.116211
vt 0.708984 0.116211
vt 0.703125 0.136719
vt 0.708984 0.136719
vt 0.703125 0.143555
vt 0.708984 0.143555
vt 0.652344 0.109375
vt 0.667969 0.109375
vt 0.652344 0.114258
vt 0.667969 0.114258
vt 0.652344 0.101562
vt 0.667969 0.101562
vt 0.652344 0.106445
vt 0.667969 0.106445
vt 0.562500 0.222656
vt 0.564453 0.222656
vt 0.562500 0.238281
vt 0.564453 0.238281
vt 0.585938 0.238281
vt 0.587891 0.238281
vt 0.585938 0.222656
vt 0.587891 0.222656
vt 0.742188 0.281250
vt 0.744141 0.281250
vt 0.742188 0.286133
vt 0.744141 0.286133
vt 0.746094 0.281250
vt 0.748047 0.281250
vt 0.746094 0.286133
vt 0.748047 0.286133
vt 0.769531 0.105469
vt 0.784180 0.105469
vt 0.769531 0.106445
vt 0.784180 0.106445
vt 0.769531 0.101562
vt 0.784180 0.101562
vt 0.769531 0.102539
vt 0.784180 0.102539
vt 0.628906 0.167969
vt 0.632812 0.167969
vt 0.628906 0.182617
vt 0.632812 0.182617
vt 0.558594 0.186523
vt 0.562500 0.186523
vt 0.558594 0.171875
vt 0.562500 0.171875
vt 0.777344 0.308594
vt 0.781250 0.308594
vt 0.777344 0.309570
vt 0.781250 0.309570
vt 0.808594 0.277344
vt 0.812500 0.277344
vt 0.808594 0.278320
vt 0.812500 0.278320
vt 0.769531 0.113281
vt 0.784180 0.113281
vt 0.769531 0.114258
vt 0.784180 0.114258
vt 0.769531 0.109375
vt 0.784180 0.109375
vt 0.769531 0.110352
vt 0.784180 0.110352
vt 0.617188 0.152344
vt 0.622070 0.152344
vt 0.617188 0.166992
vt 0.622070 0.166992
vt 0.625000 0.166992
vt 0.629883 0.166992
vt 0.625000 0.152344
vt 0.629883 0.152344
vt 0.753906 0.300781
vt 0.758789 0.300781
vt 0.753906 0.301758
vt 0.758789 0.301758
vt 0.800781 0.253906
vt 0.805664 0.253906
vt 0.800781 0.254883
vt 0.805664 0.254883
vt 0.687500 0.316406
vt 0.688477 0.316406
vt 0.687500 0.318359
vt 0.688477 0.318359
vt 0.816406 0.183594
vt 0.817383 0.183594
vt 0.816406 0.185547
vt 0.817383 0.185547
vt 0.652344 0.289062
vt 0.659180 0.289062
vt 0.652344 0.290039
vt 0.659180 0.290039
vt 0.789062 0.153320
vt 0.795898 0.153320
vt 0.789062 0.152344
vt 0.795898 0.152344
vt 0.773438 0.207031
vt 0.780273 0.207031
vt 0.773438 0.208984
vt 0.780273 0.208984
vt 0.753906 0.273438
vt 0.760742 0.273438
vt 0.753906 0.275391
vt 0.760742 0.275391
vt 0.695312 0.000000
vt 0.710938 0.000000
vt 0.695312 0.002930
vt 0.710938 0.002930
vt 0.597656 0.074219
vt 0.613281 0.074219
vt 0.597656 0.077148
vt 0.613281 0.077148
vt 0.589844 0.222656
vt 0.591797 0.222656
vt 0.589844 0.238281
vt 0.591797 0.238281
vt 0.617188 0.238281
vt 0.619141 0.238281
vt 0.617188 0.222656
vt 0.619141 0.222656
vt 0.722656 0.292969
vt 0.724609 0.292969
vt 0.722656 0.295898
vt 0.724609 0.295898
vt 0.726562 0.292969
vt 0.728516 0.292969
vt 0.726562 0.295898
vt 0.728516 0.295898
vt 0.578125 0.238281
vt 0.590820 0.238281
vt 0.578125 0.240234
vt 0.590820 0.240234
vt 0.738281 0.023438
vt 0.750977 0.023438
vt 0.738281 0.025391
vt 0.750977 0.025391
vt 0.593750 0.238281
vt 0.595703 0.238281
vt 0.593750 0.250977
vt 0.595703 0.250977
vt 0.597656 0.250977
vt 0.599609 0.250977
vt 0.597656 0.238281
vt 0.599609 0.238281
vt 0.812500 0.039062
vt 0.814453 0.039062
vt 0.812500 0.041016
vt 0.814453 0.041016
vt 0.542969 0.312500
vt 0.544922 0.312500
vt 0.542969 0.314453
vt 0.544922 0.314453
vt 0.750000 0.273438
vt 0.751953 0.273438
vt 0.750000 0.280273
vt 0.751953 0.280273
vt 0.742188 0.273438
vt 0.744141 0.273438
vt 0.742188 0.280273
vt 0.744141 0.280273
vt 0.812500 0.035156
vt 0.814453 0.035156
vt 0.812500 0.037109
vt 0.814453 0.037109
vt 0.539062 0.314453
vt 0.541016 0.314453
vt 0.539062 0.312500
vt 0.541016 0.312500
vt 0.738281 0.273438
vt 0.740234 0.273438
vt 0.738281 0.280273
vt 0.740234 0.280273
vt 0.746094 0.273438
vt 0.748047 0.273438
vt 0.746094 0.280273
vt 0.748047 0.280273
vt 0.734375 0.273438
vt 0.736328 0.273438
vt 0.734375 0.280273
vt 0.736328 0.280273
vt 0.726562 0.273438
vt 0.728516 0.273438
vt 0.726562 0.280273
vt 0.728516 0.280273
vt 0.812500 0.031250
vt 0.814453 0.031250
vt 0.812500 0.033203
vt 0.814453 0.033203
vt 0.535156 0.314453
vt 0.537109 0.314453
vt 0.535156 0.312500
vt 0.537109 0.312500
vt 0.722656 0.273438
vt 0.724609 0.273438
vt 0.722656 0.280273
vt 0.724609 0.280273
vt 0.730469 0.273438
vt 0.732422 0.273438
vt 0.730469 0.280273
vt 0.732422 0.280273
vt 0.820312 0.085938
vt 0.821289 0.085938
vt 0.820312 0.086914
vt 0.821289 0.086914
vt 0.585938 0.320312
vt 0.586914 0.320312
vt 0.585938 0.321289
vt 0.586914 0.321289
vt 0.757812 0.085938
vt 0.780273 0.085938
vt 0.757812 0.086914
vt 0.780273 0.086914
vt 0.757812 0.122070
vt 0.780273 0.122070
vt 0.757812 0.121094
vt 0.780273 0.121094
vt 0.757812 0.058594
vt 0.780273 0.058594
vt 0.757812 0.059570
vt 0.780273 0.059570
vt 0.757812 0.082031
vt 0.780273 0.082031
vt 0.757812 0.083008
vt 0.780273 0.083008
vt 0.820312 0.089844
vt 0.821289 0.089844
vt 0.820312 0.090820
vt 0.821289 0.090820
vt 0.589844 0.320312
vt 0.590820 0.320312
vt 0.589844 0.321289
vt 0.590820 0.321289
vt 0.757812 0.191406
vt 0.780273 0.191406
vt 0.757812 0.192383
vt 0.780273 0.192383
vt 0.757812 0.211914
vt 0.780273 0.211914
vt 0.757812 0.210938
vt 0.780273 0.210938
vt 0.757812 0.156250
vt 0.780273 0.156250
vt 0.757812 0.157227
vt 0.780273 0.157227
vt 0.757812 0.160156
vt 0.780273 0.160156
vt 0.757812 0.161133
vt 0.780273 0.161133
vt 0.785156 0.296875
vt 0.786133 0.296875
vt 0.785156 0.302734
vt 0.786133 0.302734
vt 0.781250 0.296875
vt 0.782227 0.296875
vt 0.781250 0.302734
vt 0.782227 0.302734
vt 0.601562 0.320312
vt 0.602539 0.320312
vt 0.601562 0.321289
vt 0.602539 0.321289
vt 0.820312 0.102539
vt 0.821289 0.102539
vt 0.820312 0.101562
vt 0.821289 0.101562
vt 0.777344 0.296875
vt 0.778320 0.296875
vt 0.777344 0.302734
vt 0.778320 0.302734
vt 0.796875 0.281250
vt 0.797852 0.281250
vt 0.796875 0.287109
vt 0.797852 0.287109
vt 0.500000 0.300781
vt 0.500977 0.300781
vt 0.500000 0.306641
vt 0.500977 0.306641
vt 0.792969 0.296875
vt 0.793945 0.296875
vt 0.792969 0.302734
vt 0.793945 0.302734
vt 0.605469 0.320312
vt 0.606445 0.320312
vt 0.605469 0.321289
vt 0.606445 0.321289
vt 0.820312 0.106445
vt 0.821289 0.106445
vt 0.820312 0.105469
vt 0.821289 0.105469
vt 0.789062 0.296875
vt 0.790039 0.296875
vt 0.789062 0.302734
vt 0.790039 0.302734
vt 0.796875 0.296875
vt 0.797852 0.296875
vt 0.796875 0.302734
vt 0.797852 0.302734
vt 0.515625 0.300781
vt 0.516602 0.300781
vt 0.515625 0.306641
vt 0.516602 0.306641
vt 0.503906 0.300781
vt 0.504883 0.300781
vt 0.503906 0.306641
vt 0.504883 0.306641
vt 0.609375 0.320312
vt 0.610352 0.320312
vt 0.609375 0.321289
vt 0.610352 0.321289
vt 0.820312 0.110352
vt 0.821289 0.110352
vt 0.820312 0.109375
vt 0.821289 0.109375
vt 0.800781 0.000000
vt 0.801758 0.000000
vt 0.800781 0.005859
vt 0.801758 0.005859
vt 0.800781 0.007812
vt 0.801758 0.007812
vt 0.800781 0.013672
vt 0.801758 0.013672
vt 0.527344 0.300781
vt 0.528320 0.300781
vt 0.527344 0.306641
vt 0.528320 0.306641
vt 0.523438 0.300781
vt 0.524414 0.300781
vt 0.523438 0.306641
vt 0.524414 0.306641
vt 0.613281 0.320312
vt 0.614258 0.320312
vt 0.613281 0.321289
vt 0.614258 0.321289
vt 0.820312 0.114258
vt 0.821289 0.114258
vt 0.820312 0.113281
vt 0.821289 0.113281
vt 0.519531 0.300781
vt 0.520508 0.300781
vt 0.519531 0.306641
vt 0.520508 0.306641
vt 0.800781 0.023438
vt 0.801758 0.023438
vt 0.800781 0.029297
vt 0.801758 0.029297
vt 0.542969 0.300781
vt 0.543945 0.300781
vt 0.542969 0.306641
vt 0.543945 0.306641
vt 0.800781 0.035156
vt 0.801758 0.035156
vt 0.800781 0.041016
vt 0.801758 0.041016
vt 0.617188 0.320312
vt 0.618164 0.320312
vt 0.617188 0.321289
vt 0.618164 0.321289
vt 0.820312 0.118164
vt 0.821289 0.118164
vt 0.820312 0.117188
vt 0.821289 0.117188
vt 0.531250 0.300781
vt 0.532227 0.300781
vt 0.531250 0.306641
vt 0.532227 0.306641
vt 0.539062 0.300781
vt 0.540039 0.300781
vt 0.539062 0.306641
vt 0.540039 0.306641
vt 0.820312 0.097656
vt 0.821289 0.097656
vt 0.820312 0.098633
vt 0.821289 0.098633
vt 0.597656 0.320312
vt 0.598633 0.320312
vt 0.597656 0.321289
vt 0.598633 0.321289
vt 0.757812 0.234375
vt 0.780273 0.234375
vt 0.757812 0.235352
vt 0.780273 0.235352
vt 0.757812 0.239258
vt 0.780273 0.239258
vt 0.757812 0.238281
vt 0.780273 0.238281
vt 0.757812 0.226562
vt 0.780273 0.226562
vt 0.757812 0.227539
vt 0.780273 0.227539
vt 0.757812 0.230469
vt 0.780273 0.230469
vt 0.757812 0.231445
vt 0.780273 0.231445
vt 0.820312 0.093750
vt 0.821289 0.093750
vt 0.820312 0.094727
vt 0.821289 0.094727
vt 0.593750 0.320312
vt 0.594727 0.320312
vt 0.593750 0.321289
vt 0.594727 0.321289
vt 0.722656 0.257812
vt 0.745117 0.257812
vt 0.722656 0.258789
vt 0.745117 0.258789
vt 0.757812 0.223633
vt 0.780273 0.223633
vt 0.757812 0.222656
vt 0.780273 0.222656
vt 0.757812 0.214844
vt 0.780273 0.214844
vt 0.757812 0.215820
vt 0.780273 0.215820
vt 0.757812 0.218750
vt 0.780273 0.218750
vt 0.757812 0.219727
vt 0.780273 0.219727
vt 0.667969 0.261719
vt 0.670898 0.261719
vt 0.667969 0.268555
vt 0.670898 0.268555
vt 0.761719 0.164062
vt 0.764648 0.164062
vt 0.761719 0.170898
vt 0.764648 0.170898
vt 0.800781 0.015625
vt 0.802734 0.015625
vt 0.800781 0.018555
vt 0.802734 0.018555
vt 0.800781 0.045898
vt 0.802734 0.045898
vt 0.800781 0.042969
vt 0.802734 0.042969
vt 0.539062 0.277344
vt 0.541016 0.277344
vt 0.539062 0.284180
vt 0.541016 0.284180
vt 0.542969 0.277344
vt 0.544922 0.277344
vt 0.542969 0.284180
vt 0.544922 0.284180
vt 0.761719 0.175781
vt 0.764648 0.175781
vt 0.761719 0.182617
vt 0.764648 0.182617
vt 0.671875 0.261719
vt 0.674805 0.261719
vt 0.671875 0.268555
vt 0.674805 0.268555
vt 0.546875 0.300781
vt 0.548828 0.300781
vt 0.546875 0.303711
vt 0.548828 0.303711
vt 0.800781 0.049805
vt 0.802734 0.049805
vt 0.800781 0.046875
vt 0.802734 0.046875
vt 0.777344 0.042969
vt 0.779297 0.042969
vt 0.777344 0.049805
vt 0.779297 0.049805
vt 0.554688 0.277344
vt 0.556641 0.277344
vt 0.554688 0.284180
vt 0.556641 0.284180
vt 0.539062 0.183594
vt 0.543945 0.183594
vt 0.539062 0.193359
vt 0.543945 0.193359
vt 0.531250 0.183594
vt 0.536133 0.183594
vt 0.531250 0.193359
vt 0.536133 0.193359
vt 0.757812 0.281250
vt 0.759766 0.281250
vt 0.757812 0.286133
vt 0.759766 0.286133
vt 0.781250 0.262695
vt 0.783203 0.262695
vt 0.781250 0.257812
vt 0.783203 0.257812
vt 0.707031 0.261719
vt 0.708984 0.261719
vt 0.707031 0.271484
vt 0.708984 0.271484
vt 0.710938 0.261719
vt 0.712891 0.261719
vt 0.710938 0.271484
vt 0.712891 0.271484
vt 0.785156 0.097656
vt 0.788086 0.097656
vt 0.785156 0.100586
vt 0.788086 0.100586
vt 0.554688 0.250000
vt 0.557617 0.250000
vt 0.554688 0.252930
vt 0.557617 0.252930
vt 0.792969 0.214844
vt 0.794922 0.214844
vt 0.792969 0.217773
vt 0.794922 0.217773
vt 0.718750 0.295898
vt 0.720703 0.295898
vt 0.718750 0.292969
vt 0.720703 0.292969
vt 0.792969 0.210938
vt 0.794922 0.210938
vt 0.792969 0.213867
vt 0.794922 0.213867
vt 0.714844 0.292969
vt 0.716797 0.292969
vt 0.714844 0.295898
vt 0.716797 0.295898
vt 0.531250 0.312500
vt 0.533203 0.312500
vt 0.531250 0.314453
vt 0.533203 0.314453
vt 0.812500 0.027344
vt 0.814453 0.027344
vt 0.812500 0.029297
vt 0.814453 0.029297
vt 0.773438 0.203125
vt 0.780273 0.203125
vt 0.773438 0.205078
vt 0.780273 0.205078
vt 0.707031 0.275391
vt 0.713867 0.275391
vt 0.707031 0.273438
vt 0.713867 0.273438
vt 0.773438 0.167969
vt 0.780273 0.167969
vt 0.773438 0.169922
vt 0.780273 0.169922
vt 0.671875 0.273438
vt 0.678711 0.273438
vt 0.671875 0.275391
vt 0.678711 0.275391
vt 0.761719 0.105469
vt 0.764648 0.105469
vt 0.761719 0.112305
vt 0.764648 0.112305
vt 0.605469 0.261719
vt 0.608398 0.261719
vt 0.605469 0.268555
vt 0.608398 0.268555
vt 0.609375 0.261719
vt 0.616211 0.261719
vt 0.609375 0.264648
vt 0.616211 0.264648
vt 0.761719 0.116211
vt 0.768555 0.116211
vt 0.761719 0.113281
vt 0.768555 0.113281
vt 0.644531 0.191406
vt 0.651367 0.191406
vt 0.644531 0.198242
vt 0.651367 0.198242
vt 0.652344 0.191406
vt 0.659180 0.191406
vt 0.652344 0.198242
vt 0.659180 0.198242
vt 0.601562 0.261719
vt 0.604492 0.261719
vt 0.601562 0.268555
vt 0.604492 0.268555
vt 0.761719 0.097656
vt 0.764648 0.097656
vt 0.761719 0.104492
vt 0.764648 0.104492
vt 0.761719 0.066406
vt 0.768555 0.066406
vt 0.761719 0.069336
vt 0.768555 0.069336
vt 0.761719 0.077148
vt 0.768555 0.077148
vt 0.761719 0.074219
vt 0.768555 0.074219
vt 0.628906 0.191406
vt 0.635742 0.191406
vt 0.628906 0.198242
vt 0.635742 0.198242
vt 0.636719 0.191406
vt 0.643555 0.191406
vt 0.636719 0.198242
vt 0.643555 0.198242
vt 0.769531 0.117188
vt 0.784180 0.117188
vt 0.769531 0.118164
vt 0.784180 0.118164
vt 0.617188 0.269531
vt 0.631836 0.269531
vt 0.617188 0.270508
vt 0.631836 0.270508
vt 0.632812 0.156250
vt 0.637695 0.156250
vt 0.632812 0.170898
vt 0.637695 0.170898
vt 0.640625 0.170898
vt 0.645508 0.170898
vt 0.640625 0.156250
vt 0.645508 0.156250
vt 0.683594 0.304688
vt 0.688477 0.304688
vt 0.683594 0.305664
vt 0.688477 0.305664
vt 0.804688 0.183594
vt 0.809570 0.183594
vt 0.804688 0.184570
vt 0.809570 0.184570
vt 0.769531 0.132812
vt 0.784180 0.132812
vt 0.769531 0.133789
vt 0.784180 0.133789
vt 0.632812 0.269531
vt 0.647461 0.269531
vt 0.632812 0.270508
vt 0.647461 0.270508
vt 0.656250 0.144531
vt 0.661133 0.144531
vt 0.656250 0.159180
vt 0.661133 0.159180
vt 0.648438 0.170898
vt 0.653320 0.170898
vt 0.648438 0.156250
vt 0.653320 0.156250
vt 0.804688 0.187500
vt 0.809570 0.187500
vt 0.804688 0.188477
vt 0.809570 0.188477
vt 0.691406 0.304688
vt 0.696289 0.304688
vt 0.691406 0.305664
vt 0.696289 0.305664
vt 0.632812 0.261719
vt 0.635742 0.261719
vt 0.632812 0.268555
vt 0.635742 0.268555
vt 0.761719 0.125000
vt 0.764648 0.125000
vt 0.761719 0.131836
vt 0.764648 0.131836
vt 0.761719 0.132812
vt 0.768555 0.132812
vt 0.761719 0.135742
vt 0.768555 0.135742
vt 0.636719 0.264648
vt 0.643555 0.264648
vt 0.636719 0.261719
vt 0.643555 0.261719
vt 0.683594 0.191406
vt 0.690430 0.191406
vt 0.683594 0.198242
vt 0.690430 0.198242
vt 0.691406 0.191406
vt 0.698242 0.191406
vt 0.691406 0.198242
vt 0.698242 0.198242
vt 0.621094 0.261719
vt 0.624023 0.261719
vt 0.621094 0.268555
vt 0.624023 0.268555
vt 0.617188 0.261719
vt 0.620117 0.261719
vt 0.617188 0.268555
vt 0.620117 0.268555
vt 0.761719 0.117188
vt 0.768555 0.117188
vt 0.761719 0.120117
vt 0.768555 0.120117
vt 0.625000 0.264648
vt 0.631836 0.264648
vt 0.625000 0.261719
vt 0.631836 0.261719
vt 0.667969 0.191406
vt 0.674805 0.191406
vt 0.667969 0.198242
vt 0.674805 0.198242
vt 0.675781 0.191406
vt 0.682617 0.191406
vt 0.675781 0.198242
vt 0.682617 0.198242
vt 0.562500 0.312500
vt 0.564453 0.312500
vt 0.562500 0.314453
vt 0.564453 0.314453
vt 0.558594 0.312500
vt 0.560547 0.312500
vt 0.558594 0.314453
vt 0.560547 0.314453
vt 0.777344 0.019531
vt 0.784180 0.019531
vt 0.777344 0.021484
vt 0.784180 0.021484
vt 0.777344 0.025391
vt 0.784180 0.025391
vt 0.777344 0.023438
vt 0.784180 0.023438
vt 0.777344 0.015625
vt 0.784180 0.015625
vt 0.777344 0.017578
vt 0.784180 0.017578
vt 0.519531 0.277344
vt 0.526367 0.277344
vt 0.519531 0.279297
vt 0.526367 0.279297
vt 0.605469 0.285156
vt 0.608398 0.285156
vt 0.605469 0.288086
vt 0.608398 0.288086
vt 0.785156 0.101562
vt 0.788086 0.101562
vt 0.785156 0.104492
vt 0.788086 0.104492
vt 0.738281 0.292969
vt 0.740234 0.292969
vt 0.738281 0.295898
vt 0.740234 0.295898
vt 0.742188 0.295898
vt 0.744141 0.295898
vt 0.742188 0.292969
vt 0.744141 0.292969
vt 0.734375 0.292969
vt 0.736328 0.292969
vt 0.734375 0.295898
vt 0.736328 0.295898
vt 0.792969 0.234375
vt 0.794922 0.234375
vt 0.792969 0.237305
vt 0.794922 0.237305
vt 0.570312 0.183594
vt 0.575195 0.183594
vt 0.570312 0.193359
vt 0.575195 0.193359
vt 0.546875 0.183594
vt 0.551758 0.183594
vt 0.546875 0.193359
vt 0.551758 0.193359
vt 0.761719 0.281250
vt 0.763672 0.281250
vt 0.761719 0.286133
vt 0.763672 0.286133
vt 0.765625 0.286133
vt 0.767578 0.286133
vt 0.765625 0.281250
vt 0.767578 0.281250
vt 0.722656 0.261719
vt 0.724609 0.261719
vt 0.722656 0.271484
vt 0.724609 0.271484
vt 0.726562 0.261719
vt 0.728516 0.261719
vt 0.726562 0.271484
vt 0.728516 0.271484
vt 0.777344 0.007812
vt 0.779297 0.007812
vt 0.777344 0.014648
vt 0.779297 0.014648
vt 0.503906 0.277344
vt 0.505859 0.277344
vt 0.503906 0.284180
vt 0.505859 0.284180
vt 0.812500 0.050781
vt 0.814453 0.050781
vt 0.812500 0.052734
vt 0.814453 0.052734
vt 0.554688 0.314453
vt 0.556641 0.314453
vt 0.554688 0.312500
vt 0.556641 0.312500
vt 0.777344 0.000000
vt 0.779297 0.000000
vt 0.777344 0.006836
vt 0.779297 0.006836
vt 0.507812 0.277344
vt 0.509766 0.277344
vt 0.507812 0.284180
vt 0.509766 0.284180
vt 0.500000 0.277344
vt 0.501953 0.277344
vt 0.500000 0.284180
vt 0.501953 0.284180
vt 0.769531 0.273438
vt 0.771484 0.273438
vt 0.769531 0.280273
vt 0.771484 0.280273
vt 0.812500 0.046875
vt 0.814453 0.046875
vt 0.812500 0.048828
vt 0.814453 0.048828
vt 0.550781 0.314453
vt 0.552734 0.314453
vt 0.550781 0.312500
vt 0.552734 0.312500
vt 0.773438 0.265625
vt 0.775391 0.265625
vt 0.773438 0.272461
vt 0.775391 0.272461
vt 0.773438 0.273438
vt 0.775391 0.273438
vt 0.773438 0.280273
vt 0.775391 0.280273
vt 0.738281 0.093750
vt 0.750977 0.093750
vt 0.738281 0.095703
vt 0.750977 0.095703
vt 0.738281 0.078125
vt 0.750977 0.078125
vt 0.738281 0.080078
vt 0.750977 0.080078
vt 0.601562 0.238281
vt 0.603516 0.238281
vt 0.601562 0.250977
vt 0.603516 0.250977
vt 0.605469 0.250977
vt 0.607422 0.250977
vt 0.605469 0.238281
vt 0.607422 0.238281
vt 0.812500 0.042969
vt 0.814453 0.042969
vt 0.812500 0.044922
vt 0.814453 0.044922
vt 0.546875 0.312500
vt 0.548828 0.312500
vt 0.546875 0.314453
vt 0.548828 0.314453
vt 0.695312 0.058594
vt 0.710938 0.058594
vt 0.695312 0.061523
vt 0.710938 0.061523
vt 0.695312 0.031250
vt 0.710938 0.031250
vt 0.695312 0.034180
vt 0.710938 0.034180
vt 0.722656 0.117188
vt 0.724609 0.117188
vt 0.722656 0.132812
vt 0.724609 0.132812
vt 0.621094 0.238281
vt 0.623047 0.238281
vt 0.621094 0.222656
vt 0.623047 0.222656
vt 0.730469 0.292969
vt 0.732422 0.292969
vt 0.730469 0.295898
vt 0.732422 0.295898
vt 0.792969 0.230469
vt 0.794922 0.230469
vt 0.792969 0.233398
vt 0.794922 0.233398
vt 0.691406 0.316406
vt 0.692383 0.316406
vt 0.691406 0.318359
vt 0.692383 0.318359
vt 0.816406 0.187500
vt 0.817383 0.187500
vt 0.816406 0.189453
vt 0.817383 0.189453
vt 0.660156 0.289062
vt 0.666992 0.289062
vt 0.660156 0.290039
vt 0.666992 0.290039
vt 0.789062 0.165039
vt 0.795898 0.165039
vt 0.789062 0.164062
vt 0.795898 0.164062
vt 0.761719 0.273438
vt 0.768555 0.273438
vt 0.761719 0.275391
vt 0.768555 0.275391
vt 0.773438 0.261719
vt 0.780273 0.261719
vt 0.773438 0.263672
vt 0.780273 0.263672
vt 0.507812 0.175781
vt 0.514648 0.175781
vt 0.507812 0.183594
vt 0.514648 0.183594
vt 0.574219 0.039062
vt 0.581055 0.039062
vt 0.574219 0.046875
vt 0.581055 0.046875
vt 0.550781 0.273438
vt 0.552734 0.273438
vt 0.550781 0.280273
vt 0.552734 0.280273
vt 0.574219 0.280273
vt 0.576172 0.280273
vt 0.574219 0.273438
vt 0.576172 0.273438
vt 0.507812 0.269531
vt 0.509766 0.269531
vt 0.507812 0.277344
vt 0.509766 0.277344
vt 0.769531 0.007812
vt 0.771484 0.007812
vt 0.769531 0.015625
vt 0.771484 0.015625
vt 0.597656 0.191406
vt 0.604492 0.191406
vt 0.597656 0.198242
vt 0.604492 0.198242
vt 0.578125 0.191406
vt 0.584961 0.191406
vt 0.578125 0.198242
vt 0.584961 0.198242
vt 0.585938 0.273438
vt 0.587891 0.273438
vt 0.585938 0.280273
vt 0.587891 0.280273
vt 0.589844 0.280273
vt 0.591797 0.280273
vt 0.589844 0.273438
vt 0.591797 0.273438
vt 0.578125 0.273438
vt 0.580078 0.273438
vt 0.578125 0.280273
vt 0.580078 0.280273
vt 0.582031 0.273438
vt 0.583984 0.273438
vt 0.582031 0.280273
vt 0.583984 0.280273
vt 0.632812 0.046875
vt 0.647461 0.046875
vt 0.632812 0.053711
vt 0.647461 0.053711
vt 0.632812 0.039062
vt 0.647461 0.039062
vt 0.632812 0.045898
vt 0.647461 0.045898
vt 0.550781 0.226562
vt 0.552734 0.226562
vt 0.550781 0.241211
vt 0.552734 0.241211
vt 0.554688 0.241211
vt 0.556641 0.241211
vt 0.554688 0.226562
vt 0.556641 0.226562
vt 0.593750 0.273438
vt 0.595703 0.273438
vt 0.593750 0.280273
vt 0.595703 0.280273
vt 0.597656 0.273438
vt 0.599609 0.273438
vt 0.597656 0.280273
vt 0.599609 0.280273
vt 0.632812 0.128906
vt 0.647461 0.128906
vt 0.632812 0.135742
vt 0.647461 0.135742
vt 0.632812 0.054688
vt 0.647461 0.054688
vt 0.632812 0.061523
vt 0.647461 0.061523
vt 0.566406 0.226562
vt 0.568359 0.226562
vt 0.566406 0.241211
vt 0.568359 0.241211
vt 0.570312 0.241211
vt 0.572266 0.241211
vt 0.570312 0.226562
vt 0.572266 0.226562
vt 0.601562 0.273438
vt 0.603516 0.273438
vt 0.601562 0.280273
vt 0.603516 0.280273
vt 0.617188 0.273438
vt 0.619141 0.273438
vt 0.617188 0.280273
vt 0.619141 0.280273
vt 0.675781 0.015625
vt 0.682617 0.015625
vt 0.675781 0.023438
vt 0.682617 0.023438
vt 0.675781 0.007812
vt 0.682617 0.007812
vt 0.675781 0.015625
vt 0.682617 0.015625
vt 0.621094 0.273438
vt 0.623047 0.273438
vt 0.621094 0.280273
vt 0.623047 0.280273
vt 0.625000 0.280273
vt 0.626953 0.280273
vt 0.625000 0.273438
vt 0.626953 0.273438
vt 0.511719 0.269531
vt 0.513672 0.269531
vt 0.511719 0.277344
vt 0.513672 0.277344
vt 0.515625 0.269531
vt 0.517578 0.269531
vt 0.515625 0.277344
vt 0.517578 0.277344
vt 0.613281 0.191406
vt 0.620117 0.191406
vt 0.613281 0.198242
vt 0.620117 0.198242
vt 0.605469 0.191406
vt 0.612305 0.191406
vt 0.605469 0.198242
vt 0.612305 0.198242
vt 0.632812 0.273438
vt 0.634766 0.273438
vt 0.632812 0.280273
vt 0.634766 0.280273
vt 0.636719 0.280273
vt 0.638672 0.280273
vt 0.636719 0.273438
vt 0.638672 0.273438
vt 0.773438 0.125000
vt 0.775391 0.125000
vt 0.773438 0.131836
vt 0.775391 0.131836
vt 0.628906 0.273438
vt 0.630859 0.273438
vt 0.628906 0.280273
vt 0.630859 0.280273
vt 0.539062 0.195312
vt 0.545898 0.195312
vt 0.539062 0.202148
vt 0.545898 0.202148
vt 0.531250 0.195312
vt 0.538086 0.195312
vt 0.531250 0.202148
vt 0.538086 0.202148
vt 0.777344 0.125000
vt 0.779297 0.125000
vt 0.777344 0.131836
vt 0.779297 0.131836
vt 0.777344 0.143555
vt 0.779297 0.143555
vt 0.777344 0.136719
vt 0.779297 0.136719
vt 0.609375 0.277344
vt 0.611328 0.277344
vt 0.609375 0.284180
vt 0.611328 0.284180
vt 0.613281 0.277344
vt 0.615234 0.277344
vt 0.613281 0.284180
vt 0.615234 0.284180
vt 0.636719 0.031250
vt 0.651367 0.031250
vt 0.636719 0.038086
vt 0.651367 0.038086
vt 0.636719 0.023438
vt 0.651367 0.023438
vt 0.636719 0.030273
vt 0.651367 0.030273
vt 0.613281 0.226562
vt 0.615234 0.226562
vt 0.613281 0.241211
vt 0.615234 0.241211
vt 0.679688 0.241211
vt 0.681641 0.241211
vt 0.679688 0.226562
vt 0.681641 0.226562
vt 0.777344 0.089844
vt 0.779297 0.089844
vt 0.777344 0.096680
vt 0.779297 0.096680
vt 0.605469 0.277344
vt 0.607422 0.277344
vt 0.605469 0.284180
vt 0.607422 0.284180
vt 0.546875 0.175781
vt 0.553711 0.175781
vt 0.546875 0.183594
vt 0.553711 0.183594
vt 0.539062 0.175781
vt 0.545898 0.175781
vt 0.539062 0.183594
vt 0.545898 0.183594
vt 0.566406 0.277344
vt 0.568359 0.277344
vt 0.566406 0.284180
vt 0.568359 0.284180
vt 0.570312 0.284180
vt 0.572266 0.284180
vt 0.570312 0.277344
vt 0.572266 0.277344
vt 0.531250 0.269531
vt 0.533203 0.269531
vt 0.531250 0.277344
vt 0.533203 0.277344
vt 0.535156 0.269531
vt 0.537109 0.269531
vt 0.535156 0.277344
vt 0.537109 0.277344
vt 0.570312 0.195312
vt 0.577148 0.195312
vt 0.570312 0.202148
vt 0.577148 0.202148
vt 0.546875 0.195312
vt 0.553711 0.195312
vt 0.546875 0.202148
vt 0.553711 0.202148
vt 0.683594 0.277344
vt 0.685547 0.277344
vt 0.683594 0.284180
vt 0.685547 0.284180
vt 0.777344 0.190430
vt 0.779297 0.190430
vt 0.777344 0.183594
vt 0.779297 0.183594
vt 0.675781 0.277344
vt 0.677734 0.277344
vt 0.675781 0.284180
vt 0.677734 0.284180
vt 0.679688 0.277344
vt 0.681641 0.277344
vt 0.679688 0.284180
vt 0.681641 0.284180
vt 0.640625 0.000000
vt 0.655273 0.000000
vt 0.640625 0.006836
vt 0.655273 0.006836
vt 0.632812 0.136719
vt 0.647461 0.136719
vt 0.632812 0.143555
vt 0.647461 0.143555
vt 0.726562 0.179688
vt 0.728516 0.179688
vt 0.726562 0.194336
vt 0.728516 0.194336
vt 0.683594 0.241211
vt 0.685547 0.241211
vt 0.683594 0.226562
vt 0.685547 0.226562
vt 0.667969 0.277344
vt 0.669922 0.277344
vt 0.667969 0.284180
vt 0.669922 0.284180
vt 0.671875 0.277344
vt 0.673828 0.277344
vt 0.671875 0.284180
vt 0.673828 0.284180
vt 0.667969 0.175781
vt 0.674805 0.175781
vt 0.667969 0.183594
vt 0.674805 0.183594
vt 0.675781 0.156250
vt 0.682617 0.156250
vt 0.675781 0.164062
vt 0.682617 0.164062
vt 0.777344 0.144531
vt 0.779297 0.144531
vt 0.777344 0.151367
vt 0.779297 0.151367
vt 0.664062 0.284180
vt 0.666016 0.284180
vt 0.664062 0.277344
vt 0.666016 0.277344
vt 0.769531 0.035156
vt 0.771484 0.035156
vt 0.769531 0.042969
vt 0.771484 0.042969
vt 0.542969 0.269531
vt 0.544922 0.269531
vt 0.542969 0.277344
vt 0.544922 0.277344
vt 0.687500 0.312500
vt 0.690430 0.312500
vt 0.687500 0.313477
vt 0.690430 0.313477
vt 0.812500 0.183594
vt 0.815430 0.183594
vt 0.812500 0.184570
vt 0.815430 0.184570
vt 0.730469 0.289062
vt 0.732422 0.289062
vt 0.730469 0.291992
vt 0.732422 0.291992
vt 0.789062 0.233398
vt 0.791016 0.233398
vt 0.789062 0.230469
vt 0.791016 0.230469
vt 0.816406 0.156250
vt 0.818359 0.156250
vt 0.816406 0.157227
vt 0.818359 0.157227
vt 0.660156 0.316406
vt 0.662109 0.316406
vt 0.660156 0.317383
vt 0.662109 0.317383
vt 0.691406 0.312500
vt 0.694336 0.312500
vt 0.691406 0.313477
vt 0.694336 0.313477
vt 0.812500 0.187500
vt 0.815430 0.187500
vt 0.812500 0.188477
vt 0.815430 0.188477
vt 0.734375 0.289062
vt 0.736328 0.289062
vt 0.734375 0.291992
vt 0.736328 0.291992
vt 0.789062 0.237305
vt 0.791016 0.237305
vt 0.789062 0.234375
vt 0.791016 0.234375
vt 0.816406 0.160156
vt 0.818359 0.160156
vt 0.816406 0.161133
vt 0.818359 0.161133
vt 0.664062 0.316406
vt 0.666016 0.316406
vt 0.664062 0.317383
vt 0.666016 0.317383
vt 0.667969 0.316406
vt 0.669922 0.316406
vt 0.667969 0.317383
vt 0.669922 0.317383
vt 0.816406 0.164062
vt 0.818359 0.164062
vt 0.816406 0.165039
vt 0.818359 0.165039
vt 0.789062 0.039062
vt 0.792969 0.039062
vt 0.789062 0.041016
vt 0.792969 0.041016
vt 0.542969 0.291016
vt 0.546875 0.291016
vt 0.542969 0.289062
vt 0.546875 0.289062
vt 0.781250 0.308594
vt 0.785156 0.308594
vt 0.781250 0.309570
vt 0.785156 0.309570
vt 0.808594 0.281250
vt 0.812500 0.281250
vt 0.808594 0.282227
vt 0.812500 0.282227
vt 0.671875 0.316406
vt 0.673828 0.316406
vt 0.671875 0.317383
vt 0.673828 0.317383
vt 0.816406 0.167969
vt 0.818359 0.167969
vt 0.816406 0.168945
vt 0.818359 0.168945
vt 0.789062 0.042969
vt 0.792969 0.042969
vt 0.789062 0.044922
vt 0.792969 0.044922
vt 0.546875 0.291016
vt 0.550781 0.291016
vt 0.546875 0.289062
vt 0.550781 0.289062
vt 0.785156 0.308594
vt 0.789062 0.308594
vt 0.785156 0.309570
vt 0.789062 0.309570
vt 0.808594 0.285156
vt 0.812500 0.285156
vt 0.808594 0.286133
vt 0.812500 0.286133
vt 0.640625 0.289062
vt 0.641602 0.289062
vt 0.640625 0.295898
vt 0.641602 0.295898
vt 0.636719 0.289062
vt 0.637695 0.289062
vt 0.636719 0.295898
vt 0.637695 0.295898
vt 0.738281 0.289062
vt 0.744141 0.289062
vt 0.738281 0.290039
vt 0.744141 0.290039
vt 0.789062 0.239258
vt 0.794922 0.239258
vt 0.789062 0.238281
vt 0.794922 0.238281
vt 0.703125 0.144531
vt 0.708984 0.144531
vt 0.703125 0.151367
vt 0.708984 0.151367
vt 0.703125 0.175781
vt 0.708984 0.175781
vt 0.703125 0.182617
vt 0.708984 0.182617
vt 0.648438 0.289062
vt 0.649414 0.289062
vt 0.648438 0.295898
vt 0.649414 0.295898
vt 0.644531 0.289062
vt 0.645508 0.289062
vt 0.644531 0.295898
vt 0.645508 0.295898
vt 0.746094 0.289062
vt 0.751953 0.289062
vt 0.746094 0.290039
vt 0.751953 0.290039
vt 0.753906 0.290039
vt 0.759766 0.290039
vt 0.753906 0.289062
vt 0.759766 0.289062
vt 0.515625 0.207031
vt 0.521484 0.207031
vt 0.515625 0.213867
vt 0.521484 0.213867
vt 0.523438 0.207031
vt 0.529297 0.207031
vt 0.523438 0.213867
vt 0.529297 0.213867
vt 0.707031 0.289062
vt 0.708008 0.289062
vt 0.707031 0.295898
vt 0.708008 0.295898
vt 0.703125 0.289062
vt 0.704102 0.289062
vt 0.703125 0.295898
vt 0.704102 0.295898
vt 0.800781 0.230469
vt 0.806641 0.230469
vt 0.800781 0.231445
vt 0.806641 0.231445
vt 0.800781 0.235352
vt 0.806641 0.235352
vt 0.800781 0.234375
vt 0.806641 0.234375
vt 0.621094 0.207031
vt 0.626953 0.207031
vt 0.621094 0.213867
vt 0.626953 0.213867
vt 0.707031 0.125000
vt 0.712891 0.125000
vt 0.707031 0.131836
vt 0.712891 0.131836
vt 0.789062 0.199219
vt 0.790039 0.199219
vt 0.789062 0.206055
vt 0.790039 0.206055
vt 0.683594 0.289062
vt 0.684570 0.289062
vt 0.683594 0.295898
vt 0.684570 0.295898
vt 0.800781 0.226562
vt 0.806641 0.226562
vt 0.800781 0.227539
vt 0.806641 0.227539
vt 0.730469 0.301758
vt 0.736328 0.301758
vt 0.730469 0.300781
vt 0.736328 0.300781
vt 0.585938 0.207031
vt 0.591797 0.207031
vt 0.585938 0.213867
vt 0.591797 0.213867
vt 0.707031 0.117188
vt 0.712891 0.117188
vt 0.707031 0.124023
vt 0.712891 0.124023
vt 0.738281 0.019531
vt 0.750977 0.019531
vt 0.738281 0.021484
vt 0.750977 0.021484
vt 0.738281 0.015625
vt 0.750977 0.015625
vt 0.738281 0.017578
vt 0.750977 0.017578
vt 0.535156 0.238281
vt 0.537109 0.238281
vt 0.535156 0.250977
vt 0.537109 0.250977
vt 0.558594 0.250977
vt 0.560547 0.250977
vt 0.558594 0.238281
vt 0.560547 0.238281
vt 0.789062 0.308594
vt 0.791016 0.308594
vt 0.789062 0.310547
vt 0.791016 0.310547
vt 0.792969 0.308594
vt 0.794922 0.308594
vt 0.792969 0.310547
vt 0.794922 0.310547
vt 0.773438 0.144531
vt 0.775391 0.144531
vt 0.773438 0.151367
vt 0.775391 0.151367
vt 0.640625 0.273438
vt 0.642578 0.273438
vt 0.640625 0.280273
vt 0.642578 0.280273
vt 0.808594 0.296875
vt 0.810547 0.296875
vt 0.808594 0.298828
vt 0.810547 0.298828
vt 0.800781 0.310547
vt 0.802734 0.310547
vt 0.800781 0.308594
vt 0.802734 0.308594
vt 0.773438 0.136719
vt 0.775391 0.136719
vt 0.773438 0.143555
vt 0.775391 0.143555
vt 0.644531 0.273438
vt 0.646484 0.273438
vt 0.644531 0.280273
vt 0.646484 0.280273
vt 0.660156 0.273438
vt 0.662109 0.273438
vt 0.660156 0.280273
vt 0.662109 0.280273
vt 0.652344 0.273438
vt 0.654297 0.273438
vt 0.652344 0.280273
vt 0.654297 0.280273
vt 0.808594 0.300781
vt 0.810547 0.300781
vt 0.808594 0.302734
vt 0.810547 0.302734
vt 0.804688 0.310547
vt 0.806641 0.310547
vt 0.804688 0.308594
vt 0.806641 0.308594
vt 0.648438 0.273438
vt 0.650391 0.273438
vt 0.648438 0.280273
vt 0.650391 0.280273
vt 0.656250 0.273438
vt 0.658203 0.273438
vt 0.656250 0.280273
vt 0.658203 0.280273
vt 0.609375 0.117188
vt 0.623047 0.117188
vt 0.609375 0.128906
vt 0.623047 0.128906
vt 0.593750 0.117188
vt 0.607422 0.117188
vt 0.593750 0.128906
vt 0.607422 0.128906
vt 0.515625 0.230469
vt 0.517578 0.230469
vt 0.515625 0.244141
vt 0.517578 0.244141
vt 0.519531 0.244141
vt 0.521484 0.244141
vt 0.519531 0.230469
vt 0.521484 0.230469
vt 0.753906 0.226562
vt 0.755859 0.226562
vt 0.753906 0.238281
vt 0.755859 0.238281
vt 0.753906 0.238281
vt 0.755859 0.238281
vt 0.753906 0.250000
vt 0.755859 0.250000
vt 0.570312 0.128906
vt 0.583008 0.128906
vt 0.570312 0.137695
vt 0.583008 0.137695
vt 0.554688 0.128906
vt 0.567383 0.128906
vt 0.554688 0.137695
vt 0.567383 0.137695
vt 0.562500 0.238281
vt 0.564453 0.238281
vt 0.562500 0.250977
vt 0.564453 0.250977
vt 0.574219 0.250977
vt 0.576172 0.250977
vt 0.574219 0.238281
vt 0.576172 0.238281
vt 0.554688 0.265625
vt 0.556641 0.265625
vt 0.554688 0.274414
vt 0.556641 0.274414
vt 0.558594 0.265625
vt 0.560547 0.265625
vt 0.558594 0.274414
vt 0.560547 0.274414
vt 0.808594 0.308594
vt 0.810547 0.308594
vt 0.808594 0.310547
vt 0.810547 0.310547
vt 0.808594 0.304688
vt 0.810547 0.304688
vt 0.808594 0.306641
vt 0.810547 0.306641
vt 0.781250 0.039062
vt 0.787109 0.039062
vt 0.781250 0.041016
vt 0.787109 0.041016
vt 0.781250 0.044922
vt 0.787109 0.044922
vt 0.781250 0.042969
vt 0.787109 0.042969
vt 0.781250 0.031250
vt 0.787109 0.031250
vt 0.781250 0.033203
vt 0.787109 0.033203
vt 0.781250 0.035156
vt 0.787109 0.035156
vt 0.781250 0.037109
vt 0.787109 0.037109
vt 0.710938 0.019531
vt 0.722656 0.019531
vt 0.710938 0.022461
vt 0.722656 0.022461
vt 0.710938 0.015625
vt 0.722656 0.015625
vt 0.710938 0.018555
vt 0.722656 0.018555
vt 0.753906 0.250000
vt 0.755859 0.250000
vt 0.753906 0.261719
vt 0.755859 0.261719
vt 0.500000 0.269531
vt 0.501953 0.269531
vt 0.500000 0.257812
vt 0.501953 0.257812
vt 0.789062 0.253906
vt 0.791016 0.253906
vt 0.789062 0.256836
vt 0.791016 0.256836
vt 0.789062 0.257812
vt 0.791016 0.257812
vt 0.789062 0.260742
vt 0.791016 0.260742
vt 0.773438 0.164062
vt 0.787109 0.164062
vt 0.773438 0.165039
vt 0.787109 0.165039
vt 0.773438 0.078125
vt 0.787109 0.078125
vt 0.773438 0.079102
vt 0.787109 0.079102
vt 0.562500 0.164062
vt 0.567383 0.164062
vt 0.562500 0.177734
vt 0.567383 0.177734
vt 0.589844 0.177734
vt 0.594727 0.177734
vt 0.589844 0.164062
vt 0.594727 0.164062
vt 0.800781 0.257812
vt 0.805664 0.257812
vt 0.800781 0.258789
vt 0.805664 0.258789
vt 0.761719 0.300781
vt 0.766602 0.300781
vt 0.761719 0.301758
vt 0.766602 0.301758
vt 0.750000 0.187500
vt 0.761719 0.187500
vt 0.750000 0.189453
vt 0.761719 0.189453
vt 0.750000 0.152344
vt 0.761719 0.152344
vt 0.750000 0.154297
vt 0.761719 0.154297
vt 0.671875 0.117188
vt 0.676758 0.117188
vt 0.671875 0.128906
vt 0.676758 0.128906
vt 0.632812 0.183594
vt 0.637695 0.183594
vt 0.632812 0.171875
vt 0.637695 0.171875
vt 0.750000 0.281250
vt 0.754883 0.281250
vt 0.750000 0.283203
vt 0.754883 0.283203
vt 0.781250 0.253906
vt 0.786133 0.253906
vt 0.781250 0.255859
vt 0.786133 0.255859
vt 0.720703 0.080078
vt 0.714844 0.080078
vt 0.720703 0.074219
vt 0.714844 0.074219
vt 0.591797 0.220703
vt 0.585938 0.220703
vt 0.591797 0.214844
vt 0.585938 0.214844
vt 0.765625 0.292969
vt 0.765625 0.293945
vt 0.771484 0.292969
vt 0.771484 0.293945
vt 0.798828 0.261719
vt 0.798828 0.262695
vt 0.792969 0.261719
vt 0.792969 0.262695
vt 0.758789 0.298828
vt 0.757812 0.298828
vt 0.758789 0.292969
vt 0.757812 0.292969
vt 0.793945 0.259766
vt 0.792969 0.259766
vt 0.793945 0.253906
vt 0.792969 0.253906
vt 0.552734 0.297852
vt 0.546875 0.297852
vt 0.552734 0.296875
vt 0.546875 0.296875
vt 0.560547 0.297852
vt 0.554688 0.297852
vt 0.560547 0.296875
vt 0.554688 0.296875
vt 0.593750 0.218750
vt 0.593750 0.224609
vt 0.599609 0.218750
vt 0.599609 0.224609
vt 0.724609 0.082031
vt 0.724609 0.087891
vt 0.718750 0.082031
vt 0.718750 0.087891
vt 0.568359 0.297852
vt 0.562500 0.297852
vt 0.568359 0.296875
vt 0.562500 0.296875
vt 0.802734 0.051758
vt 0.796875 0.051758
vt 0.802734 0.050781
vt 0.796875 0.050781
vt 0.798828 0.266602
vt 0.792969 0.266602
vt 0.798828 0.265625
vt 0.792969 0.265625
vt 0.783203 0.293945
vt 0.777344 0.293945
vt 0.783203 0.292969
vt 0.777344 0.292969
vt 0.714844 0.117188
vt 0.714844 0.123047
vt 0.720703 0.117188
vt 0.720703 0.123047
vt 0.623047 0.214844
vt 0.623047 0.220703
vt 0.617188 0.214844
vt 0.617188 0.220703
vt 0.798828 0.278320
vt 0.792969 0.278320
vt 0.798828 0.277344
vt 0.792969 0.277344
vt 0.798828 0.274414
vt 0.792969 0.274414
vt 0.798828 0.273438
vt 0.792969 0.273438
vt 0.786133 0.305664
vt 0.781250 0.305664
vt 0.786133 0.304688
vt 0.781250 0.304688
vt 0.809570 0.290039
vt 0.804688 0.290039
vt 0.809570 0.289062
vt 0.804688 0.289062
vt 0.515625 0.253906
vt 0.515625 0.258789
vt 0.520508 0.253906
vt 0.520508 0.258789
vt 0.512695 0.253906
vt 0.512695 0.258789
vt 0.507812 0.253906
vt 0.507812 0.258789
vt 0.809570 0.293945
vt 0.804688 0.293945
vt 0.809570 0.292969
vt 0.804688 0.292969
vt 0.809570 0.293945
vt 0.804688 0.293945
vt 0.809570 0.292969
vt 0.804688 0.292969
vt 0.809570 0.204102
vt 0.804688 0.204102
vt 0.809570 0.203125
vt 0.804688 0.203125
vt 0.809570 0.208008
vt 0.804688 0.208008
vt 0.809570 0.207031
vt 0.804688 0.207031
vt 0.683594 0.250000
vt 0.683594 0.254883
vt 0.688477 0.250000
vt 0.688477 0.254883
vt 0.754883 0.179688
vt 0.754883 0.184570
vt 0.750000 0.179688
vt 0.750000 0.184570
vt 0.809570 0.211914
vt 0.804688 0.211914
vt 0.809570 0.210938
vt 0.804688 0.210938
vt 0.809570 0.211914
vt 0.804688 0.211914
vt 0.809570 0.210938
vt 0.804688 0.210938
vt 0.758789 0.020508
vt 0.753906 0.020508
vt 0.758789 0.015625
vt 0.753906 0.015625
vt 0.528320 0.258789
vt 0.523438 0.258789
vt 0.528320 0.253906
vt 0.523438 0.253906
vt 0.500000 0.308594
vt 0.500000 0.309570
vt 0.504883 0.308594
vt 0.504883 0.309570
vt 0.805664 0.304688
vt 0.805664 0.305664
vt 0.800781 0.304688
vt 0.800781 0.305664
vt 0.805664 0.301758
vt 0.804688 0.301758
vt 0.805664 0.296875
vt 0.804688 0.296875
vt 0.805664 0.301758
vt 0.804688 0.301758
vt 0.805664 0.296875
vt 0.804688 0.296875
vt 0.696289 0.254883
vt 0.691406 0.254883
vt 0.696289 0.250000
vt 0.691406 0.250000
vt 0.754883 0.223633
vt 0.750000 0.223633
vt 0.754883 0.218750
vt 0.750000 0.218750
vt 0.804688 0.222656
vt 0.804688 0.223633
vt 0.809570 0.222656
vt 0.809570 0.223633
vt 0.723633 0.304688
vt 0.723633 0.305664
vt 0.718750 0.304688
vt 0.718750 0.305664
vt 0.805664 0.219727
vt 0.804688 0.219727
vt 0.805664 0.214844
vt 0.804688 0.214844
vt 0.805664 0.219727
vt 0.804688 0.219727
vt 0.805664 0.214844
vt 0.804688 0.214844
vt 0.724609 0.060547
vt 0.718750 0.060547
vt 0.724609 0.054688
vt 0.718750 0.054688
vt 0.583984 0.224609
vt 0.578125 0.224609
vt 0.583984 0.218750
vt 0.578125 0.218750
vt 0.539062 0.296875
vt 0.539062 0.297852
vt 0.544922 0.296875
vt 0.544922 0.297852
vt 0.802734 0.031250
vt 0.802734 0.032227
vt 0.796875 0.031250
vt 0.796875 0.032227
vt 0.536133 0.302734
vt 0.535156 0.302734
vt 0.536133 0.296875
vt 0.535156 0.296875
vt 0.797852 0.029297
vt 0.796875 0.029297
vt 0.797852 0.023438
vt 0.796875 0.023438
vt 0.791016 0.293945
vt 0.785156 0.293945
vt 0.791016 0.292969
vt 0.785156 0.292969
vt 0.798828 0.293945
vt 0.792969 0.293945
vt 0.798828 0.292969
vt 0.792969 0.292969
vt 0.714844 0.167969
vt 0.714844 0.173828
vt 0.720703 0.167969
vt 0.720703 0.173828
vt 0.720703 0.125000
vt 0.720703 0.130859
vt 0.714844 0.125000
vt 0.714844 0.130859
vt 0.505859 0.297852
vt 0.500000 0.297852
vt 0.505859 0.296875
vt 0.500000 0.296875
vt 0.798828 0.290039
vt 0.792969 0.290039
vt 0.798828 0.289062
vt 0.792969 0.289062
vt 0.754883 0.305664
vt 0.750000 0.305664
vt 0.754883 0.304688
vt 0.750000 0.304688
vt 0.770508 0.305664
vt 0.765625 0.305664
vt 0.770508 0.304688
vt 0.765625 0.304688
vt 0.746094 0.250000
vt 0.746094 0.254883
vt 0.750977 0.250000
vt 0.750977 0.254883
vt 0.743164 0.250000
vt 0.743164 0.254883
vt 0.738281 0.250000
vt 0.738281 0.254883
vt 0.778320 0.305664
vt 0.773438 0.305664
vt 0.778320 0.304688
vt 0.773438 0.304688
vt 0.778320 0.305664
vt 0.773438 0.305664
vt 0.778320 0.304688
vt 0.773438 0.304688
vt 0.702148 0.239258
vt 0.699219 0.239258
vt 0.702148 0.230469
vt 0.699219 0.230469
vt 0.737305 0.024414
vt 0.734375 0.024414
vt 0.737305 0.015625
vt 0.734375 0.015625
vt 0.601562 0.226562
vt 0.601562 0.236328
vt 0.604492 0.226562
vt 0.604492 0.236328
vt 0.600586 0.226562
vt 0.600586 0.236328
vt 0.597656 0.226562
vt 0.597656 0.236328
vt 0.642578 0.154297
vt 0.632812 0.154297
vt 0.642578 0.144531
vt 0.632812 0.144531
vt 0.658203 0.048828
vt 0.648438 0.048828
vt 0.658203 0.039062
vt 0.648438 0.039062
vt 0.796875 0.078125
vt 0.799805 0.078125
vt 0.796875 0.080078
vt 0.799805 0.080078
vt 0.570312 0.296875
vt 0.573242 0.296875
vt 0.570312 0.298828
vt 0.573242 0.298828
vt 0.796875 0.083984
vt 0.796875 0.082031
vt 0.799805 0.083984
vt 0.799805 0.082031
vt 0.799805 0.087891
vt 0.799805 0.085938
vt 0.796875 0.087891
vt 0.796875 0.085938
vt 0.570312 0.312500
vt 0.572266 0.312500
vt 0.570312 0.314453
vt 0.572266 0.314453
vt 0.812500 0.066406
vt 0.814453 0.066406
vt 0.812500 0.068359
vt 0.814453 0.068359
vt 0.720703 0.212891
vt 0.714844 0.212891
vt 0.720703 0.207031
vt 0.714844 0.207031
vt 0.720703 0.220703
vt 0.714844 0.220703
vt 0.720703 0.214844
vt 0.714844 0.214844
vt 0.523438 0.296875
vt 0.523438 0.297852
vt 0.529297 0.296875
vt 0.529297 0.297852
vt 0.802734 0.019531
vt 0.802734 0.020508
vt 0.796875 0.019531
vt 0.796875 0.020508
vt 0.512695 0.302734
vt 0.511719 0.302734
vt 0.512695 0.296875
vt 0.511719 0.296875
vt 0.508789 0.302734
vt 0.507812 0.302734
vt 0.508789 0.296875
vt 0.507812 0.296875
vt 0.727539 0.254883
vt 0.722656 0.254883
vt 0.727539 0.250000
vt 0.722656 0.250000
vt 0.735352 0.254883
vt 0.730469 0.254883
vt 0.735352 0.250000
vt 0.730469 0.250000
vt 0.742188 0.304688
vt 0.742188 0.305664
vt 0.747070 0.304688
vt 0.747070 0.305664
vt 0.739258 0.304688
vt 0.739258 0.305664
vt 0.734375 0.304688
vt 0.734375 0.305664
vt 0.731445 0.309570
vt 0.730469 0.309570
vt 0.731445 0.304688
vt 0.730469 0.304688
vt 0.731445 0.309570
vt 0.730469 0.309570
vt 0.731445 0.304688
vt 0.730469 0.304688
vt 0.536133 0.258789
vt 0.531250 0.258789
vt 0.536133 0.253906
vt 0.531250 0.253906
vt 0.559570 0.258789
vt 0.554688 0.258789
vt 0.559570 0.253906
vt 0.554688 0.253906
vt 0.527344 0.308594
vt 0.527344 0.309570
vt 0.532227 0.308594
vt 0.532227 0.309570
vt 0.524414 0.308594
vt 0.524414 0.309570
vt 0.519531 0.308594
vt 0.519531 0.309570
vt 0.516602 0.313477
vt 0.515625 0.313477
vt 0.516602 0.308594
vt 0.515625 0.308594
vt 0.516602 0.313477
vt 0.515625 0.313477
vt 0.516602 0.308594
vt 0.515625 0.308594
vt 0.809570 0.192383
vt 0.804688 0.192383
vt 0.809570 0.191406
vt 0.804688 0.191406
vt 0.704102 0.305664
vt 0.699219 0.305664
vt 0.704102 0.304688
vt 0.699219 0.304688
vt 0.675781 0.250000
vt 0.675781 0.254883
vt 0.680664 0.250000
vt 0.680664 0.254883
vt 0.590820 0.250000
vt 0.590820 0.254883
vt 0.585938 0.250000
vt 0.585938 0.254883
vt 0.809570 0.200195
vt 0.804688 0.200195
vt 0.809570 0.199219
vt 0.804688 0.199219
vt 0.809570 0.200195
vt 0.804688 0.200195
vt 0.809570 0.199219
vt 0.804688 0.199219
vt 0.802734 0.067383
vt 0.796875 0.067383
vt 0.802734 0.066406
vt 0.796875 0.066406
vt 0.802734 0.075195
vt 0.796875 0.075195
vt 0.802734 0.074219
vt 0.796875 0.074219
vt 0.718750 0.101562
vt 0.718750 0.107422
vt 0.724609 0.101562
vt 0.724609 0.107422
vt 0.607422 0.218750
vt 0.607422 0.224609
vt 0.601562 0.218750
vt 0.601562 0.224609
vt 0.583984 0.297852
vt 0.578125 0.297852
vt 0.583984 0.296875
vt 0.578125 0.296875
vt 0.802734 0.071289
vt 0.796875 0.071289
vt 0.802734 0.070312
vt 0.796875 0.070312
vt 0.720703 0.052734
vt 0.714844 0.052734
vt 0.720703 0.046875
vt 0.714844 0.046875
vt 0.564453 0.220703
vt 0.558594 0.220703
vt 0.564453 0.214844
vt 0.558594 0.214844
vt 0.792969 0.250000
vt 0.792969 0.250977
vt 0.798828 0.250000
vt 0.798828 0.250977
vt 0.755859 0.292969
vt 0.755859 0.293945
vt 0.750000 0.292969
vt 0.750000 0.293945
vt 0.747070 0.298828
vt 0.746094 0.298828
vt 0.747070 0.292969
vt 0.746094 0.292969
vt 0.793945 0.248047
vt 0.792969 0.248047
vt 0.793945 0.242188
vt 0.792969 0.242188
vt 0.722656 0.316406
vt 0.724609 0.316406
vt 0.722656 0.317383
vt 0.724609 0.317383
vt 0.816406 0.218750
vt 0.818359 0.218750
vt 0.816406 0.219727
vt 0.818359 0.219727
vt 0.816406 0.222656
vt 0.817383 0.222656
vt 0.816406 0.224609
vt 0.817383 0.224609
vt 0.726562 0.318359
vt 0.727539 0.318359
vt 0.726562 0.316406
vt 0.727539 0.316406
vt 0.582031 0.320312
vt 0.583008 0.320312
vt 0.582031 0.321289
vt 0.583008 0.321289
vt 0.820312 0.082031
vt 0.821289 0.082031
vt 0.820312 0.083008
vt 0.821289 0.083008
vt 0.714844 0.316406
vt 0.716797 0.316406
vt 0.714844 0.317383
vt 0.716797 0.317383
vt 0.816406 0.210938
vt 0.818359 0.210938
vt 0.816406 0.211914
vt 0.818359 0.211914
vt 0.816406 0.214844
vt 0.817383 0.214844
vt 0.816406 0.216797
vt 0.817383 0.216797
vt 0.718750 0.318359
vt 0.719727 0.318359
vt 0.718750 0.316406
vt 0.719727 0.316406
vt 0.578125 0.320312
vt 0.579102 0.320312
vt 0.578125 0.321289
vt 0.579102 0.321289
vt 0.820312 0.078125
vt 0.821289 0.078125
vt 0.820312 0.079102
vt 0.821289 0.079102
vt 0.820312 0.074219
vt 0.821289 0.074219
vt 0.820312 0.075195
vt 0.821289 0.075195
vt 0.574219 0.320312
vt 0.575195 0.320312
vt 0.574219 0.321289
vt 0.575195 0.321289
vt 0.722656 0.046875
vt 0.755859 0.046875
vt 0.722656 0.047852
vt 0.755859 0.047852
vt 0.722656 0.051758
vt 0.755859 0.051758
vt 0.722656 0.050781
vt 0.755859 0.050781
vt 0.722656 0.039062
vt 0.755859 0.039062
vt 0.722656 0.040039
vt 0.755859 0.040039
vt 0.722656 0.042969
vt 0.755859 0.042969
vt 0.722656 0.043945
vt 0.755859 0.043945
vt 0.765625 0.148438
vt 0.771484 0.148438
vt 0.765625 0.151367
vt 0.771484 0.151367
vt 0.765625 0.144531
vt 0.771484 0.144531
vt 0.765625 0.147461
vt 0.771484 0.147461
vt 0.609375 0.007812
vt 0.639648 0.007812
vt 0.609375 0.013672
vt 0.639648 0.013672
vt 0.609375 0.021484
vt 0.639648 0.021484
vt 0.609375 0.015625
vt 0.639648 0.015625
vt 0.640625 0.125000
vt 0.670898 0.125000
vt 0.640625 0.127930
vt 0.670898 0.127930
vt 0.539062 0.144531
vt 0.569336 0.144531
vt 0.539062 0.147461
vt 0.569336 0.147461
vt 0.578125 0.312500
vt 0.580078 0.312500
vt 0.578125 0.314453
vt 0.580078 0.314453
vt 0.812500 0.074219
vt 0.814453 0.074219
vt 0.812500 0.076172
vt 0.814453 0.076172
vt 0.582031 0.300781
vt 0.584961 0.300781
vt 0.582031 0.302734
vt 0.584961 0.302734
vt 0.800781 0.083984
vt 0.803711 0.083984
vt 0.800781 0.082031
vt 0.803711 0.082031
vt 0.578125 0.300781
vt 0.581055 0.300781
vt 0.578125 0.302734
vt 0.581055 0.302734
vt 0.800781 0.078125
vt 0.803711 0.078125
vt 0.800781 0.080078
vt 0.803711 0.080078
vt 0.722656 0.074219
vt 0.733398 0.074219
vt 0.722656 0.077148
vt 0.733398 0.077148
vt 0.722656 0.066406
vt 0.733398 0.066406
vt 0.722656 0.069336
vt 0.733398 0.069336
vt 0.582031 0.039062
vt 0.615234 0.039062
vt 0.582031 0.049805
vt 0.615234 0.049805
vt 0.582031 0.061523
vt 0.615234 0.061523
vt 0.582031 0.050781
vt 0.615234 0.050781
vt 0.625000 0.070312
vt 0.658203 0.070312
vt 0.625000 0.073242
vt 0.658203 0.073242
vt 0.640625 0.007812
vt 0.673828 0.007812
vt 0.640625 0.010742
vt 0.673828 0.010742
vt 0.730469 0.023438
vt 0.734375 0.023438
vt 0.730469 0.030273
vt 0.734375 0.030273
vt 0.523438 0.230469
vt 0.527344 0.230469
vt 0.523438 0.237305
vt 0.527344 0.237305
vt 0.789062 0.070312
vt 0.791016 0.070312
vt 0.789062 0.074219
vt 0.791016 0.074219
vt 0.574219 0.292969
vt 0.576172 0.292969
vt 0.574219 0.289062
vt 0.576172 0.289062
vt 0.511719 0.277344
vt 0.513672 0.277344
vt 0.511719 0.284180
vt 0.513672 0.284180
vt 0.515625 0.277344
vt 0.517578 0.277344
vt 0.515625 0.284180
vt 0.517578 0.284180
vt 0.656250 0.183594
vt 0.660156 0.183594
vt 0.656250 0.190430
vt 0.660156 0.190430
vt 0.613281 0.160156
vt 0.617188 0.160156
vt 0.613281 0.166992
vt 0.617188 0.166992
vt 0.789062 0.046875
vt 0.791016 0.046875
vt 0.789062 0.050781
vt 0.791016 0.050781
vt 0.789062 0.066406
vt 0.791016 0.066406
vt 0.789062 0.062500
vt 0.791016 0.062500
vt 0.714844 0.273438
vt 0.716797 0.273438
vt 0.714844 0.280273
vt 0.716797 0.280273
vt 0.718750 0.273438
vt 0.720703 0.273438
vt 0.718750 0.280273
vt 0.720703 0.280273
vt 0.226562 0.218750
vt 0.218750 0.218750
vt 0.226562 0.226562
vt 0.218750 0.226562
vt 0.257812 0.000000
vt 0.250000 0.000000
vt 0.257812 0.007812
vt 0.250000 0.007812
vt 0.039062 0.250000
vt 0.031250 0.250000
vt 0.039062 0.257812
vt 0.031250 0.257812
vt 0.257812 0.039062
vt 0.250000 0.039062
vt 0.257812 0.031250
vt 0.250000 0.031250
vt 0.226562 0.187500
vt 0.218750 0.187500
vt 0.226562 0.195312
vt 0.218750 0.195312
vt 0.007812 0.250000
vt 0.000000 0.250000
vt 0.007812 0.257812
vt 0.000000 0.257812
vt 0.234375 0.000000
vt 0.218750 0.000000
vt 0.234375 0.007812
vt 0.218750 0.007812
vt 0.046875 0.218750
vt 0.031250 0.218750
vt 0.046875 0.226562
vt 0.031250 0.226562
vt 0.148438 0.093750
vt 0.125000 0.093750
vt 0.148438 0.109375
vt 0.125000 0.109375
vt 0.148438 0.140625
vt 0.125000 0.140625
vt 0.148438 0.125000
vt 0.125000 0.125000
vt 0.023438 0.187500
vt 0.000000 0.187500
vt 0.023438 0.195312
vt 0.000000 0.195312
vt 0.210938 0.000000
vt 0.187500 0.000000
vt 0.210938 0.007812
vt 0.187500 0.007812
vt 0.226562 0.062500
vt 0.218750 0.062500
vt 0.226562 0.078125
vt 0.218750 0.078125
vt 0.101562 0.218750
vt 0.093750 0.218750
vt 0.101562 0.234375
vt 0.093750 0.234375
vt 0.241563 0.089063
vt 0.218750 0.089063
vt 0.241563 0.091250
vt 0.218750 0.091250
vt 0.140625 0.226562
vt 0.125000 0.226562
vt 0.140625 0.218750
vt 0.125000 0.218750
vt 0.179688 0.093750
vt 0.156250 0.093750
vt 0.179688 0.109375
vt 0.156250 0.109375
vt 0.179688 0.093750
vt 0.156250 0.093750
vt 0.179688 0.109375
vt 0.156250 0.109375
vt 0.054688 0.187500
vt 0.031250 0.187500
vt 0.054688 0.195312
vt 0.031250 0.195312
vt 0.210938 0.031250
vt 0.187500 0.031250
vt 0.210938 0.039062
vt 0.187500 0.039062
vt 0.179688 0.000781
vt 0.156250 0.000781
vt 0.179688 0.023438
vt 0.156250 0.023438
vt 0.179688 0.023438
vt 0.156250 0.023438
vt 0.179688 0.000781
vt 0.156250 0.000781
vt 0.218750 0.091250
vt 0.241563 0.091250
vt 0.218750 0.089063
vt 0.241563 0.089063
vt 0.218750 0.091250
vt 0.241563 0.091250
vt 0.218750 0.089063
vt 0.241563 0.089063
vt 0.203125 0.187500
vt 0.187500 0.187500
vt 0.203125 0.195312
vt 0.187500 0.195312
vt 0.015625 0.218750
vt 0.000000 0.218750
vt 0.015625 0.226562
vt 0.000000 0.226562
vt 0.148438 0.062500
vt 0.125000 0.062500
vt 0.148438 0.078125
vt 0.125000 0.078125
vt 0.117188 0.140625
vt 0.093750 0.140625
vt 0.117188 0.125000
vt 0.093750 0.125000
vt 0.179688 0.125000
vt 0.156250 0.125000
vt 0.179688 0.132812
vt 0.156250 0.132812
vt 0.179688 0.156250
vt 0.156250 0.156250
vt 0.179688 0.164062
vt 0.156250 0.164062
vt 0.226562 0.156250
vt 0.218750 0.156250
vt 0.226562 0.164062
vt 0.218750 0.164062
vt 0.195312 0.218750
vt 0.187500 0.218750
vt 0.195312 0.226562
vt 0.187500 0.226562
vt 0.179688 0.187500
vt 0.156250 0.187500
vt 0.179688 0.195312
vt 0.156250 0.195312
vt 0.210938 0.164062
vt 0.187500 0.164062
vt 0.210938 0.156250
vt 0.187500 0.156250
vt 0.148438 0.187500
vt 0.125000 0.187500
vt 0.148438 0.195312
vt 0.125000 0.195312
vt 0.210938 0.125000
vt 0.187500 0.125000
vt 0.210938 0.132812
vt 0.187500 0.132812
vt 0.226562 0.125000
vt 0.218750 0.125000
vt 0.226562 0.132812
vt 0.218750 0.132812
vt 0.164062 0.218750
vt 0.156250 0.218750
vt 0.164062 0.226562
vt 0.156250 0.226562
vt 0.117188 0.187500
vt 0.093750 0.187500
vt 0.117188 0.195312
vt 0.093750 0.195312
vt 0.210938 0.101562
vt 0.187500 0.101562
vt 0.210938 0.093750
vt 0.187500 0.093750
vt 0.085938 0.187500
vt 0.062500 0.187500
vt 0.085938 0.195312
vt 0.062500 0.195312
vt 0.210938 0.062500
vt 0.187500 0.062500
vt 0.210938 0.070312
vt 0.187500 0.070312
vt 0.039062 0.000000
vt 0.000000 0.000000
vt 0.039062 0.054688
vt 0.000000 0.054688
vt 0.039062 0.062500
vt 0.000000 0.062500
vt 0.039062 0.117188
vt 0.000000 0.117188
vt 0.023438 0.125000
vt 0.000000 0.125000
vt 0.023438 0.164062
vt 0.000000 0.164062
vt 0.148438 0.039062
vt 0.125000 0.039062
vt 0.148438 0.000000
vt 0.125000 0.000000
vt 0.085938 0.000000
vt 0.062500 0.000000
vt 0.085938 0.054688
vt 0.062500 0.054688
vt 0.085938 0.062500
vt 0.062500 0.062500
vt 0.085938 0.117188
vt 0.062500 0.117188
vt 0.046875 0.125000
vt 0.031250 0.125000
vt 0.046875 0.179688
vt 0.031250 0.179688
vt 0.078125 0.125000
vt 0.062500 0.125000
vt 0.078125 0.179688
vt 0.062500 0.179688
vt 0.179688 0.062500
vt 0.156250 0.062500
vt 0.179688 0.078125
vt 0.156250 0.078125
vt 0.117188 0.171875
vt 0.093750 0.171875
vt 0.117188 0.156250
vt 0.093750 0.156250
vt 0.117188 0.000000
vt 0.093750 0.000000
vt 0.117188 0.054688
vt 0.093750 0.054688
vt 0.117188 0.062500
vt 0.093750 0.062500
vt 0.117188 0.117188
vt 0.093750 0.117188
vt 0.039062 0.000000
vt 0.000000 0.000000
vt 0.039062 0.054688
vt 0.000000 0.054688
vt 0.039062 0.062500
vt 0.000000 0.062500
vt 0.039062 0.117188
vt 0.000000 0.117188
vt 0.023438 0.125000
vt 0.000000 0.125000
vt 0.023438 0.164062
vt 0.000000 0.164062
vt 0.148438 0.039062
vt 0.125000 0.039062
vt 0.148438 0.000000
vt 0.125000 0.000000
vt 0.085938 0.000000
vt 0.062500 0.000000
vt 0.085938 0.054688
vt 0.062500 0.054688
vt 0.085938 0.062500
vt 0.062500 0.062500
vt 0.085938 0.117188
vt 0.062500 0.117188
vt 0.046875 0.125000
vt 0.031250 0.125000
vt 0.046875 0.179688
vt 0.031250 0.179688
vt 0.078125 0.125000
vt 0.062500 0.125000
vt 0.078125 0.179688
vt 0.062500 0.179688
vt 0.179688 0.062500
vt 0.156250 0.062500
vt 0.179688 0.078125
vt 0.156250 0.078125
vt 0.117188 0.171875
vt 0.093750 0.171875
vt 0.117188 0.156250
vt 0.093750 0.156250
vt 0.117188 0.000000
vt 0.093750 0.000000
vt 0.117188 0.054688
vt 0.093750 0.054688
vt 0.117188 0.062500
vt 0.093750 0.062500
vt 0.117188 0.117188
vt 0.093750 0.117188
vt 0.226562 0.125000
vt 0.218750 0.125000
vt 0.226562 0.132812
vt 0.218750 0.132812
vt 0.164062 0.218750
vt 0.156250 0.218750
vt 0.164062 0.226562
vt 0.156250 0.226562
vt 0.117188 0.187500
vt 0.093750 0.187500
vt 0.117188 0.195312
vt 0.093750 0.195312
vt 0.210938 0.101562
vt 0.187500 0.101562
vt 0.210938 0.093750
vt 0.187500 0.093750
vt 0.085938 0.187500
vt 0.062500 0.187500
vt 0.085938 0.195312
vt 0.062500 0.195312
vt 0.210938 0.062500
vt 0.187500 0.062500
vt 0.210938 0.070312
vt 0.187500 0.070312
vt 0.054688 0.187500
vt 0.031250 0.187500
vt 0.054688 0.195312
vt 0.031250 0.195312
vt 0.210938 0.031250
vt 0.187500 0.031250
vt 0.210938 0.039062
vt 0.187500 0.039062
vt 0.179688 0.000781
vt 0.156250 0.000781
vt 0.179688 0.023438
vt 0.156250 0.023438
vt 0.179688 0.023438
vt 0.156250 0.023438
vt 0.179688 0.000781
vt 0.156250 0.000781
vt 0.218750 0.091250
vt 0.241563 0.091250
vt 0.218750 0.089063
vt 0.241563 0.089063
vt 0.218750 0.091250
vt 0.241563 0.091250
vt 0.218750 0.089063
vt 0.241563 0.089063
vt 0.226562 0.062500
vt 0.218750 0.062500
vt 0.226562 0.078125
vt 0.218750 0.078125
vt 0.101562 0.218750
vt 0.093750 0.218750
vt 0.101562 0.234375
vt 0.093750 0.234375
vt 0.241563 0.089063
vt 0.218750 0.089063
vt 0.241563 0.091250
vt 0.218750 0.091250
vt 0.140625 0.226562
vt 0.125000 0.226562
vt 0.140625 0.218750
vt 0.125000 0.218750
vt 0.179688 0.093750
vt 0.156250 0.093750
vt 0.179688 0.109375
vt 0.156250 0.109375
vt 0.179688 0.093750
vt 0.156250 0.093750
vt 0.179688 0.109375
vt 0.156250 0.109375
vt 0.203125 0.187500
vt 0.187500 0.187500
vt 0.203125 0.195312
vt 0.187500 0.195312
vt 0.015625 0.218750
vt 0.000000 0.218750
vt 0.015625 0.226562
vt 0.000000 0.226562
vt 0.148438 0.062500
vt 0.125000 0.062500
vt 0.148438 0.078125
vt 0.125000 0.078125
vt 0.117188 0.140625
vt 0.093750 0.140625
vt 0.117188 0.125000
vt 0.093750 0.125000
vt 0.179688 0.125000
vt 0.156250 0.125000
vt 0.179688 0.132812
vt 0.156250 0.132812
vt 0.179688 0.156250
vt 0.156250 0.156250
vt 0.179688 0.164062
vt 0.156250 0.164062
vt 0.226562 0.156250
vt 0.218750 0.156250
vt 0.226562 0.164062
vt 0.218750 0.164062
vt 0.195312 0.218750
vt 0.187500 0.218750
vt 0.195312 0.226562
vt 0.187500 0.226562
vt 0.179688 0.187500
vt 0.156250 0.187500
vt 0.179688 0.195312
vt 0.156250 0.195312
vt 0.210938 0.164062
vt 0.187500 0.164062
vt 0.210938 0.156250
vt 0.187500 0.156250
vt 0.148438 0.187500
vt 0.125000 0.187500
vt 0.148438 0.195312
vt 0.125000 0.195312
vt 0.210938 0.125000
vt 0.187500 0.125000
vt 0.210938 0.132812
vt 0.187500 0.132812
vt 0.234375 0.000000
vt 0.218750 0.000000
vt 0.234375 0.007812
vt 0.218750 0.007812
vt 0.046875 0.218750
vt 0.031250 0.218750
vt 0.046875 0.226562
vt 0.031250 0.226562
vt 0.148438 0.093750
vt 0.125000 0.093750
vt 0.148438 0.109375
vt 0.125000 0.109375
vt 0.148438 0.140625
vt 0.125000 0.140625
vt 0.148438 0.125000
vt 0.125000 0.125000
vt 0.023438 0.187500
vt 0.000000 0.187500
vt 0.023438 0.195312
vt 0.000000 0.195312
vt 0.210938 0.000000
vt 0.187500 0.000000
vt 0.210938 0.007812
vt 0.187500 0.007812
vt 0.226562 0.218750
vt 0.218750 0.218750
vt 0.226562 0.226562
vt 0.218750 0.226562
vt 0.257812 0.000000
vt 0.250000 0.000000
vt 0.257812 0.007812
vt 0.250000 0.007812
vt 0.039062 0.250000
vt 0.031250 0.250000
vt 0.039062 0.257812
vt 0.031250 0.257812
vt 0.257812 0.039062
vt 0.250000 0.039062
vt 0.257812 0.031250
vt 0.250000 0.031250
vt 0.226562 0.187500
vt 0.218750 0.187500
vt 0.226562 0.195312
vt 0.218750 0.195312
vt 0.007812 0.250000
vt 0.000000 0.250000
vt 0.007812 0.257812
vt 0.000000 0.257812
vt 0.812500 0.000000
vt 0.814453 0.000000
vt 0.812500 0.001953
vt 0.814453 0.001953
vt 0.500000 0.312500
vt 0.501953 0.312500
vt 0.500000 0.314453
vt 0.501953 0.314453
vt 0.675781 0.074219
vt 0.703125 0.074219
vt 0.675781 0.076172
vt 0.703125 0.076172
vt 0.675781 0.080078
vt 0.703125 0.080078
vt 0.675781 0.078125
vt 0.703125 0.078125
vt 0.675781 0.023438
vt 0.703125 0.023438
vt 0.675781 0.025391
vt 0.703125 0.025391
vt 0.675781 0.027344
vt 0.703125 0.027344
vt 0.675781 0.029297
vt 0.703125 0.029297
vt 0.644531 0.285156
vt 0.647461 0.285156
vt 0.644531 0.288086
vt 0.647461 0.288086
vt 0.640625 0.285156
vt 0.643555 0.285156
vt 0.640625 0.288086
vt 0.643555 0.288086
vt 0.800781 0.148438
vt 0.802734 0.148438
vt 0.800781 0.151367
vt 0.802734 0.151367
vt 0.664062 0.303711
vt 0.666016 0.303711
vt 0.664062 0.300781
vt 0.666016 0.300781
vt 0.800781 0.128906
vt 0.802734 0.128906
vt 0.800781 0.131836
vt 0.802734 0.131836
vt 0.800781 0.136719
vt 0.802734 0.136719
vt 0.800781 0.139648
vt 0.802734 0.139648
vt 0.652344 0.285156
vt 0.655273 0.285156
vt 0.652344 0.288086
vt 0.655273 0.288086
vt 0.648438 0.285156
vt 0.651367 0.285156
vt 0.648438 0.288086
vt 0.651367 0.288086
vt 0.671875 0.300781
vt 0.673828 0.300781
vt 0.671875 0.303711
vt 0.673828 0.303711
vt 0.800781 0.174805
vt 0.802734 0.174805
vt 0.800781 0.171875
vt 0.802734 0.171875
vt 0.667969 0.300781
vt 0.669922 0.300781
vt 0.667969 0.303711
vt 0.669922 0.303711
vt 0.800781 0.167969
vt 0.802734 0.167969
vt 0.800781 0.170898
vt 0.802734 0.170898
vt 0.785156 0.050781
vt 0.794922 0.050781
vt 0.785156 0.051758
vt 0.794922 0.051758
vt 0.539062 0.285156
vt 0.548828 0.285156
vt 0.539062 0.286133
vt 0.548828 0.286133
vt 0.503906 0.265625
vt 0.505859 0.265625
vt 0.503906 0.275391
vt 0.505859 0.275391
vt 0.765625 0.013672
vt 0.767578 0.013672
vt 0.765625 0.003906
vt 0.767578 0.003906
vt 0.519531 0.320312
vt 0.521484 0.320312
vt 0.519531 0.321289
vt 0.521484 0.321289
vt 0.820312 0.019531
vt 0.822266 0.019531
vt 0.820312 0.020508
vt 0.822266 0.020508
vt 0.785156 0.023438
vt 0.794922 0.023438
vt 0.785156 0.024414
vt 0.794922 0.024414
vt 0.785156 0.019531
vt 0.794922 0.019531
vt 0.785156 0.020508
vt 0.794922 0.020508
vt 0.753906 0.261719
vt 0.755859 0.261719
vt 0.753906 0.271484
vt 0.755859 0.271484
vt 0.761719 0.263672
vt 0.763672 0.263672
vt 0.761719 0.253906
vt 0.763672 0.253906
vt 0.515625 0.320312
vt 0.517578 0.320312
vt 0.515625 0.321289
vt 0.517578 0.321289
vt 0.820312 0.015625
vt 0.822266 0.015625
vt 0.820312 0.016602
vt 0.822266 0.016602
vt 0.757812 0.054688
vt 0.763672 0.054688
vt 0.757812 0.058594
vt 0.763672 0.058594
vt 0.757812 0.050781
vt 0.763672 0.050781
vt 0.757812 0.054688
vt 0.763672 0.054688
vt 0.640625 0.226562
vt 0.645508 0.226562
vt 0.640625 0.232422
vt 0.645508 0.232422
vt 0.726562 0.150391
vt 0.731445 0.150391
vt 0.726562 0.144531
vt 0.731445 0.144531
vt 0.730469 0.261719
vt 0.735352 0.261719
vt 0.730469 0.265625
vt 0.735352 0.265625
vt 0.738281 0.261719
vt 0.743164 0.261719
vt 0.738281 0.265625
vt 0.743164 0.265625
vt 0.703125 0.152344
vt 0.722656 0.152344
vt 0.703125 0.154297
vt 0.722656 0.154297
vt 0.703125 0.093750
vt 0.722656 0.093750
vt 0.703125 0.095703
vt 0.722656 0.095703
vt 0.574219 0.140625
vt 0.579102 0.140625
vt 0.574219 0.160156
vt 0.579102 0.160156
vt 0.582031 0.160156
vt 0.586914 0.160156
vt 0.582031 0.140625
vt 0.586914 0.140625
vt 0.785156 0.015625
vt 0.790039 0.015625
vt 0.785156 0.017578
vt 0.790039 0.017578
vt 0.519531 0.285156
vt 0.524414 0.285156
vt 0.519531 0.287109
vt 0.524414 0.287109
vt 0.695312 0.285156
vt 0.704102 0.285156
vt 0.695312 0.286133
vt 0.704102 0.286133
vt 0.785156 0.179688
vt 0.793945 0.179688
vt 0.785156 0.180664
vt 0.793945 0.180664
vt 0.683594 0.265625
vt 0.685547 0.265625
vt 0.683594 0.274414
vt 0.685547 0.274414
vt 0.687500 0.274414
vt 0.689453 0.274414
vt 0.687500 0.265625
vt 0.689453 0.265625
vt 0.535156 0.320312
vt 0.537109 0.320312
vt 0.535156 0.321289
vt 0.537109 0.321289
vt 0.820312 0.035156
vt 0.822266 0.035156
vt 0.820312 0.036133
vt 0.822266 0.036133
vt 0.785156 0.175781
vt 0.793945 0.175781
vt 0.785156 0.176758
vt 0.793945 0.176758
vt 0.671875 0.285156
vt 0.680664 0.285156
vt 0.671875 0.286133
vt 0.680664 0.286133
vt 0.613281 0.265625
vt 0.615234 0.265625
vt 0.613281 0.274414
vt 0.615234 0.274414
vt 0.765625 0.172852
vt 0.767578 0.172852
vt 0.765625 0.164062
vt 0.767578 0.164062
vt 0.531250 0.320312
vt 0.533203 0.320312
vt 0.531250 0.321289
vt 0.533203 0.321289
vt 0.820312 0.031250
vt 0.822266 0.031250
vt 0.820312 0.032227
vt 0.822266 0.032227
vt 0.757812 0.046875
vt 0.763672 0.046875
vt 0.757812 0.050781
vt 0.763672 0.050781
vt 0.757812 0.042969
vt 0.763672 0.042969
vt 0.757812 0.046875
vt 0.763672 0.046875
vt 0.632812 0.226562
vt 0.637695 0.226562
vt 0.632812 0.232422
vt 0.637695 0.232422
vt 0.726562 0.142578
vt 0.731445 0.142578
vt 0.726562 0.136719
vt 0.731445 0.136719
vt 0.761719 0.203125
vt 0.766602 0.203125
vt 0.761719 0.207031
vt 0.766602 0.207031
vt 0.761719 0.207031
vt 0.766602 0.207031
vt 0.761719 0.210938
vt 0.766602 0.210938
vt 0.722656 0.093750
vt 0.738281 0.093750
vt 0.722656 0.095703
vt 0.738281 0.095703
vt 0.722656 0.078125
vt 0.738281 0.078125
vt 0.722656 0.080078
vt 0.738281 0.080078
vt 0.570312 0.144531
vt 0.574219 0.144531
vt 0.570312 0.160156
vt 0.574219 0.160156
vt 0.578125 0.183594
vt 0.582031 0.183594
vt 0.578125 0.167969
vt 0.582031 0.167969
vt 0.789062 0.089844
vt 0.792969 0.089844
vt 0.789062 0.091797
vt 0.792969 0.091797
vt 0.789062 0.093750
vt 0.792969 0.093750
vt 0.789062 0.095703
vt 0.792969 0.095703
vt 0.753906 0.277344
vt 0.766602 0.277344
vt 0.753906 0.278320
vt 0.766602 0.278320
vt 0.777344 0.250000
vt 0.790039 0.250000
vt 0.777344 0.250977
vt 0.790039 0.250977
vt 0.621094 0.238281
vt 0.623047 0.238281
vt 0.621094 0.250977
vt 0.623047 0.250977
vt 0.632812 0.250977
vt 0.634766 0.250977
vt 0.632812 0.238281
vt 0.634766 0.238281
vt 0.527344 0.320312
vt 0.529297 0.320312
vt 0.527344 0.321289
vt 0.529297 0.321289
vt 0.820312 0.027344
vt 0.822266 0.027344
vt 0.820312 0.028320
vt 0.822266 0.028320
vt 0.656250 0.285156
vt 0.659180 0.285156
vt 0.656250 0.288086
vt 0.659180 0.288086
vt 0.785156 0.152344
vt 0.788086 0.152344
vt 0.785156 0.155273
vt 0.788086 0.155273
vt 0.683594 0.300781
vt 0.685547 0.300781
vt 0.683594 0.303711
vt 0.685547 0.303711
vt 0.800781 0.186523
vt 0.802734 0.186523
vt 0.800781 0.183594
vt 0.802734 0.183594
vt 0.675781 0.300781
vt 0.677734 0.300781
vt 0.675781 0.303711
vt 0.677734 0.303711
vt 0.679688 0.300781
vt 0.681641 0.300781
vt 0.679688 0.303711
vt 0.681641 0.303711
vt 0.667969 0.285156
vt 0.670898 0.285156
vt 0.667969 0.288086
vt 0.670898 0.288086
vt 0.664062 0.285156
vt 0.666992 0.285156
vt 0.664062 0.288086
vt 0.666992 0.288086
vt 0.691406 0.300781
vt 0.693359 0.300781
vt 0.691406 0.303711
vt 0.693359 0.303711
vt 0.800781 0.194336
vt 0.802734 0.194336
vt 0.800781 0.191406
vt 0.802734 0.191406
vt 0.687500 0.300781
vt 0.689453 0.300781
vt 0.687500 0.303711
vt 0.689453 0.303711
vt 0.800781 0.187500
vt 0.802734 0.187500
vt 0.800781 0.190430
vt 0.802734 0.190430
vt 0.777344 0.246094
vt 0.790039 0.246094
vt 0.777344 0.247070
vt 0.790039 0.247070
vt 0.777344 0.242188
vt 0.790039 0.242188
vt 0.777344 0.243164
vt 0.790039 0.243164
vt 0.609375 0.238281
vt 0.611328 0.238281
vt 0.609375 0.250977
vt 0.611328 0.250977
vt 0.617188 0.250977
vt 0.619141 0.250977
vt 0.617188 0.238281
vt 0.619141 0.238281
vt 0.523438 0.320312
vt 0.525391 0.320312
vt 0.523438 0.321289
vt 0.525391 0.321289
vt 0.820312 0.023438
vt 0.822266 0.023438
vt 0.820312 0.024414
vt 0.822266 0.024414
vt 0.566406 0.312500
vt 0.568359 0.312500
vt 0.566406 0.314453
vt 0.568359 0.314453
vt 0.812500 0.062500
vt 0.814453 0.062500
vt 0.812500 0.064453
vt 0.814453 0.064453
vt 0.675781 0.101562
vt 0.703125 0.101562
vt 0.675781 0.103516
vt 0.703125 0.103516
vt 0.675781 0.107422
vt 0.703125 0.107422
vt 0.675781 0.105469
vt 0.703125 0.105469
vt 0.675781 0.082031
vt 0.703125 0.082031
vt 0.675781 0.083984
vt 0.703125 0.083984
vt 0.675781 0.085938
vt 0.703125 0.085938
vt 0.675781 0.087891
vt 0.703125 0.087891
vt 0.617188 0.050781
vt 0.632812 0.050781
vt 0.617188 0.061523
vt 0.632812 0.061523
vt 0.546875 0.117188
vt 0.562500 0.117188
vt 0.546875 0.127930
vt 0.562500 0.127930
vt 0.542969 0.226562
vt 0.544922 0.226562
vt 0.542969 0.242188
vt 0.544922 0.242188
vt 0.546875 0.242188
vt 0.548828 0.242188
vt 0.546875 0.226562
vt 0.548828 0.226562
vt 0.750000 0.257812
vt 0.751953 0.257812
vt 0.750000 0.268555
vt 0.751953 0.268555
vt 0.757812 0.253906
vt 0.759766 0.253906
vt 0.757812 0.264648
vt 0.759766 0.264648
vt 0.613281 0.289062
vt 0.617188 0.289062
vt 0.613281 0.291016
vt 0.617188 0.291016
vt 0.789062 0.109375
vt 0.792969 0.109375
vt 0.789062 0.111328
vt 0.792969 0.111328
vt 0.789062 0.113281
vt 0.791016 0.113281
vt 0.789062 0.117188
vt 0.791016 0.117188
vt 0.617188 0.292969
vt 0.619141 0.292969
vt 0.617188 0.289062
vt 0.619141 0.289062
vt 0.625000 0.312500
vt 0.626953 0.312500
vt 0.625000 0.314453
vt 0.626953 0.314453
vt 0.812500 0.125000
vt 0.814453 0.125000
vt 0.812500 0.126953
vt 0.814453 0.126953
vt 0.722656 0.171875
vt 0.738281 0.171875
vt 0.722656 0.173828
vt 0.738281 0.173828
vt 0.722656 0.167969
vt 0.738281 0.167969
vt 0.722656 0.169922
vt 0.738281 0.169922
vt 0.503906 0.226562
vt 0.505859 0.226562
vt 0.503906 0.242188
vt 0.505859 0.242188
vt 0.507812 0.242188
vt 0.509766 0.242188
vt 0.507812 0.226562
vt 0.509766 0.226562
vt 0.628906 0.312500
vt 0.630859 0.312500
vt 0.628906 0.314453
vt 0.630859 0.314453
vt 0.812500 0.128906
vt 0.814453 0.128906
vt 0.812500 0.130859
vt 0.814453 0.130859
vt 0.597656 0.316406
vt 0.598633 0.316406
vt 0.597656 0.319336
vt 0.598633 0.319336
vt 0.816406 0.093750
vt 0.817383 0.093750
vt 0.816406 0.096680
vt 0.817383 0.096680
vt 0.636719 0.312500
vt 0.640625 0.312500
vt 0.636719 0.313477
vt 0.640625 0.313477
vt 0.812500 0.137695
vt 0.816406 0.137695
vt 0.812500 0.136719
vt 0.816406 0.136719
vt 0.539062 0.246094
vt 0.542969 0.246094
vt 0.539062 0.249023
vt 0.542969 0.249023
vt 0.722656 0.246094
vt 0.726562 0.246094
vt 0.722656 0.249023
vt 0.726562 0.249023
vt 0.820312 0.050781
vt 0.821289 0.050781
vt 0.820312 0.052734
vt 0.821289 0.052734
vt 0.550781 0.320312
vt 0.551758 0.320312
vt 0.550781 0.322266
vt 0.551758 0.322266
vt 0.816406 0.089844
vt 0.819336 0.089844
vt 0.816406 0.090820
vt 0.819336 0.090820
vt 0.593750 0.317383
vt 0.596680 0.317383
vt 0.593750 0.316406
vt 0.596680 0.316406
vt 0.800781 0.222656
vt 0.803711 0.222656
vt 0.800781 0.224609
vt 0.803711 0.224609
vt 0.726562 0.300781
vt 0.729492 0.300781
vt 0.726562 0.302734
vt 0.729492 0.302734
vt 0.722656 0.300781
vt 0.725586 0.300781
vt 0.722656 0.302734
vt 0.725586 0.302734
vt 0.800781 0.218750
vt 0.803711 0.218750
vt 0.800781 0.220703
vt 0.803711 0.220703
vt 0.816406 0.085938
vt 0.817383 0.085938
vt 0.816406 0.088867
vt 0.817383 0.088867
vt 0.589844 0.319336
vt 0.590820 0.319336
vt 0.589844 0.316406
vt 0.590820 0.316406
vt 0.546875 0.320312
vt 0.547852 0.320312
vt 0.546875 0.322266
vt 0.547852 0.322266
vt 0.820312 0.046875
vt 0.821289 0.046875
vt 0.820312 0.048828
vt 0.821289 0.048828
vt 0.542969 0.324219
vt 0.543945 0.324219
vt 0.542969 0.325195
vt 0.543945 0.325195
vt 0.824219 0.039062
vt 0.825195 0.039062
vt 0.824219 0.040039
vt 0.825195 0.040039
vt 0.808594 0.226562
vt 0.813477 0.226562
vt 0.808594 0.227539
vt 0.813477 0.227539
vt 0.808594 0.231445
vt 0.813477 0.231445
vt 0.808594 0.230469
vt 0.813477 0.230469
vt 0.718750 0.308594
vt 0.723633 0.308594
vt 0.718750 0.309570
vt 0.723633 0.309570
vt 0.808594 0.218750
vt 0.813477 0.218750
vt 0.808594 0.219727
vt 0.813477 0.219727
vt 0.613281 0.140625
vt 0.605469 0.140625
vt 0.613281 0.152344
vt 0.605469 0.152344
vt 0.605469 0.140625
vt 0.613281 0.140625
vt 0.605469 0.152344
vt 0.613281 0.152344
vt 0.527344 0.269531
vt 0.529297 0.269531
vt 0.527344 0.277344
vt 0.529297 0.277344
vt 0.769531 0.035156
vt 0.771484 0.035156
vt 0.769531 0.027344
vt 0.771484 0.027344
vt 0.757812 0.109375
vt 0.759766 0.109375
vt 0.757812 0.121094
vt 0.759766 0.121094
vt 0.675781 0.257812
vt 0.677734 0.257812
vt 0.675781 0.269531
vt 0.677734 0.269531
vt 0.662109 0.160156
vt 0.656250 0.160156
vt 0.662109 0.171875
vt 0.656250 0.171875
vt 0.656250 0.160156
vt 0.662109 0.160156
vt 0.656250 0.171875
vt 0.662109 0.171875
vt 0.628906 0.281250
vt 0.630859 0.281250
vt 0.628906 0.287109
vt 0.630859 0.287109
vt 0.632812 0.287109
vt 0.634766 0.287109
vt 0.632812 0.281250
vt 0.634766 0.281250
vt 0.589844 0.257812
vt 0.591797 0.257812
vt 0.589844 0.269531
vt 0.591797 0.269531
vt 0.757812 0.097656
vt 0.759766 0.097656
vt 0.757812 0.109375
vt 0.759766 0.109375
vt 0.695312 0.187500
vt 0.710938 0.187500
vt 0.695312 0.190430
vt 0.710938 0.190430
vt 0.695312 0.183594
vt 0.710938 0.183594
vt 0.695312 0.186523
vt 0.710938 0.186523
vt 0.722656 0.222656
vt 0.724609 0.222656
vt 0.722656 0.238281
vt 0.724609 0.238281
vt 0.500000 0.242188
vt 0.501953 0.242188
vt 0.500000 0.226562
vt 0.501953 0.226562
vt 0.800781 0.203125
vt 0.802734 0.203125
vt 0.800781 0.206055
vt 0.802734 0.206055
vt 0.707031 0.300781
vt 0.708984 0.300781
vt 0.707031 0.303711
vt 0.708984 0.303711
vt 0.539062 0.218750
vt 0.541992 0.218750
vt 0.539062 0.230469
vt 0.541992 0.230469
vt 0.566406 0.214844
vt 0.569336 0.214844
vt 0.566406 0.226562
vt 0.569336 0.226562
vt 0.800781 0.207031
vt 0.802734 0.207031
vt 0.800781 0.209961
vt 0.802734 0.209961
vt 0.710938 0.303711
vt 0.712891 0.303711
vt 0.710938 0.300781
vt 0.712891 0.300781
vt 0.757812 0.175781
vt 0.759766 0.175781
vt 0.757812 0.187500
vt 0.759766 0.187500
vt 0.679688 0.257812
vt 0.681641 0.257812
vt 0.679688 0.269531
vt 0.681641 0.269531
vt 0.597656 0.140625
vt 0.605469 0.140625
vt 0.597656 0.152344
vt 0.605469 0.152344
vt 0.605469 0.140625
vt 0.597656 0.140625
vt 0.605469 0.152344
vt 0.597656 0.152344
vt 0.519531 0.269531
vt 0.521484 0.269531
vt 0.519531 0.277344
vt 0.521484 0.277344
vt 0.523438 0.277344
vt 0.525391 0.277344
vt 0.523438 0.269531
vt 0.525391 0.269531
vt 0.570312 0.257812
vt 0.572266 0.257812
vt 0.570312 0.269531
vt 0.572266 0.269531
vt 0.578125 0.257812
vt 0.580078 0.257812
vt 0.578125 0.269531
vt 0.580078 0.269531
vt 0.539062 0.207031
vt 0.541992 0.207031
vt 0.539062 0.218750
vt 0.541992 0.218750
vt 0.511719 0.183594
vt 0.514648 0.183594
vt 0.511719 0.195312
vt 0.514648 0.195312
vt 0.695312 0.300781
vt 0.697266 0.300781
vt 0.695312 0.303711
vt 0.697266 0.303711
vt 0.699219 0.303711
vt 0.701172 0.303711
vt 0.699219 0.300781
vt 0.701172 0.300781
vt 0.550781 0.257812
vt 0.552734 0.257812
vt 0.550781 0.269531
vt 0.552734 0.269531
vt 0.566406 0.257812
vt 0.568359 0.257812
vt 0.566406 0.269531
vt 0.568359 0.269531
vt 0.722656 0.152344
vt 0.738281 0.152344
vt 0.722656 0.154297
vt 0.738281 0.154297
vt 0.722656 0.132812
vt 0.738281 0.132812
vt 0.722656 0.134766
vt 0.738281 0.134766
vt 0.722656 0.207031
vt 0.724609 0.207031
vt 0.722656 0.222656
vt 0.724609 0.222656
vt 0.710938 0.238281
vt 0.712891 0.238281
vt 0.710938 0.222656
vt 0.712891 0.222656
vt 0.812500 0.105469
vt 0.814453 0.105469
vt 0.812500 0.107422
vt 0.814453 0.107422
vt 0.613281 0.312500
vt 0.615234 0.312500
vt 0.613281 0.314453
vt 0.615234 0.314453
vt 0.605469 0.289062
vt 0.609375 0.289062
vt 0.605469 0.291016
vt 0.609375 0.291016
vt 0.601562 0.289062
vt 0.605469 0.289062
vt 0.601562 0.291016
vt 0.605469 0.291016
vt 0.789062 0.105469
vt 0.791016 0.105469
vt 0.789062 0.109375
vt 0.791016 0.109375
vt 0.609375 0.292969
vt 0.611328 0.292969
vt 0.609375 0.289062
vt 0.611328 0.289062
vt 0.617188 0.312500
vt 0.619141 0.312500
vt 0.617188 0.314453
vt 0.619141 0.314453
vt 0.621094 0.312500
vt 0.623047 0.312500
vt 0.621094 0.314453
vt 0.623047 0.314453
vt 0.617188 0.039062
vt 0.632812 0.039062
vt 0.617188 0.049805
vt 0.632812 0.049805
vt 0.531250 0.113281
vt 0.546875 0.113281
vt 0.531250 0.124023
vt 0.546875 0.124023
vt 0.703125 0.222656
vt 0.705078 0.222656
vt 0.703125 0.238281
vt 0.705078 0.238281
vt 0.707031 0.238281
vt 0.708984 0.238281
vt 0.707031 0.222656
vt 0.708984 0.222656
vt 0.695312 0.257812
vt 0.697266 0.257812
vt 0.695312 0.268555
vt 0.697266 0.268555
vt 0.746094 0.257812
vt 0.748047 0.257812
vt 0.746094 0.268555
vt 0.748047 0.268555
vt 0.539062 0.324219
vt 0.540039 0.324219
vt 0.539062 0.325195
vt 0.540039 0.325195
vt 0.824219 0.035156
vt 0.825195 0.035156
vt 0.824219 0.036133
vt 0.825195 0.036133
vt 0.703125 0.308594
vt 0.708008 0.308594
vt 0.703125 0.309570
vt 0.708008 0.309570
vt 0.808594 0.215820
vt 0.813477 0.215820
vt 0.808594 0.214844
vt 0.813477 0.214844
vt 0.687500 0.308594
vt 0.692383 0.308594
vt 0.687500 0.309570
vt 0.692383 0.309570
vt 0.695312 0.308594
vt 0.700195 0.308594
vt 0.695312 0.309570
vt 0.700195 0.309570
vt 0.820312 0.042969
vt 0.821289 0.042969
vt 0.820312 0.044922
vt 0.821289 0.044922
vt 0.542969 0.320312
vt 0.543945 0.320312
vt 0.542969 0.322266
vt 0.543945 0.322266
vt 0.816406 0.078125
vt 0.819336 0.078125
vt 0.816406 0.079102
vt 0.819336 0.079102
vt 0.582031 0.317383
vt 0.584961 0.317383
vt 0.582031 0.316406
vt 0.584961 0.316406
vt 0.800781 0.214844
vt 0.803711 0.214844
vt 0.800781 0.216797
vt 0.803711 0.216797
vt 0.718750 0.300781
vt 0.721680 0.300781
vt 0.718750 0.302734
vt 0.721680 0.302734
vt 0.585938 0.316406
vt 0.586914 0.316406
vt 0.585938 0.319336
vt 0.586914 0.319336
vt 0.816406 0.082031
vt 0.817383 0.082031
vt 0.816406 0.084961
vt 0.817383 0.084961
vt 0.632812 0.312500
vt 0.636719 0.312500
vt 0.632812 0.313477
vt 0.636719 0.313477
vt 0.812500 0.133789
vt 0.816406 0.133789
vt 0.812500 0.132812
vt 0.816406 0.132812
vt 0.507812 0.242188
vt 0.511719 0.242188
vt 0.507812 0.245117
vt 0.511719 0.245117
vt 0.699219 0.242188
vt 0.703125 0.242188
vt 0.699219 0.245117
vt 0.703125 0.245117
vt 0.714844 0.300781
vt 0.717773 0.300781
vt 0.714844 0.302734
vt 0.717773 0.302734
vt 0.800781 0.210938
vt 0.803711 0.210938
vt 0.800781 0.212891
vt 0.803711 0.212891
vt 0.816406 0.074219
vt 0.817383 0.074219
vt 0.816406 0.077148
vt 0.817383 0.077148
vt 0.578125 0.319336
vt 0.579102 0.319336
vt 0.578125 0.316406
vt 0.579102 0.316406
vt 0.539062 0.320312
vt 0.540039 0.320312
vt 0.539062 0.322266
vt 0.540039 0.322266
vt 0.820312 0.039062
vt 0.821289 0.039062
vt 0.820312 0.041016
vt 0.821289 0.041016
vt 0.582031 0.160156
vt 0.587891 0.160156
vt 0.582031 0.171875
vt 0.587891 0.171875
vt 0.587891 0.160156
vt 0.582031 0.160156
vt 0.587891 0.171875
vt 0.582031 0.171875
vt 0.781250 0.121094
vt 0.783203 0.121094
vt 0.781250 0.126953
vt 0.783203 0.126953
vt 0.625000 0.287109
vt 0.626953 0.287109
vt 0.625000 0.281250
vt 0.626953 0.281250
vt 0.582031 0.257812
vt 0.583984 0.257812
vt 0.582031 0.269531
vt 0.583984 0.269531
vt 0.585938 0.257812
vt 0.587891 0.257812
vt 0.585938 0.269531
vt 0.587891 0.269531
vt 0.695312 0.167969
vt 0.710938 0.167969
vt 0.695312 0.170898
vt 0.710938 0.170898
vt 0.695312 0.089844
vt 0.710938 0.089844
vt 0.695312 0.092773
vt 0.710938 0.092773
vt 0.714844 0.222656
vt 0.716797 0.222656
vt 0.714844 0.238281
vt 0.716797 0.238281
vt 0.718750 0.238281
vt 0.720703 0.238281
vt 0.718750 0.222656
vt 0.720703 0.222656
vt 0.800781 0.199219
vt 0.802734 0.199219
vt 0.800781 0.202148
vt 0.802734 0.202148
vt 0.703125 0.300781
vt 0.705078 0.300781
vt 0.703125 0.303711
vt 0.705078 0.303711
vt 0.656250 0.261719
vt 0.659180 0.261719
vt 0.656250 0.268555
vt 0.659180 0.268555
vt 0.652344 0.261719
vt 0.655273 0.261719
vt 0.652344 0.268555
vt 0.655273 0.268555
vt 0.671875 0.269531
vt 0.676758 0.269531
vt 0.671875 0.272461
vt 0.676758 0.272461
vt 0.769531 0.174805
vt 0.774414 0.174805
vt 0.769531 0.171875
vt 0.774414 0.171875
vt 0.722656 0.007812
vt 0.727539 0.007812
vt 0.722656 0.014648
vt 0.727539 0.014648
vt 0.511719 0.222656
vt 0.516602 0.222656
vt 0.511719 0.229492
vt 0.516602 0.229492
vt 0.664062 0.261719
vt 0.666992 0.261719
vt 0.664062 0.268555
vt 0.666992 0.268555
vt 0.660156 0.261719
vt 0.663086 0.261719
vt 0.660156 0.268555
vt 0.663086 0.268555
vt 0.769531 0.183594
vt 0.774414 0.183594
vt 0.769531 0.186523
vt 0.774414 0.186523
vt 0.769531 0.190430
vt 0.774414 0.190430
vt 0.769531 0.187500
vt 0.774414 0.187500
vt 0.722656 0.015625
vt 0.727539 0.015625
vt 0.722656 0.022461
vt 0.727539 0.022461
vt 0.519531 0.222656
vt 0.524414 0.222656
vt 0.519531 0.229492
vt 0.524414 0.229492
vt 0.728418 0.332031
vt 0.730469 0.332031
vt 0.728418 0.333692
vt 0.730469 0.333692
vt 0.728418 0.332031
vt 0.730469 0.332031
vt 0.728418 0.333692
vt 0.730469 0.333692
vt 0.728418 0.332031
vt 0.730469 0.332031
vt 0.728418 0.333692
vt 0.730469 0.333692
vt 0.728418 0.332031
vt 0.730469 0.332031
vt 0.728418 0.333692
vt 0.730469 0.333692
vt 0.721680 0.332031
vt 0.730469 0.332031
vt 0.721680 0.345703
vt 0.730469 0.345703
vt 0.730469 0.332031
vt 0.721680 0.332031
vt 0.730469 0.345703
vt 0.721680 0.345703
vn -1.000000 0.000000 0.000000
vn -1.000000 0.000000 0.000000
vn -1.000000 0.000000 0.000000
vn -1.000000 0.000000 0.000000
vn 1.000000 0.000000 0.000000
vn 1.000000 0.000000 0.000000
vn 1.000000 0.000000 0.000000
vn 1.000000 0.000000 0.000000
vn -0.000000 1.000000 0.000000
vn -0.000000 1.000000 0.000000
vn -0.000000 1.000000 0.000000
vn -0.000000 1.000000 0.000000
vn -0.000000 -1.000000 0.000000
vn -0.000000 -1.000000 0.000000
vn -0.000000 -1.000000 0.000000
vn -0.000000 -1.000000 0.000000
vn -0.000000 0.000000 1.000000
vn -0.000000 0.000000 1.000000
vn -0.000000 0.000000 1.000000
vn -0.000000 0.000000 1.000000
vn -0.000000 0.000000 -1.000000
vn -0.000000 0.000000 -1.000000
vn -0.000000 0.000000 -1.000000
vn -0.000000 0.000000 -1.000000
vn -1.000000 0.000000 0.000000
vn -1.000000 0.000000 0.000000
vn -1.000000 0.000000 0.000000
vn -1.000000 0.000000 0.000000
vn 1.000000 0.000000 0.000000
vn 1.000000 0.000000 0.000000
vn 1.000000 0.000000 0.000000
vn 1.000000 0.000000 0.000000
vn -0.000000 1.000000 0.000000
vn -0.000000 1.000000 0.000000
vn -0.000000 1.000000 0.000000
vn -0.000000 1.000000 0.000000
vn -0.000000 -1.000000 0.000000
vn -0.000000 -1.000000 0.000000
vn -0.000000 -1.000000 0.000000
vn -0.000000 -1.000000 0.000000
vn -0.000000 0.000000 1.000000
vn -0.000000 0.000000 1.000000
vn -0.000000 0.000000 1.000000
vn -0.000000 0.000000 1.000000
vn -0.000000 0.000000 -1.000000
vn -0.000000 0.000000 -1.000000
vn -0.000000 0.000000 -1.000000
vn -0.000000 0.000000 -1.000000
vn -1.000000 0.000000 0.000000
vn -1.000000 0.000000 0.000000
vn -1.000000 0.000000 0.000000
vn -1.000000 0.000000 0.000000
vn 1.000000 0.000000 0.000000
vn 1.000000 0.000000 0.000000
vn 1.000000 0.000000 0.000000
vn 1.000000 0.000000 0.000000
vn -0.000000 1.000000 0.000000
vn -0.000000 1.000000 0.000000
vn -0.000000 1.000000 0.000000
vn -0.000000 1.000000 0.000000
vn -0.000000 -1.000000 0.000000
vn -0.000000 -1.000000 0.000000
vn -0.000000 -1.000000 0.000000
vn -0.000000 -1.000000 0.000000
vn -0.000000 0.000000 1.000000
vn -0.000000 0.000000 1.000000
vn -0.000000 0.000000 1.000000
vn -0.000000 0.000000 1.000000
vn -0.000000 0.000000 -1.000000
vn -0.000000 0.000000 -1.000000
vn -0.000000 0.000000 -1.000000
vn -0.000000 0.000000 -1.000000
vn -0.923880 0.000000 0.382683
vn -0.923880 0.000000 0.382683
vn -0.923880 0.000000 0.382683
vn -0.923880 0.000000 0.382683
vn 0.923880 0.000000 -0.382683
vn 0.923880 0.000000 -0.382683
vn 0.923880 0.000000 -0.382683
vn 0.923880 0.000000 -0.382683
vn -0.000000 1.000000 0.000000
vn -0.000000 1.000000 0.000000
vn -0.000000 1.000000 0.000000
vn -0.000000 1.000000 0.000000
vn -0.000000 -1.000000 0.000000
vn -0.000000 -1.000000 0.000000
vn -0.000000 -1.000000 0.000000
vn -0.000000 -1.000000 0.000000
vn 0.382683 0.000000 0.923880
vn 0.382683 0.000000 0.923880
vn 0.382683 0.000000 0.923880
vn 0.382683 0.000000 0.923880
vn -0.382683 0.000000 -0.923880
vn -0.382683 0.000000 -0.923880
vn -0.382683 0.000000 -0.923880
vn -0.382683 0.000000 -0.923880
vn -1.000000 0.000000 0.000000
vn -1.000000 0.000000 0.000000
vn -1.000000 0.000000 0.000000
vn -1.000000 0.000000 0.000000
vn 1.000000 0.000000 0.000000
vn 1.000000 0.000000 0.000000
vn 1.000000 0.000000 0.000000
vn 1.000000 0.000000 0.000000
vn -0.000000 1.000000 0.000000
vn -0.000000 1.000000 0.000000
vn -0.000000 1.000000 0.000000
vn -0.000000 1.000000 0.000000
vn -0.000000 -1.000000 0.000000
vn -0.000000 -1.000000 0.000000
vn -0.000000 -1.000000 0.000000
vn -0.000000 -1.000000 0.000000
vn -0.000000 0.000000 1.000000
vn -0.000000 0.000000 1.000000
vn -0.000000 0.000000 1.000000
vn -0.000000 0.000000 1.000000
vn -0.000000 0.000000 -1.000000
vn -0.000000 0.000000 -1.000000
vn -0.000000 0.000000 -1.000000
vn -0.000000 0.000000 -1.000000
vn -1.000000 0.000000 0.000000
vn -1.000000 0.000000 0.000000
vn -1.000000 0.000000 0.000000
vn -1.000000 0.000000 0.000000
vn 1.000000 0.000000 0.000000
vn 1.000000 0.000000 0.000000
vn 1.000000 0.000000 0.000000
vn 1.000000 0.000000 0.000000
vn -0.000000 1.000000 0.000000
vn -0.000000 1.000000 0.000000
vn -0.000000 1.000000 0.000000
vn -0.000000 1.000000 0.000000
vn -0.000000 -1.000000 0.000000
vn -0.000000 -1.000000 0.000000
vn -0.000000 -1.000000 0.000000
vn -0.000000 -1.000000 0.000000
vn -0.000000 0.000000 1.000000
vn -0.000000 0.000000 1.000000
vn -0.000000 0.000000 1.000000
vn -0.000000 0.000000 1.000000
vn -0.000000 0.000000 -1.000000
vn -0.000000 0.000000 -1.000000
vn -0.000000 0.000000 -1.000000
vn -0.000000 0.000000 -1.000000
vn -1.000000 0.000000 0.000000
vn -1.000000 0.000000 0.000000
vn -1.000000 0.000000 0.000000
vn -1.000000 0.000000 0.000000
vn 1.000000 0.000000 0.000000
vn 1.000000 0.000000 0.000000
vn 1.000000 0.000000 0.000000
vn 1.000000 0.000000 0.000000
vn -0.000000 1.000000 0.000000
vn -0.000000 1.000000 0.000000
vn -0.000000 1.000000 0.000000
vn -0.000000 1.000000 0.000000
vn -0.000000 -1.000000 0.000000
vn -0.000000 -1.000000 0.000000
vn -0.000000 -1.000000 0.000000
vn -0.000000 -1.000000 0.000000
vn -0.000000 0.000000 1.000000
vn -0.000000 0.000000 1.000000
vn -0.000000 0.000000 1.000000
vn -0.000000 0.000000 1.000000
vn -0.000000 0.000000 -1.000000
vn -0.000000 0.000000 -1.000000
vn -0.000000 0.000000 -1.000000
vn -0.000000 0.000000 -1.000000
vn -1.000000 0.000000 0.000000
vn -1.000000 0.000000 0.000000
vn -1.000000 0.000000 0.000000
vn -1.000000 0.000000 0.000000
vn 1.000000 0.000000 0.000000
vn 1.000000 0.000000 0.000000
vn 1.000000 0.000000 0.000000
vn 1.000000 0.000000 0.000000
vn -0.000000 0.707107 0.707107
vn -0.000000 0.707107 0.707107
vn -0.000000 0.707107 0.707107
vn -0.000000 0.707107 0.707107
vn -0.000000 -0.707107 -0.707107
vn -0.000000 -0.707107 -0.707107
vn -0.000000 -0.707107 -0.707107
vn -0.000000 -0.707107 -0.707107
vn -0.000000 -0.707107 0.707107
vn -0.000000 -0.707107 0.707107
vn -0.000000 -0.707107 0.707107
vn -0.000000 -0.707107 0.707107
vn -0.000000 0.707107 -0.707107
vn -0.000000 0.707107 -0.707107
vn -0.000000 0.707107 -0.707107
vn -0.000000 0.707107 -0.707107
vn -1.000000 0.000000 0.000000
vn -1.000000 0.000000 0.000000
vn -1.000000 0.000000 0.000000
vn -1.000000 0.000000 0.000000
vn 1.000000 0.000000 0.000000
vn 1.000000 0.000000 0.000000
vn 1.000000 0.000000 0.000000
vn 1.000000 0.000000 0.000000
vn -0.000000 1.000000 0.000000
vn -0.000000 1.000000 0.000000
vn -0.000000 1.000000 0.000000
vn -0.000000 1.000000 0.000000
vn -0.000000 -1.000000 0.000000
vn -0.000000 -1.000000 0.000000
vn -0.000000 -1.000000 0.000000
vn -0.000000 -1.000000 0.000000
vn -0.000000 0.000000 1.000000
vn -0.000000 0.000000 1.000000
vn -0.000000 0.000000 1.000000
vn -0.000000 0.000000 1.000000
vn -0.000000 0.000000 -1.000000
vn -0.000000 0.000000 -1.000000
vn -0.000000 0.000000 -1.000000
vn -0.000000 0.000000 -1.000000
vn -1.000000 0.000000 0.000000
vn -1.000000 0.000000 0.000000
vn -1.000000 0.000000 0.000000
vn -1.000000 0.000000 0.000000
vn 1.000000 0.000000 0.000000
vn 1.000000 0.000000 0.000000
vn 1.000000 0.000000 0.000000
vn 1.000000 0.000000 0.000000
vn -0.000000 0.923880 0.382683
vn -0.000000 0.923880 0.382683
vn -0.000000 0.923880 0.382683
vn -0.000000 0.923880 0.382683
vn -0.000000 -0.923880 -0.382683
vn -0.000000 -0.923880 -0.382683
vn -0.000000 -0.923880 -0.382683
vn -0.000000 -0.923880 -0.382683
vn -0.000000 -0.382683 0.923880
vn -0.000000 -0.382683 0.923880
vn -0.000000 -0.382683 0.923880
vn -0.000000 -0.382683 0.923880
vn -0.000000 0.382683 -0.923880
vn -0.000000 0.382683 -0.923880
vn -0.000000 0.382683 -0.923880
vn -0.000000 0.382683 -0.923880
vn -1.000000 0.000000 0.000000
vn -1.000000 0.000000 0.000000
vn -1.000000 0.000000 0.000000
vn -1.000000 0.000000 0.000000
vn 1.000000 0.000000 0.000000
vn 1.000000 0.000000 0.000000
vn 1.000000 0.000000 0.000000
vn 1.000000 0.000000 0.000000
vn -0.000000 0.923880 -0.382683
vn -0.000000 0.923880 -0.382683
vn -0.000000 0.923880 -0.382683
vn -0.000000 0.923880 -0.382683
vn -0.000000 -0.923880 0.382683
vn -0.000000 -0.923880 0.382683
vn -0.000000 -0.923880 0.382683
vn -0.000000 -0.923880 0.382683
vn -0.000000 0.382683 0.923880
vn -0.000000 0.382683 0.923880
vn -0.000000 0.382683 0.923880
vn -0.000000 0.382683 0.923880
vn -0.000000 -0.382683 -0.923880
vn -0.000000 -0.382683 -0.923880
vn -0.000000 -0.382683 -0.923880
vn -0.000000 -0.382683 -0.923880
vn -1.000000 0.000000 0.000000
vn -1.000000 0.000000 0.000000
vn -1.000000 0.000000 0.000000
vn -1.000000 0.000000 0.000000
vn 1.000000 0.000000 0.000000
vn 1.000000 0.000000 0.000000
vn 1.000000 0.000000 0.000000
vn 1.000000 0.000000 0.000000
vn -0.000000 1.000000 0.000000
vn -0.000000 1.000000 0.000000
vn -0.000000 1.000000 0.000000
vn -0.000000 1.000000 0.000000
vn -0.000000 -1.000000 0.000000
vn -0.000000 -1.000000 0.000000
vn -0.000000 -1.000000 0.000000
vn -0.000000 -1.000000 0.000000
vn -0.000000 0.000000 1.000000
vn -0.000000 0.000000 1.000000
vn -0.000000 0.000000 1.000000
vn -0.000000 0.000000 1.000000
vn -0.000000 0.000000 -1.000000
vn -0.000000 0.000000 -1.000000
vn -0.000000 0.000000 -1.000000
vn -0.000000 0.000000 -1.000000
vn -1.000000 0.000000 0.000000
vn -1.000000 0.000000 0.000000
vn -1.000000 0.000000 0.000000
vn -1.000000 0.000000 0.000000
vn 1.000000 0.000000 0.000000
vn 1.000000 0.000000 0.000000
vn 1.000000 0.000000 0.000000
vn 1.000000 0.000000 0.000000
vn -0.000000 1.000000 0.000000
vn -0.000000 1.000000 0.000000
vn -0.000000 1.000000 0.000000
vn -0.000000 1.000000 0.000000
vn -0.000000 -1.000000 0.000000
vn -0.000000 -1.000000 0.000000
vn -0.000000 -1.000000 0.000000
vn -0.000000 -1.000000 0.000000
vn -0.000000 0.000000 1.000000
vn -0.000000 0.000000 1.000000
vn -0.000000 0.000000 1.000000
vn -0.000000 0.000000 1.000000
vn -0.000000 0.000000 -1.000000
vn -0.000000 0.000000 -1.000000
vn -0.000000 0.000000 -1.000000
vn -0.000000 0.000000 -1.000000
vn -1.000000 0.000000 0.000000
vn -1.000000 0.000000 0.000000
vn -1.000000 0.000000 0.000000
vn -1.000000 0.000000 0.000000
vn 1.000000 0.000000 0.000000
vn 1.000000 0.000000 0.000000
vn 1.000000 0.000000 0.000000
vn 1.000000 0.000000 0.000000
vn -0.000000 1.000000 0.000000
vn -0.000000 1.000000 0.000000
vn -0.000000 1.000000 0.000000
vn -0.000000 1.000000 0.000000
vn -0.000000 -1.000000 0.000000
vn -0.000000 -1.000000 0.000000
vn -0.000000 -1.000000 0.000000
vn -0.000000 -1.000000 0.000000
vn -0.000000 0.000000 1.000000
vn -0.000000 0.000000 1.000000
vn -0.000000 0.000000 1.000000
vn -0.000000 0.000000 1.000000
vn -0.000000 0.000000 -1.000000
vn -0.000000 0.000000 -1.000000
vn -0.000000 0.000000 -1.000000
vn -0.000000 0.000000 -1.000000
vn -1.000000 0.000000 0.000000
vn -1.000000 0.000000 0.000000
vn -1.000000 0.000000 0.000000
vn -1.000000 0.000000 0.000000
vn 1.000000 0.000000 0.000000
vn 1.000000 0.000000 0.000000
vn 1.000000 0.000000 0.000000
vn 1.000000 0.000000 0.000000
vn -0.000000 1.000000 0.000000
vn -0.000000 1.000000 0.000000
vn -0.000000 1.000000 0.000000
vn -0.000000 1.000000 0.000000
vn -0.000000 -1.000000 0.000000
vn -0.000000 -1.000000 0.000000
vn -0.000000 -1.000000 0.000000
vn -0.000000 -1.000000 0.000000
vn -0.000000 0.000000 1.000000
vn -0.000000 0.000000 1.000000
vn -0.000000 0.000000 1.000000
vn -0.000000 0.000000 1.000000
vn -0.000000 0.000000 -1.000000
vn -0.000000 0.000000 -1.000000
vn -0.000000 0.000000 -1.000000
vn -0.000000 0.000000 -1.000000
vn -1.000000 0.000000 0.000000
vn -1.000000 0.000000 0.000000
vn -1.000000 0.000000 0.000000
vn -1.000000 0.000000 0.000000
vn 1.000000 0.000000 0.000000
vn 1.000000 0.000000 0.000000
vn 1.000000 0.000000 0.000000
vn 1.000000 0.000000 0.000000
vn -0.000000 0.923880 0.382683
vn -0.000000 0.923880 0.382683
vn -0.000000 0.923880 0.382683
vn -0.000000 0.923880 0.382683
vn -0.000000 -0.923880 -0.382683
vn -0.000000 -0.923880 -0.382683
vn -0.000000 -0.923880 -0.382683
vn -0.000000 -0.923880 -0.382683
vn -0.000000 -0.382683 0.923880
vn -0.000000 -0.382683 0.923880
vn -0.000000 -0.382683 0.923880
vn -0.000000 -0.382683 0.923880
vn -0.000000 0.382683 -0.923880
vn -0.000000 0.382683 -0.923880
vn -0.000000 0.382683 -0.923880
vn -0.000000 0.382683 -0.923880
vn -1.000000 0.000000 0.000000
vn -1.000000 0.000000 0.000000
vn -1.000000 0.000000 0.000000
vn -1.000000 0.000000 0.000000
vn 1.000000 0.000000 0.000000
vn 1.000000 0.000000 0.000000
vn 1.000000 0.000000 0.000000
vn 1.000000 0.000000 0.000000
vn -0.000000 0.923880 0.382683
vn -0.000000 0.923880 0.382683
vn -0.000000 0.923880 0.382683
vn -0.000000 0.923880 0.382683
vn -0.000000 -0.923880 -0.382683
vn -0.000000 -0.923880 -0.382683
vn -0.000000 -0.923880 -0.382683
vn -0.000000 -0.923880 -0.382683
vn -0.000000 -0.382683 0.923880
vn -0.000000 -0.382683 0.923880
vn -0.000000 -0.382683 0.923880
vn -0.000000 -0.382683 0.923880
vn -0.000000 0.382683 -0.923880
vn -0.000000 0.382683 -0.923880
vn -0.000000 0.382683 -0.923880
vn -0.000000 0.382683 -0.923880
vn -1.000000 0.000000 0.000000
vn -1.000000 0.000000 0.000000
vn -1.000000 0.000000 0.000000
vn -1.000000 0.000000 0.000000
vn 1.000000 0.000000 0.000000
vn 1.000000 0.000000 0.000000
vn 1.000000 0.000000 0.000000
vn 1.000000 0.000000 0.000000
vn -0.000000 0.923880 -0.382683
vn -0.000000 0.923880 -0.382683
vn -0.000000 0.923880 -0.382683
vn -0.000000 0.923880 -0.382683
vn -0.000000 -0.923880 0.382683
vn -0.000000 -0.923880 0.382683
vn -0.000000 -0.923880 0.382683
vn -0.000000 -0.923880 0.382683
vn -0.000000 0.382683 0.923880
vn -0.000000 0.382683 0.923880
vn -0.000000 0.382683 0.923880
vn -0.000000 0.382683 0.923880
vn -0.000000 -0.382683 -0.923880
vn -0.000000 -0.382683 -0.923880
vn -0.000000 -0.382683 -0.923880
vn -0.000000 -0.382683 -0.923880
vn -1.000000 0.000000 0.000000
vn -1.000000 0.000000 0.000000
vn -1.000000 0.000000 0.000000
vn -1.000000 0.000000 0.000000
vn 1.000000 0.000000 0.000000
vn 1.000000 0.000000 0.000000
vn 1.000000 0.000000 0.000000
vn 1.000000 0.000000 0.000000
vn -0.000000 0.923880 -0.382683
vn -0.000000 0.923880 -0.382683
vn -0.000000 0.923880 -0.382683
vn -0.000000 0.923880 -0.382683
vn -0.000000 -0.923880 0.382683
vn -0.000000 -0.923880 0.382683
vn -0.000000 -0.923880 0.382683
vn -0.000000 -0.923880 0.382683
vn -0.000000 0.382683 0.923880
vn -0.000000 0.382683 0.923880
vn -0.000000 0.382683 0.923880
vn -0.000000 0.382683 0.923880
vn -0.000000 -0.382683 -0.923880
vn -0.000000 -0.382683 -0.923880
vn -0.000000 -0.382683 -0.923880
vn -0.000000 -0.382683 -0.923880
vn -1.000000 0.000000 0.000000
vn -1.000000 0.000000 0.000000
vn -1.000000 0.000000 0.000000
vn -1.000000 0.000000 0.000000
vn 1.000000 0.000000 0.000000
vn 1.000000 0.000000 0.000000
vn 1.000000 0.000000 0.000000
vn 1.000000 0.000000 0.000000
vn -0.000000 0.707107 -0.707107
vn -0.000000 0.707107 -0.707107
vn -0.000000 0.707107 -0.707107
vn -0.000000 0.707107 -0.707107
vn -0.000000 -0.707107 0.707107
vn -0.000000 -0.707107 0.707107
vn -0.000000 -0.707107 0.707107
vn -0.000000 -0.707107 0.707107
vn -0.000000 0.707107 0.707107
vn -0.000000 0.707107 0.707107
vn -0.000000 0.707107 0.707107
vn -0.000000 0.707107 0.707107
vn -0.000000 -0.707107 -0.707107
vn -0.000000 -0.707107 -0.707107
vn -0.000000 -0.707107 -0.707107
vn -0.000000 -0.707107 -0.707107
vn -1.000000 0.000000 0.000000
vn -1.000000 0.000000 0.000000
vn -1.000000 0.000000 0.000000
vn -1.000000 0.000000 0.000000
vn 1.000000 0.000000 0.000000
vn 1.000000 0.000000 0.000000
vn 1.000000 0.000000 0.000000
vn 1.000000 0.000000 0.000000
vn -0.000000 1.000000 0.000000
vn -0.000000 1.000000 0.000000
vn -0.000000 1.000000 0.000000
vn -0.000000 1.000000 0.000000
vn -0.000000 -1.000000 0.000000
vn -0.000000 -1.000000 0.000000
vn -0.000000 -1.000000 0.000000
vn -0.000000 -1.000000 0.000000
vn -0.000000 0.000000 1.000000
vn -0.000000 0.000000 1.000000
vn -0.000000 0.000000 1.000000
vn -0.000000 0.000000 1.000000
vn -0.000000 0.000000 -1.000000
vn -0.000000 0.000000 -1.000000
vn -0.000000 0.000000 -1.000000
vn -0.000000 0.000000 -1.000000
vn -0.923880 -0.382683 0.000000
vn -0.923880 -0.382683 0.000000
vn -0.923880 -0.382683 0.000000
vn -0.923880 -0.382683 0.000000
vn 0.923880 0.382683 0.000000
vn 0.923880 0.382683 0.000000
vn 0.923880 0.382683 0.000000
vn 0.923880 0.382683 0.000000
vn -0.382683 0.923880 0.000000
vn -0.382683 0.923880 0.000000
vn -0.382683 0.923880 0.000000
vn -0.382683 0.923880 0.000000
vn 0.382683 -0.923880 0.000000
vn 0.382683 -0.923880 0.000000
vn 0.382683 -0.923880 0.000000
vn 0.382683 -0.923880 0.000000
vn -0.000000 0.000000 1.000000
vn -0.000000 0.000000 1.000000
vn -0.000000 0.000000 1.000000
vn -0.000000 0.000000 1.000000
vn -0.000000 0.000000 -1.000000
vn -0.000000 0.000000 -1.000000
vn -0.000000 0.000000 -1.000000
vn -0.000000 0.000000 -1.000000
vn -1.000000 0.000000 0.000000
vn -1.000000 0.000000 0.000000
vn -1.000000 0.000000 0.000000
vn -1.000000 0.000000 0.000000
vn 1.000000 0.000000 0.000000
vn 1.000000 0.000000 0.000000
vn 1.000000 0.000000 0.000000
vn 1.000000 0.000000 0.000000
vn -0.000000 1.000000 0.000000
vn -0.000000 1.000000 0.000000
vn -0.000000 1.000000 0.000000
vn -0.000000 1.000000 0.000000
vn -0.000000 -1.000000 0.000000
vn -0.000000 -1.000000 0.000000
vn -0.000000 -1.000000 0.000000
vn -0.000000 -1.000000 0.000000
vn -0.000000 0.000000 1.000000
vn -0.000000 0.000000 1.000000
vn -0.000000 0.000000 1.000000
vn -0.000000 0.000000 1.000000
vn -0.000000 0.000000 -1.000000
vn -0.000000 0.000000 -1.000000
vn -0.000000 0.000000 -1.000000
vn -0.000000 0.000000 -1.000000
vn -1.000000 0.000000 0.000000
vn -1.000000 0.000000 0.000000
vn -1.000000 0.000000 0.000000
vn -1.000000 0.000000 0.000000
vn 1.000000 0.000000 0.000000
vn 1.000000 0.000000 0.000000
vn 1.000000 0.000000 0.000000
vn 1.000000 0.000000 0.000000
vn -0.000000 1.000000 0.000000
vn -0.000000 1.000000 0.000000
vn -0.000000 1.000000 0.000000
vn -0.000000 1.000000 0.000000
vn -0.000000 -1.000000 0.000000
vn -0.000000 -1.000000 0.000000
vn -0.000000 -1.000000 0.000000
vn -0.000000 -1.000000 0.000000
vn -0.000000 0.000000 1.000000
vn -0.000000 0.000000 1.000000
vn -0.000000 0.000000 1.000000
vn -0.000000 0.000000 1.000000
vn -0.000000 0.000000 -1.000000
vn -0.000000 0.000000 -1.000000
vn -0.000000 0.000000 -1.000000
vn -0.000000 0.000000 -1.000000
vn -1.000000 0.000000 0.000000
vn -1.000000 0.000000 0.000000
vn -1.000000 0.000000 0.000000
vn -1.000000 0.000000 0.000000
vn 1.000000 0.000000 0.000000
vn 1.000000 0.000000 0.000000
vn 1.000000 0.000000 0.000000
vn 1.000000 0.000000 0.000000
vn -0.000000 1.000000 0.000000
vn -0.000000 1.000000 0.000000
vn -0.000000 1.000000 0.000000
vn -0.000000 1.000000 0.000000
vn -0.000000 -1.000000 0.000000
vn -0.000000 -1.000000 0.000000
vn -0.000000 -1.000000 0.000000
vn -0.000000 -1.000000 0.000000
vn -0.000000 0.000000 1.000000
vn -0.000000 0.000000 1.000000
vn -0.000000 0.000000 1.000000
vn -0.000000 0.000000 1.000000
vn -0.000000 0.000000 -1.000000
vn -0.000000 0.000000 -1.000000
vn -0.000000 0.000000 -1.000000
vn -0.000000 0.000000 -1.000000
vn -1.000000 0.000000 0.000000
vn -1.000000 0.000000 0.000000
vn -1.000000 0.000000 0.000000
vn -1.000000 0.000000 0.000000
vn 1.000000 0.000000 0.000000
vn 1.000000 0.000000 0.000000
vn 1.000000 0.000000 0.000000
vn 1.000000 0.000000 0.000000
vn -0.000000 1.000000 0.000000
vn -0.000000 1.000000 0.000000
vn -0.000000 1.000000 0.000000
vn -0.000000 1.000000 0.000000
vn -0.000000 -1.000000 0.000000
vn -0.000000 -1.000000 0.000000
vn -0.000000 -1.000000 0.000000
vn -0.000000 -1.000000 0.000000
vn -0.000000 0.000000 1.000000
vn -0.000000 0.000000 1.000000
vn -0.000000 0.000000 1.000000
vn -0.000000 0.000000 1.000000
vn -0.000000 0.000000 -1.000000
vn -0.000000 0.000000 -1.000000
vn -0.000000 0.000000 -1.000000
vn -0.000000 0.000000 -1.000000
vn -1.000000 0.000000 0.000000
vn -1.000000 0.000000 0.000000
vn -1.000000 0.000000 0.000000
vn -1.000000 0.000000 0.000000
vn 1.000000 0.000000 0.000000
vn 1.000000 0.000000 0.000000
vn 1.000000 0.000000 0.000000
vn 1.000000 0.000000 0.000000
vn -0.000000 1.000000 0.000000
vn -0.000000 1.000000 0.000000
vn -0.000000 1.000000 0.000000
vn -0.000000 1.000000 0.000000
vn -0.000000 -1.000000 0.000000
vn -0.000000 -1.000000 0.000000
vn -0.000000 -1.000000 0.000000
vn -0.000000 -1.000000 0.000000
vn -0.000000 0.000000 1.000000
vn -0.000000 0.000000 1.000000
vn -0.000000 0.000000 1.000000
vn -0.000000 0.000000 1.000000
vn -0.000000 0.000000 -1.000000
vn -0.000000 0.000000 -1.000000
vn -0.000000 0.000000 -1.000000
vn -0.000000 0.000000 -1.000000
vn -1.000000 0.000000 0.000000
vn -1.000000 0.000000 0.000000
vn -1.000000 0.000000 0.000000
vn -1.000000 0.000000 0.000000
vn 1.000000 0.000000 0.000000
vn 1.000000 0.000000 0.000000
vn 1.000000 0.000000 0.000000
vn 1.000000 0.000000 0.000000
vn -0.000000 1.000000 0.000000
vn -0.000000 1.000000 0.000000
vn -0.000000 1.000000 0.000000
vn -0.000000 1.000000 0.000000
vn -0.000000 -1.000000 0.000000
vn -0.000000 -1.000000 0.000000
vn -0.000000 -1.000000 0.000000
vn -0.000000 -1.000000 0.000000
vn -0.000000 0.000000 1.000000
vn -0.000000 0.000000 1.000000
vn -0.000000 0.000000 1.000000
vn -0.000000 0.000000 1.000000
vn -0.000000 0.000000 -1.000000
vn -0.000000 0.000000 -1.000000
vn -0.000000 0.000000 -1.000000
vn -0.000000 0.000000 -1.000000
vn -1.000000 0.000000 0.000000
vn -1.000000 0.000000 0.000000
vn -1.000000 0.000000 0.000000
vn -1.000000 0.000000 0.000000
vn 1.000000 0.000000 0.000000
vn 1.000000 0.000000 0.000000
vn 1.000000 0.000000 0.000000
vn 1.000000 0.000000 0.000000
vn -0.000000 1.000000 0.000000
vn -0.000000 1.000000 0.000000
vn -0.000000 1.000000 0.000000
vn -0.000000 1.000000 0.000000
vn -0.000000 -1.000000 0.000000
vn -0.000000 -1.000000 0.000000
vn -0.000000 -1.000000 0.000000
vn -0.000000 -1.000000 0.000000
vn -0.000000 0.000000 1.000000
vn -0.000000 0.000000 1.000000
vn -0.000000 0.000000 1.000000
vn -0.000000 0.000000 1.000000
vn -0.000000 0.000000 -1.000000
vn -0.000000 0.000000 -1.000000
vn -0.000000 0.000000 -1.000000
vn -0.000000 0.000000 -1.000000
vn -1.000000 0.000000 0.000000
vn -1.000000 0.000000 0.000000
vn -1.000000 0.000000 0.000000
vn -1.000000 0.000000 0.000000
vn 1.000000 0.000000 0.000000
vn 1.000000 0.000000 0.000000
vn 1.000000 0.000000 0.000000
vn 1.000000 0.000000 0.000000
vn -0.000000 1.000000 0.000000
vn -0.000000 1.000000 0.000000
vn -0.000000 1.000000 0.000000
vn -0.000000 1.000000 0.000000
vn -0.000000 -1.000000 0.000000
vn -0.000000 -1.000000 0.000000
vn -0.000000 -1.000000 0.000000
vn -0.000000 -1.000000 0.000000
vn -0.000000 0.000000 1.000000
vn -0.000000 0.000000 1.000000
vn -0.000000 0.000000 1.000000
vn -0.000000 0.000000 1.000000
vn -0.000000 0.000000 -1.000000
vn -0.000000 0.000000 -1.000000
vn -0.000000 0.000000 -1.000000
vn -0.000000 0.000000 -1.000000
vn -1.000000 0.000000 0.000000
vn -1.000000 0.000000 0.000000
vn -1.000000 0.000000 0.000000
vn -1.000000 0.000000 0.000000
vn 1.000000 0.000000 0.000000
vn 1.000000 0.000000 0.000000
vn 1.000000 0.000000 0.000000
vn 1.000000 0.000000 0.000000
vn -0.000000 1.000000 0.000000
vn -0.000000 1.000000 0.000000
vn -0.000000 1.000000 0.000000
vn -0.000000 1.000000 0.000000
vn -0.000000 -1.000000 0.000000
vn -0.000000 -1.000000 0.000000
vn -0.000000 -1.000000 0.000000
vn -0.000000 -1.000000 0.000000
vn -0.000000 0.000000 1.000000
vn -0.000000 0.000000 1.000000
vn -0.000000 0.000000 1.000000
vn -0.000000 0.000000 1.000000
vn -0.000000 0.000000 -1.000000
vn -0.000000 0.000000 -1.000000
vn -0.000000 0.000000 -1.000000
vn -0.000000 0.000000 -1.000000
vn -1.000000 0.000000 0.000000
vn -1.000000 0.000000 0.000000
vn -1.000000 0.000000 0.000000
vn -1.000000 0.000000 0.000000
vn 1.000000 0.000000 0.000000
vn 1.000000 0.000000 0.000000
vn 1.000000 0.000000 0.000000
vn 1.000000 0.000000 0.000000
vn -0.000000 1.000000 0.000000
vn -0.000000 1.000000 0.000000
vn -0.000000 1.000000 0.000000
vn -0.000000 1.000000 0.000000
vn -0.000000 -1.000000 0.000000
vn -0.000000 -1.000000 0.000000
vn -0.000000 -1.000000 0.000000
vn -0.000000 -1.000000 0.000000
vn -0.000000 0.000000 1.000000
vn -0.000000 0.000000 1.000000
vn -0.000000 0.000000 1.000000
vn -0.000000 0.000000 1.000000
vn -0.000000 0.000000 -1.000000
vn -0.000000 0.000000 -1.000000
vn -0.000000 0.000000 -1.000000
vn -0.000000 0.000000 -1.000000
vn -1.000000 0.000000 0.000000
vn -1.000000 0.000000 0.000000
vn -1.000000 0.000000 0.000000
vn -1.000000 0.000000 0.000000
vn 1.000000 0.000000 0.000000
vn 1.000000 0.000000 0.000000
vn 1.000000 0.000000 0.000000
vn 1.000000 0.000000 0.000000
vn -0.000000 1.000000 0.000000
vn -0.000000 1.000000 0.000000
vn -0.000000 1.000000 0.000000
vn -0.000000 1.000000 0.000000
vn -0.000000 -1.000000 0.000000
vn -0.000000 -1.000000 0.000000
vn -0.000000 -1.000000 0.000000
vn -0.000000 -1.000000 0.000000
vn -0.000000 0.000000 1.000000
vn -0.000000 0.000000 1.000000
vn -0.000000 0.000000 1.000000
vn -0.000000 0.000000 1.000000
vn -0.000000 0.000000 -1.000000
vn -0.000000 0.000000 -1.000000
vn -0.000000 0.000000 -1.000000
vn -0.000000 0.000000 -1.000000
vn -0.923880 0.382683 0.000000
vn -0.923880 0.382683 0.000000
vn -0.923880 0.382683 0.000000
vn -0.923880 0.382683 0.000000
vn 0.923880 -0.382683 0.000000
vn 0.923880 -0.382683 0.000000
vn 0.923880 -0.382683 0.000000
vn 0.923880 -0.382683 0.000000
vn 0.382683 0.923880 0.000000
vn 0.382683 0.923880 0.000000
vn 0.382683 0.923880 0.000000
vn 0.382683 0.923880 0.000000
vn -0.382683 -0.923880 0.000000
vn -0.382683 -0.923880 0.000000
vn -0.382683 -0.923880 0.000000
vn -0.382683 -0.923880 0.000000
vn -0.000000 0.000000 1.000000
vn -0.000000 0.000000 1.000000
vn -0.000000 0.000000 1.000000
vn -0.000000 0.000000 1.000000
vn -0.000000 0.000000 -1.000000
vn -0.000000 0.000000 -1.000000
vn -0.000000 0.000000 -1.000000
vn -0.000000 0.000000 -1.000000
vn -0.923880 0.382683 0.000000
vn -0.923880 0.382683 0.000000
vn -0.923880 0.382683 0.000000
vn -0.923880 0.382683 0.000000
vn 0.923880 -0.382683 0.000000
vn 0.923880 -0.382683 0.000000
vn 0.923880 -0.382683 0.000000
vn 0.923880 -0.382683 0.000000
vn 0.382683 0.923880 0.000000
vn 0.382683 0.923880 0.000000
vn 0.382683 0.923880 0.000000
vn 0.382683 0.923880 0.000000
vn -0.382683 -0.923880 0.000000
vn -0.382683 -0.923880 0.000000
vn -0.382683 -0.923880 0.000000
vn -0.382683 -0.923880 0.000000
vn -0.000000 0.000000 1.000000
vn -0.000000 0.000000 1.000000
vn -0.000000 0.000000 1.000000
vn -0.000000 0.000000 1.000000
vn -0.000000 0.000000 -1.000000
vn -0.000000 0.000000 -1.000000
vn -0.000000 0.000000 -1.000000
vn -0.000000 0.000000 -1.000000
vn -1.000000 0.000000 0.000000
vn -1.000000 0.000000 0.000000
vn -1.000000 0.000000 0.000000
vn -1.000000 0.000000 0.000000
vn 1.000000 0.000000 0.000000
vn 1.000000 0.000000 0.000000
vn 1.000000 0.000000 0.000000
vn 1.000000 0.000000 0.000000
vn -0.000000 1.000000 0.000000
vn -0.000000 1.000000 0.000000
vn -0.000000 1.000000 0.000000
vn -0.000000 1.000000 0.000000
vn -0.000000 -1.000000 0.000000
vn -0.000000 -1.000000 0.000000
vn -0.000000 -1.000000 0.000000
vn -0.000000 -1.000000 0.000000
vn -0.000000 0.000000 1.000000
vn -0.000000 0.000000 1.000000
vn -0.000000 0.000000 1.000000
vn -0.000000 0.000000 1.000000
vn -0.000000 0.000000 -1.000000
vn -0.000000 0.000000 -1.000000
vn -0.000000 0.000000 -1.000000
vn -0.000000 0.000000 -1.000000
vn -0.923880 -0.382683 0.000000
vn -0.923880 -0.382683 0.000000
vn -0.923880 -0.382683 0.000000
vn -0.923880 -0.382683 0.000000
vn 0.923880 0.382683 0.000000
vn 0.923880 0.382683 0.000000
vn 0.923880 0.382683 0.000000
vn 0.923880 0.382683 0.000000
vn -0.382683 0.923880 0.000000
vn -0.382683 0.923880 0.000000
vn -0.382683 0.923880 0.000000
vn -0.382683 0.923880 0.000000
vn 0.382683 -0.923880 0.000000
vn 0.382683 -0.923880 0.000000
vn 0.382683 -0.923880 0.000000
vn 0.382683 -0.923880 0.000000
vn -0.000000 0.000000 1.000000
vn -0.000000 0.000000 1.000000
vn -0.000000 0.000000 1.000000
vn -0.000000 0.000000 1.000000
vn -0.000000 0.000000 -1.000000
vn -0.000000 0.000000 -1.000000
vn -0.000000 0.000000 -1.000000
vn -0.000000 0.000000 -1.000000
vn -1.000000 0.000000 0.000000
vn -1.000000 0.000000 0.000000
vn -1.000000 0.000000 0.000000
vn -1.000000 0.000000 0.000000
vn 1.000000 0.000000 0.000000
vn 1.000000 0.000000 0.000000
vn 1.000000 0.000000 0.000000
vn 1.000000 0.000000 0.000000
vn -0.000000 0.707107 -0.707107
vn -0.000000 0.707107 -0.707107
vn -0.000000 0.707107 -0.707107
vn -0.000000 0.707107 -0.707107
vn -0.000000 -0.707107 0.707107
vn -0.000000 -0.707107 0.707107
vn -0.000000 -0.707107 0.707107
vn -0.000000 -0.707107 0.707107
vn -0.000000 0.707107 0.707107
vn -0.000000 0.707107 0.707107
vn -0.000000 0.707107 0.707107
vn -0.000000 0.707107 0.707107
vn -0.000000 -0.707107 -0.707107
vn -0.000000 -0.707107 -0.707107
vn -0.000000 -0.707107 -0.707107
vn -0.000000 -0.707107 -0.707107
vn -0.923880 0.000000 -0.382683
vn -0.923880 0.000000 -0.382683
vn -0.923880 0.000000 -0.382683
vn -0.923880 0.000000 -0.382683
vn 0.923880 0.000000 0.382683
vn 0.923880 0.000000 0.382683
vn 0.923880 0.000000 0.382683
vn 0.923880 0.000000 0.382683
vn -0.000000 1.000000 0.000000
vn -0.000000 1.000000 0.000000
vn -0.000000 1.000000 0.000000
vn -0.000000 1.000000 0.000000
vn -0.000000 -1.000000 0.000000
vn -0.000000 -1.000000 0.000000
vn -0.000000 -1.000000 0.000000
vn -0.000000 -1.000000 0.000000
vn -0.382683 0.000000 0.923880
vn -0.382683 0.000000 0.923880
vn -0.382683 0.000000 0.923880
vn -0.382683 0.000000 0.923880
vn 0.382683 0.000000 -0.923880
vn 0.382683 0.000000 -0.923880
vn 0.382683 0.000000 -0.923880
vn 0.382683 0.000000 -0.923880
vn -0.923880 0.000000 0.382683
vn -0.923880 0.000000 0.382683
vn -0.923880 0.000000 0.382683
vn -0.923880 0.000000 0.382683
vn 0.923880 0.000000 -0.382683
vn 0.923880 0.000000 -0.382683
vn 0.923880 0.000000 -0.382683
vn 0.923880 0.000000 -0.382683
vn -0.000000 1.000000 0.000000
vn -0.000000 1.000000 0.000000
vn -0.000000 1.000000 0.000000
vn -0.000000 1.000000 0.000000
vn -0.000000 -1.000000 0.000000
vn -0.000000 -1.000000 0.000000
vn -0.000000 -1.000000 0.000000
vn -0.000000 -1.000000 0.000000
vn 0.382683 0.000000 0.923880
vn 0.382683 0.000000 0.923880
vn 0.382683 0.000000 0.923880
vn 0.382683 0.000000 0.923880
vn -0.382683 0.000000 -0.923880
vn -0.382683 0.000000 -0.923880
vn -0.382683 0.000000 -0.923880
vn -0.382683 0.000000 -0.923880
vn -1.000000 0.000000 0.000000
vn -1.000000 0.000000 0.000000
vn -1.000000 0.000000 0.000000
vn -1.000000 0.000000 0.000000
vn 1.000000 0.000000 0.000000
vn 1.000000 0.000000 0.000000
vn 1.000000 0.000000 0.000000
vn 1.000000 0.000000 0.000000
vn -0.000000 1.000000 0.000000
vn -0.000000 1.000000 0.000000
vn -0.000000 1.000000 0.000000
vn -0.000000 1.000000 0.000000
vn -0.000000 -1.000000 0.000000
vn -0.000000 -1.000000 0.000000
vn -0.000000 -1.000000 0.000000
vn -0.000000 -1.000000 0.000000
vn -0.000000 0.000000 1.000000
vn -0.000000 0.000000 1.000000
vn -0.000000 0.000000 1.000000
vn -0.000000 0.000000 1.000000
vn -0.000000 0.000000 -1.000000
vn -0.000000 0.000000 -1.000000
vn -0.000000 0.000000 -1.000000
vn -0.000000 0.000000 -1.000000
vn -1.000000 0.000000 0.000000
vn -1.000000 0.000000 0.000000
vn -1.000000 0.000000 0.000000
vn -1.000000 0.000000 0.000000
vn 1.000000 0.000000 0.000000
vn 1.000000 0.000000 0.000000
vn 1.000000 0.000000 0.000000
vn 1.000000 0.000000 0.000000
vn -0.000000 1.000000 0.000000
vn -0.000000 1.000000 0.000000
vn -0.000000 1.000000 0.000000
vn -0.000000 1.000000 0.000000
vn -0.000000 -1.000000 0.000000
vn -0.000000 -1.000000 0.000000
vn -0.000000 -1.000000 0.000000
vn -0.000000 -1.000000 0.000000
vn -0.000000 0.000000 1.000000
vn -0.000000 0.000000 1.000000
vn -0.000000 0.000000 1.000000
vn -0.000000 0.000000 1.000000
vn -0.000000 0.000000 -1.000000
vn -0.000000 0.000000 -1.000000
vn -0.000000 0.000000 -1.000000
vn -0.000000 0.000000 -1.000000
vn -1.000000 0.000000 0.000000
vn -1.000000 0.000000 0.000000
vn -1.000000 0.000000 0.000000
vn -1.000000 0.000000 0.000000
vn 1.000000 0.000000 0.000000
vn 1.000000 0.000000 0.000000
vn 1.000000 0.000000 0.000000
vn 1.000000 0.000000 0.000000
vn -0.000000 1.000000 0.000000
vn -0.000000 1.000000 0.000000
vn -0.000000 1.000000 0.000000
vn -0.000000 1.000000 0.000000
vn -0.000000 -1.000000 0.000000
vn -0.000000 -1.000000 0.000000
vn -0.000000 -1.000000 0.000000
vn -0.000000 -1.000000 0.000000
vn -0.000000 0.000000 1.000000
vn -0.000000 0.000000 1.000000
vn -0.000000 0.000000 1.000000
vn -0.000000 0.000000 1.000000
vn -0.000000 0.000000 -1.000000
vn -0.000000 0.000000 -1.000000
vn -0.000000 0.000000 -1.000000
vn -0.000000 0.000000 -1.000000
vn -1.000000 0.000000 0.000000
vn -1.000000 0.000000 0.000000
vn -1.000000 0.000000 0.000000
vn -1.000000 0.000000 0.000000
vn 1.000000 0.000000 0.000000
vn 1.000000 0.000000 0.000000
vn 1.000000 0.000000 0.000000
vn 1.000000 0.000000 0.000000
vn -0.000000 0.923880 -0.382683
vn -0.000000 0.923880 -0.382683
vn -0.000000 0.923880 -0.382683
vn -0.000000 0.923880 -0.382683
vn -0.000000 -0.923880 0.382683
vn -0.000000 -0.923880 0.382683
vn -0.000000 -0.923880 0.382683
vn -0.000000 -0.923880 0.382683
vn -0.000000 0.382683 0.923880
vn -0.000000 0.382683 0.923880
vn -0.000000 0.382683 0.923880
vn -0.000000 0.382683 0.923880
vn -0.000000 -0.382683 -0.923880
vn -0.000000 -0.382683 -0.923880
vn -0.000000 -0.382683 -0.923880
vn -0.000000 -0.382683 -0.923880
vn -0.923880 0.382683 0.000000
vn -0.923880 0.382683 0.000000
vn -0.923880 0.382683 0.000000
vn -0.923880 0.382683 0.000000
vn 0.923880 -0.382683 0.000000
vn 0.923880 -0.382683 0.000000
vn 0.923880 -0.382683 0.000000
vn 0.923880 -0.382683 0.000000
vn 0.382683 0.923880 0.000000
vn 0.382683 0.923880 0.000000
vn 0.382683 0.923880 0.000000
vn 0.382683 0.923880 0.000000
vn -0.382683 -0.923880 0.000000
vn -0.382683 -0.923880 0.000000
vn -0.382683 -0.923880 0.000000
vn -0.382683 -0.923880 0.000000
vn -0.000000 0.000000 1.000000
vn -0.000000 0.000000 1.000000
vn -0.000000 0.000000 1.000000
vn -0.000000 0.000000 1.000000
vn -0.000000 0.000000 -1.000000
vn -0.000000 0.000000 -1.000000
vn -0.000000 0.000000 -1.000000
vn -0.000000 0.000000 -1.000000
vn -0.923880 -0.382683 0.000000
vn -0.923880 -0.382683 0.000000
vn -0.923880 -0.382683 0.000000
vn -0.923880 -0.382683 0.000000
vn 0.923880 0.382683 0.000000
vn 0.923880 0.382683 0.000000
vn 0.923880 0.382683 0.000000
vn 0.923880 0.382683 0.000000
vn -0.382683 0.923880 0.000000
vn -0.382683 0.923880 0.000000
vn -0.382683 0.923880 0.000000
vn -0.382683 0.923880 0.000000
vn 0.382683 -0.923880 0.000000
vn 0.382683 -0.923880 0.000000
vn 0.382683 -0.923880 0.000000
vn 0.382683 -0.923880 0.000000
vn -0.000000 0.000000 1.000000
vn -0.000000 0.000000 1.000000
vn -0.000000 0.000000 1.000000
vn -0.000000 0.000000 1.000000
vn -0.000000 0.000000 -1.000000
vn -0.000000 0.000000 -1.000000
vn -0.000000 0.000000 -1.000000
vn -0.000000 0.000000 -1.000000
vn -0.923880 -0.382683 0.000000
vn -0.923880 -0.382683 0.000000
vn -0.923880 -0.382683 0.000000
vn -0.923880 -0.382683 0.000000
vn 0.923880 0.382683 0.000000
vn 0.923880 0.382683 0.000000
vn 0.923880 0.382683 0.000000
vn 0.923880 0.382683 0.000000
vn -0.382683 0.923880 0.000000
vn -0.382683 0.923880 0.000000
vn -0.382683 0.923880 0.000000
vn -0.382683 0.923880 0.000000
vn 0.382683 -0.923880 0.000000
vn 0.382683 -0.923880 0.000000
vn 0.382683 -0.923880 0.000000
vn 0.382683 -0.923880 0.000000
vn -0.000000 0.000000 1.000000
vn -0.000000 0.000000 1.000000
vn -0.000000 0.000000 1.000000
vn -0.000000 0.000000 1.000000
vn -0.000000 0.000000 -1.000000
vn -0.000000 0.000000 -1.000000
vn -0.000000 0.000000 -1.000000
vn -0.000000 0.000000 -1.000000
vn -0.923880 0.382683 0.000000
vn -0.923880 0.382683 0.000000
vn -0.923880 0.382683 0.000000
vn -0.923880 0.382683 0.000000
vn 0.923880 -0.382683 0.000000
vn 0.923880 -0.382683 0.000000
vn 0.923880 -0.382683 0.000000
vn 0.923880 -0.382683 0.000000
vn 0.382683 0.923880 0.000000
vn 0.382683 0.923880 0.000000
vn 0.382683 0.923880 0.000000
vn 0.382683 0.923880 0.000000
vn -0.382683 -0.923880 0.000000
vn -0.382683 -0.923880 0.000000
vn -0.382683 -0.923880 0.000000
vn -0.382683 -0.923880 0.000000
vn -0.000000 0.000000 1.000000
vn -0.000000 0.000000 1.000000
vn -0.000000 0.000000 1.000000
vn -0.000000 0.000000 1.000000
vn -0.000000 0.000000 -1.000000
vn -0.000000 0.000000 -1.000000
vn -0.000000 0.000000 -1.000000
vn -0.000000 0.000000 -1.000000
vn -1.000000 0.000000 0.000000
vn -1.000000 0.000000 0.000000
vn -1.000000 0.000000 0.000000
vn -1.000000 0.000000 0.000000
vn 1.000000 0.000000 0.000000
vn 1.000000 0.000000 0.000000
vn 1.000000 0.000000 0.000000
vn 1.000000 0.000000 0.000000
vn -0.000000 1.000000 0.000000
vn -0.000000 1.000000 0.000000
vn -0.000000 1.000000 0.000000
vn -0.000000 1.000000 0.000000
vn -0.000000 -1.000000 0.000000
vn -0.000000 -1.000000 0.000000
vn -0.000000 -1.000000 0.000000
vn -0.000000 -1.000000 0.000000
vn -0.000000 0.000000 1.000000
vn -0.000000 0.000000 1.000000
vn -0.000000 0.000000 1.000000
vn -0.000000 0.000000 1.000000
vn -0.000000 0.000000 -1.000000
vn -0.000000 0.000000 -1.000000
vn -0.000000 0.000000 -1.000000
vn -0.000000 0.000000 -1.000000
vn -1.000000 0.000000 0.000000
vn -1.000000 0.000000 0.000000
vn -1.000000 0.000000 0.000000
vn -1.000000 0.000000 0.000000
vn 1.000000 0.000000 0.000000
vn 1.000000 0.000000 0.000000
vn 1.000000 0.000000 0.000000
vn 1.000000 0.000000 0.000000
vn -0.000000 0.707107 0.707107
vn -0.000000 0.707107 0.707107
vn -0.000000 0.707107 0.707107
vn -0.000000 0.707107 0.707107
vn -0.000000 -0.707107 -0.707107
vn -0.000000 -0.707107 -0.707107
vn -0.000000 -0.707107 -0.707107
vn -0.000000 -0.707107 -0.707107
vn -0.000000 -0.707107 0.707107
vn -0.000000 -0.707107 0.707107
vn -0.000000 -0.707107 0.707107
vn -0.000000 -0.707107 0.707107
vn -0.000000 0.707107 -0.707107
vn -0.000000 0.707107 -0.707107
vn -0.000000 0.707107 -0.707107
vn -0.000000 0.707107 -0.707107
vn -1.000000 0.000000 0.000000
vn -1.000000 0.000000 0.000000
vn -1.000000 0.000000 0.000000
vn -1.000000 0.000000 0.000000
vn 1.000000 0.000000 0.000000
vn 1.000000 0.000000 0.000000
vn 1.000000 0.000000 0.000000
vn 1.000000 0.000000 0.000000
vn -0.000000 0.923880 0.382683
vn -0.000000 0.923880 0.382683
vn -0.000000 0.923880 0.382683
vn -0.000000 0.923880 0.382683
vn -0.000000 -0.923880 -0.382683
vn -0.000000 -0.923880 -0.382683
vn -0.000000 -0.923880 -0.382683
vn -0.000000 -0.923880 -0.382683
vn -0.000000 -0.382683 0.923880
vn -0.000000 -0.382683 0.923880
vn -0.000000 -0.382683 0.923880
vn -0.000000 -0.382683 0.923880
vn -0.000000 0.382683 -0.923880
vn -0.000000 0.382683 -0.923880
vn -0.000000 0.382683 -0.923880
vn -0.000000 0.382683 -0.923880
vn -1.000000 0.000000 0.000000
vn -1.000000 0.000000 0.000000
vn -1.000000 0.000000 0.000000
vn -1.000000 0.000000 0.000000
vn 1.000000 0.000000 0.000000
vn 1.000000 0.000000 0.000000
vn 1.000000 0.000000 0.000000
vn 1.000000 0.000000 0.000000
vn -0.000000 0.923880 -0.382683
vn -0.000000 0.923880 -0.382683
vn -0.000000 0.923880 -0.382683
vn -0.000000 0.923880 -0.382683
vn -0.000000 -0.923880 0.382683
vn -0.000000 -0.923880 0.382683
vn -0.000000 -0.923880 0.382683
vn -0.000000 -0.923880 0.382683
vn -0.000000 0.382683 0.923880
vn -0.000000 0.382683 0.923880
vn -0.000000 0.382683 0.923880
vn -0.000000 0.382683 0.923880
vn -0.000000 -0.382683 -0.923880
vn -0.000000 -0.382683 -0.923880
vn -0.000000 -0.382683 -0.923880
vn -0.000000 -0.382683 -0.923880
vn -1.000000 0.000000 0.000000
vn -1.000000 0.000000 0.000000
vn -1.000000 0.000000 0.000000
vn -1.000000 0.000000 0.000000
vn 1.000000 0.000000 0.000000
vn 1.000000 0.000000 0.000000
vn 1.000000 0.000000 0.000000
vn 1.000000 0.000000 0.000000
vn -0.000000 0.923880 -0.382683
vn -0.000000 0.923880 -0.382683
vn -0.000000 0.923880 -0.382683
vn -0.000000 0.923880 -0.382683
vn -0.000000 -0.923880 0.382683
vn -0.000000 -0.923880 0.382683
vn -0.000000 -0.923880 0.382683
vn -0.000000 -0.923880 0.382683
vn -0.000000 0.382683 0.923880
vn -0.000000 0.382683 0.923880
vn -0.000000 0.382683 0.923880
vn -0.000000 0.382683 0.923880
vn -0.000000 -0.382683 -0.923880
vn -0.000000 -0.382683 -0.923880
vn -0.000000 -0.382683 -0.923880
vn -0.000000 -0.382683 -0.923880
vn -1.000000 0.000000 0.000000
vn -1.000000 0.000000 0.000000
vn -1.000000 0.000000 0.000000
vn -1.000000 0.000000 0.000000
vn 1.000000 0.000000 0.000000
vn 1.000000 0.000000 0.000000
vn 1.000000 0.000000 0.000000
vn 1.000000 0.000000 0.000000
vn -0.000000 0.923880 -0.382683
vn -0.000000 0.923880 -0.382683
vn -0.000000 0.923880 -0.382683
vn -0.000000 0.923880 -0.382683
vn -0.000000 -0.923880 0.382683
vn -0.000000 -0.923880 0.382683
vn -0.000000 -0.923880 0.382683
vn -0.000000 -0.923880 0.382683
vn -0.000000 0.382683 0.923880
vn -0.000000 0.382683 0.923880
vn -0.000000 0.382683 0.923880
vn -0.000000 0.382683 0.923880
vn -0.000000 -0.382683 -0.923880
vn -0.000000 -0.382683 -0.923880
vn -0.000000 -0.382683 -0.923880
vn -0.000000 -0.382683 -0.923880
vn -1.000000 0.000000 0.000000
vn -1.000000 0.000000 0.000000
vn -1.000000 0.000000 0.000000
vn -1.000000 0.000000 0.000000
vn 1.000000 0.000000 0.000000
vn 1.000000 0.000000 0.000000
vn 1.000000 0.000000 0.000000
vn 1.000000 0.000000 0.000000
vn -0.000000 0.707107 -0.707107
vn -0.000000 0.707107 -0.707107
vn -0.000000 0.707107 -0.707107
vn -0.000000 0.707107 -0.707107
vn -0.000000 -0.707107 0.707107
vn -0.000000 -0.707107 0.707107
vn -0.000000 -0.707107 0.707107
vn -0.000000 -0.707107 0.707107
vn -0.000000 0.707107 0.707107
vn -0.000000 0.707107 0.707107
vn -0.000000 0.707107 0.707107
vn -0.000000 0.707107 0.707107
vn -0.000000 -0.707107 -0.707107
vn -0.000000 -0.707107 -0.707107
vn -0.000000 -0.707107 -0.707107
vn -0.000000 -0.707107 -0.707107
vn -1.000000 0.000000 0.000000
vn -1.000000 0.000000 0.000000
vn -1.000000 0.000000 0.000000
vn -1.000000 0.000000 0.000000
vn 1.000000 0.000000 0.000000
vn 1.000000 0.000000 0.000000
vn 1.000000 0.000000 0.000000
vn 1.000000 0.000000 0.000000
vn -0.000000 0.707107 -0.707107
vn -0.000000 0.707107 -0.707107
vn -0.000000 0.707107 -0.707107
vn -0.000000 0.707107 -0.707107
vn -0.000000 -0.707107 0.707107
vn -0.000000 -0.707107 0.707107
vn -0.000000 -0.707107 0.707107
vn -0.000000 -0.707107 0.707107
vn -0.000000 0.707107 0.707107
vn -0.000000 0.707107 0.707107
vn -0.000000 0.707107 0.707107
vn -0.000000 0.707107 0.707107
vn -0.000000 -0.707107 -0.707107
vn -0.000000 -0.707107 -0.707107
vn -0.000000 -0.707107 -0.707107
vn -0.000000 -0.707107 -0.707107
vn -1.000000 0.000000 0.000000
vn -1.000000 0.000000 0.000000
vn -1.000000 0.000000 0.000000
vn -1.000000 0.000000 0.000000
vn 1.000000 0.000000 0.000000
vn 1.000000 0.000000 0.000000
vn 1.000000 0.000000 0.000000
vn 1.000000 0.000000 0.000000
vn -0.000000 0.707107 -0.707107
vn -0.000000 0.707107 -0.707107
vn -0.000000 0.707107 -0.707107
vn -0.000000 0.707107 -0.707107
vn -0.000000 -0.707107 0.707107
vn -0.000000 -0.707107 0.707107
vn -0.000000 -0.707107 0.707107
vn -0.000000 -0.707107 0.707107
vn -0.000000 0.707107 0.707107
vn -0.000000 0.707107 0.707107
vn -0.000000 0.707107 0.707107
vn -0.000000 0.707107 0.707107
vn -0.000000 -0.707107 -0.707107
vn -0.000000 -0.707107 -0.707107
vn -0.000000 -0.707107 -0.707107
vn -0.000000 -0.707107 -0.707107
vn -1.000000 0.000000 0.000000
vn -1.000000 0.000000 0.000000
vn -1.000000 0.000000 0.000000
vn -1.000000 0.000000 0.000000
vn 1.000000 0.000000 0.000000
vn 1.000000 0.000000 0.000000
vn 1.000000 0.000000 0.000000
vn 1.000000 0.000000 0.000000
vn -0.000000 0.707107 -0.707107
vn -0.000000 0.707107 -0.707107
vn -0.000000 0.707107 -0.707107
vn -0.000000 0.707107 -0.707107
vn -0.000000 -0.707107 0.707107
vn -0.000000 -0.707107 0.707107
vn -0.000000 -0.707107 0.707107
vn -0.000000 -0.707107 0.707107
vn -0.000000 0.707107 0.707107
vn -0.000000 0.707107 0.707107
vn -0.000000 0.707107 0.707107
vn -0.000000 0.707107 0.707107
vn -0.000000 -0.707107 -0.707107
vn -0.000000 -0.707107 -0.707107
vn -0.000000 -0.707107 -0.707107
vn -0.000000 -0.707107 -0.707107
vn -1.000000 0.000000 0.000000
vn -1.000000 0.000000 0.000000
vn -1.000000 0.000000 0.000000
vn -1.000000 0.000000 0.000000
vn 1.000000 0.000000 0.000000
vn 1.000000 0.000000 0.000000
vn 1.000000 0.000000 0.000000
vn 1.000000 0.000000 0.000000
vn -0.000000 0.707107 -0.707107
vn -0.000000 0.707107 -0.707107
vn -0.000000 0.707107 -0.707107
vn -0.000000 0.707107 -0.707107
vn -0.000000 -0.707107 0.707107
vn -0.000000 -0.707107 0.707107
vn -0.000000 -0.707107 0.707107
vn -0.000000 -0.707107 0.707107
vn -0.000000 0.707107 0.707107
vn -0.000000 0.707107 0.707107
vn -0.000000 0.707107 0.707107
vn -0.000000 0.707107 0.707107
vn -0.000000 -0.707107 -0.707107
vn -0.000000 -0.707107 -0.707107
vn -0.000000 -0.707107 -0.707107
vn -0.000000 -0.707107 -0.707107
vn -1.000000 0.000000 0.000000
vn -1.000000 0.000000 0.000000
vn -1.000000 0.000000 0.000000
vn -1.000000 0.000000 0.000000
vn 1.000000 0.000000 0.000000
vn 1.000000 0.000000 0.000000
vn 1.000000 0.000000 0.000000
vn 1.000000 0.000000 0.000000
vn -0.000000 0.707107 -0.707107
vn -0.000000 0.707107 -0.707107
vn -0.000000 0.707107 -0.707107
vn -0.000000 0.707107 -0.707107
vn -0.000000 -0.707107 0.707107
vn -0.000000 -0.707107 0.707107
vn -0.000000 -0.707107 0.707107
vn -0.000000 -0.707107 0.707107
vn -0.000000 0.707107 0.707107
vn -0.000000 0.707107 0.707107
vn -0.000000 0.707107 0.707107
vn -0.000000 0.707107 0.707107
vn -0.000000 -0.707107 -0.707107
vn -0.000000 -0.707107 -0.707107
vn -0.000000 -0.707107 -0.707107
vn -0.000000 -0.707107 -0.707107
vn -1.000000 0.000000 0.000000
vn -1.000000 0.000000 0.000000
vn -1.000000 0.000000 0.000000
vn -1.000000 0.000000 0.000000
vn 1.000000 0.000000 0.000000
vn 1.000000 0.000000 0.000000
vn 1.000000 0.000000 0.000000
vn 1.000000 0.000000 0.000000
vn -0.000000 1.000000 0.000000
vn -0.000000 1.000000 0.000000
vn -0.000000 1.000000 0.000000
vn -0.000000 1.000000 0.000000
vn -0.000000 -1.000000 0.000000
vn -0.000000 -1.000000 0.000000
vn -0.000000 -1.000000 0.000000
vn -0.000000 -1.000000 0.000000
vn -0.000000 0.000000 1.000000
vn -0.000000 0.000000 1.000000
vn -0.000000 0.000000 1.000000
vn -0.000000 0.000000 1.000000
vn -0.000000 0.000000 -1.000000
vn -0.000000 0.000000 -1.000000
vn -0.000000 0.000000 -1.000000
vn -0.000000 0.000000 -1.000000
vn -1.000000 0.000000 0.000000
vn -1.000000 0.000000 0.000000
vn -1.000000 0.000000 0.000000
vn -1.000000 0.000000 0.000000
vn 1.000000 0.000000 0.000000
vn 1.000000 0.000000 0.000000
vn 1.000000 0.000000 0.000000
vn 1.000000 0.000000 0.000000
vn -0.000000 0.923880 0.382683
vn -0.000000 0.923880 0.382683
vn -0.000000 0.923880 0.382683
vn -0.000000 0.923880 0.382683
vn -0.000000 -0.923880 -0.382683
vn -0.000000 -0.923880 -0.382683
vn -0.000000 -0.923880 -0.382683
vn -0.000000 -0.923880 -0.382683
vn -0.000000 -0.382683 0.923880
vn -0.000000 -0.382683 0.923880
vn -0.000000 -0.382683 0.923880
vn -0.000000 -0.382683 0.923880
vn -0.000000 0.382683 -0.923880
vn -0.000000 0.382683 -0.923880
vn -0.000000 0.382683 -0.923880
vn -0.000000 0.382683 -0.923880
vn -1.000000 0.000000 0.000000
vn -1.000000 0.000000 0.000000
vn -1.000000 0.000000 0.000000
vn -1.000000 0.000000 0.000000
vn 1.000000 0.000000 0.000000
vn 1.000000 0.000000 0.000000
vn 1.000000 0.000000 0.000000
vn 1.000000 0.000000 0.000000
vn -0.000000 0.923880 0.382683
vn -0.000000 0.923880 0.382683
vn -0.000000 0.923880 0.382683
vn -0.000000 0.923880 0.382683
vn -0.000000 -0.923880 -0.382683
vn -0.000000 -0.923880 -0.382683
vn -0.000000 -0.923880 -0.382683
vn -0.000000 -0.923880 -0.382683
vn -0.000000 -0.382683 0.923880
vn -0.000000 -0.382683 0.923880
vn -0.000000 -0.382683 0.923880
vn -0.000000 -0.382683 0.923880
vn -0.000000 0.382683 -0.923880
vn -0.000000 0.382683 -0.923880
vn -0.000000 0.382683 -0.923880
vn -0.000000 0.382683 -0.923880
vn -1.000000 0.000000 0.000000
vn -1.000000 0.000000 0.000000
vn -1.000000 0.000000 0.000000
vn -1.000000 0.000000 0.000000
vn 1.000000 0.000000 0.000000
vn 1.000000 0.000000 0.000000
vn 1.000000 0.000000 0.000000
vn 1.000000 0.000000 0.000000
vn -0.000000 0.923880 0.382683
vn -0.000000 0.923880 0.382683
vn -0.000000 0.923880 0.382683
vn -0.000000 0.923880 0.382683
vn -0.000000 -0.923880 -0.382683
vn -0.000000 -0.923880 -0.382683
vn -0.000000 -0.923880 -0.382683
vn -0.000000 -0.923880 -0.382683
vn -0.000000 -0.382683 0.923880
vn -0.000000 -0.382683 0.923880
vn -0.000000 -0.382683 0.923880
vn -0.000000 -0.382683 0.923880
vn -0.000000 0.382683 -0.923880
vn -0.000000 0.382683 -0.923880
vn -0.000000 0.382683 -0.923880
vn -0.000000 0.382683 -0.923880
vn -1.000000 0.000000 0.000000
vn -1.000000 0.000000 0.000000
vn -1.000000 0.000000 0.000000
vn -1.000000 0.000000 0.000000
vn 1.000000 0.000000 0.000000
vn 1.000000 0.000000 0.000000
vn 1.000000 0.000000 0.000000
vn 1.000000 0.000000 0.000000
vn -0.000000 0.923880 0.382683
vn -0.000000 0.923880 0.382683
vn -0.000000 0.923880 0.382683
vn -0.000000 0.923880 0.382683
vn -0.000000 -0.923880 -0.382683
vn -0.000000 -0.923880 -0.382683
vn -0.000000 -0.923880 -0.382683
vn -0.000000 -0.923880 -0.382683
vn -0.000000 -0.382683 0.923880
vn -0.000000 -0.382683 0.923880
vn -0.000000 -0.382683 0.923880
vn -0.000000 -0.382683 0.923880
vn -0.000000 0.382683 -0.923880
vn -0.000000 0.382683 -0.923880
vn -0.000000 0.382683 -0.923880
vn -0.000000 0.382683 -0.923880
vn -1.000000 0.000000 0.000000
vn -1.000000 0.000000 0.000000
vn -1.000000 0.000000 0.000000
vn -1.000000 0.000000 0.000000
vn 1.000000 0.000000 0.000000
vn 1.000000 0.000000 0.000000
vn 1.000000 0.000000 0.000000
vn 1.000000 0.000000 0.000000
vn -0.000000 0.923880 0.382683
vn -0.000000 0.923880 0.382683
vn -0.000000 0.923880 0.382683
vn -0.000000 0.923880 0.382683
vn -0.000000 -0.923880 -0.382683
vn -0.000000 -0.923880 -0.382683
vn -0.000000 -0.923880 -0.382683
vn -0.000000 -0.923880 -0.382683
vn -0.000000 -0.382683 0.923880
vn -0.000000 -0.382683 0.923880
vn -0.000000 -0.382683 0.923880
vn -0.000000 -0.382683 0.923880
vn -0.000000 0.382683 -0.923880
vn -0.000000 0.382683 -0.923880
vn -0.000000 0.382683 -0.923880
vn -0.000000 0.382683 -0.923880
vn -1.000000 0.000000 0.000000
vn -1.000000 0.000000 0.000000
vn -1.000000 0.000000 0.000000
vn -1.000000 0.000000 0.000000
vn 1.000000 0.000000 0.000000
vn 1.000000 0.000000 0.000000
vn 1.000000 0.000000 0.000000
vn 1.000000 0.000000 0.000000
vn -0.000000 0.707107 0.707107
vn -0.000000 0.707107 0.707107
vn -0.000000 0.707107 0.707107
vn -0.000000 0.707107 0.707107
vn -0.000000 -0.707107 -0.707107
vn -0.000000 -0.707107 -0.707107
vn -0.000000 -0.707107 -0.707107
vn -0.000000 -0.707107 -0.707107
vn -0.000000 -0.707107 0.707107
vn -0.000000 -0.707107 0.707107
vn -0.000000 -0.707107 0.707107
vn -0.000000 -0.707107 0.707107
vn -0.000000 0.707107 -0.707107
vn -0.000000 0.707107 -0.707107
vn -0.000000 0.707107 -0.707107
vn -0.000000 0.707107 -0.707107
vn -1.000000 0.000000 0.000000
vn -1.000000 0.000000 0.000000
vn -1.000000 0.000000 0.000000
vn -1.000000 0.000000 0.000000
vn 1.000000 0.000000 0.000000
vn 1.000000 0.000000 0.000000
vn 1.000000 0.000000 0.000000
vn 1.000000 0.000000 0.000000
vn -0.000000 0.707107 0.707107
vn -0.000000 0.707107 0.707107
vn -0.000000 0.707107 0.707107
vn -0.000000 0.707107 0.707107
vn -0.000000 -0.707107 -0.707107
vn -0.000000 -0.707107 -0.707107
vn -0.000000 -0.707107 -0.707107
vn -0.000000 -0.707107 -0.707107
vn -0.000000 -0.707107 0.707107
vn -0.000000 -0.707107 0.707107
vn -0.000000 -0.707107 0.707107
vn -0.000000 -0.707107 0.707107
vn -0.000000 0.707107 -0.707107
vn -0.000000 0.707107 -0.707107
vn -0.000000 0.707107 -0.707107
vn -0.000000 0.707107 -0.707107
vn -1.000000 0.000000 0.000000
vn -1.000000 0.000000 0.000000
vn -1.000000 0.000000 0.000000
vn -1.000000 0.000000 0.000000
vn 1.000000 0.000000 0.000000
vn 1.000000 0.000000 0.000000
vn 1.000000 0.000000 0.000000
vn 1.000000 0.000000 0.000000
vn -0.000000 1.000000 0.000000
vn -0.000000 1.000000 0.000000
vn -0.000000 1.000000 0.000000
vn -0.000000 1.000000 0.000000
vn -0.000000 -1.000000 0.000000
vn -0.000000 -1.000000 0.000000
vn -0.000000 -1.000000 0.000000
vn -0.000000 -1.000000 0.000000
vn -0.000000 0.000000 1.000000
vn -0.000000 0.000000 1.000000
vn -0.000000 0.000000 1.000000
vn -0.000000 0.000000 1.000000
vn -0.000000 0.000000 -1.000000
vn -0.000000 0.000000 -1.000000
vn -0.000000 0.000000 -1.000000
vn -0.000000 0.000000 -1.000000
vn -1.000000 0.000000 0.000000
vn -1.000000 0.000000 0.000000
vn -1.000000 0.000000 0.000000
vn -1.000000 0.000000 0.000000
vn 1.000000 0.000000 0.000000
vn 1.000000 0.000000 0.000000
vn 1.000000 0.000000 0.000000
vn 1.000000 0.000000 0.000000
vn -0.000000 1.000000 0.000000
vn -0.000000 1.000000 0.000000
vn -0.000000 1.000000 0.000000
vn -0.000000 1.000000 0.000000
vn -0.000000 -1.000000 0.000000
vn -0.000000 -1.000000 0.000000
vn -0.000000 -1.000000 0.000000
vn -0.000000 -1.000000 0.000000
vn -0.000000 0.000000 1.000000
vn -0.000000 0.000000 1.000000
vn -0.000000 0.000000 1.000000
vn -0.000000 0.000000 1.000000
vn -0.000000 0.000000 -1.000000
vn -0.000000 0.000000 -1.000000
vn -0.000000 0.000000 -1.000000
vn -0.000000 0.000000 -1.000000
vn -1.000000 0.000000 0.000000
vn -1.000000 0.000000 0.000000
vn -1.000000 0.000000 0.000000
vn -1.000000 0.000000 0.000000
vn 1.000000 0.000000 0.000000
vn 1.000000 0.000000 0.000000
vn 1.000000 0.000000 0.000000
vn 1.000000 0.000000 0.000000
vn -0.000000 0.707107 0.707107
vn -0.000000 0.707107 0.707107
vn -0.000000 0.707107 0.707107
vn -0.000000 0.707107 0.707107
vn -0.000000 -0.707107 -0.707107
vn -0.000000 -0.707107 -0.707107
vn -0.000000 -0.707107 -0.707107
vn -0.000000 -0.707107 -0.707107
vn -0.000000 -0.707107 0.707107
vn -0.000000 -0.707107 0.707107
vn -0.000000 -0.707107 0.707107
vn -0.000000 -0.707107 0.707107
vn -0.000000 0.707107 -0.707107
vn -0.000000 0.707107 -0.707107
vn -0.000000 0.707107 -0.707107
vn -0.000000 0.707107 -0.707107
vn -1.000000 0.000000 0.000000
vn -1.000000 0.000000 0.000000
vn -1.000000 0.000000 0.000000
vn -1.000000 0.000000 0.000000
vn 1.000000 0.000000 0.000000
vn 1.000000 0.000000 0.000000
vn 1.000000 0.000000 0.000000
vn 1.000000 0.000000 0.000000
vn -0.000000 1.000000 0.000000
vn -0.000000 1.000000 0.000000
vn -0.000000 1.000000 0.000000
vn -0.000000 1.000000 0.000000
vn -0.000000 -1.000000 0.000000
vn -0.000000 -1.000000 0.000000
vn -0.000000 -1.000000 0.000000
vn -0.000000 -1.000000 0.000000
vn -0.000000 0.000000 1.000000
vn -0.000000 0.000000 1.000000
vn -0.000000 0.000000 1.000000
vn -0.000000 0.000000 1.000000
vn -0.000000 0.000000 -1.000000
vn -0.000000 0.000000 -1.000000
vn -0.000000 0.000000 -1.000000
vn -0.000000 0.000000 -1.000000
vn -1.000000 0.000000 0.000000
vn -1.000000 0.000000 0.000000
vn -1.000000 0.000000 0.000000
vn -1.000000 0.000000 0.000000
vn 1.000000 0.000000 0.000000
vn 1.000000 0.000000 0.000000
vn 1.000000 0.000000 0.000000
vn 1.000000 0.000000 0.000000
vn -0.000000 1.000000 0.000000
vn -0.000000 1.000000 0.000000
vn -0.000000 1.000000 0.000000
vn -0.000000 1.000000 0.000000
vn -0.000000 -1.000000 0.000000
vn -0.000000 -1.000000 0.000000
vn -0.000000 -1.000000 0.000000
vn -0.000000 -1.000000 0.000000
vn -0.000000 0.000000 1.000000
vn -0.000000 0.000000 1.000000
vn -0.000000 0.000000 1.000000
vn -0.000000 0.000000 1.000000
vn -0.000000 0.000000 -1.000000
vn -0.000000 0.000000 -1.000000
vn -0.000000 0.000000 -1.000000
vn -0.000000 0.000000 -1.000000
vn -1.000000 0.000000 0.000000
vn -1.000000 0.000000 0.000000
vn -1.000000 0.000000 0.000000
vn -1.000000 0.000000 0.000000
vn 1.000000 0.000000 0.000000
vn 1.000000 0.000000 0.000000
vn 1.000000 0.000000 0.000000
vn 1.000000 0.000000 0.000000
vn -0.000000 1.000000 0.000000
vn -0.000000 1.000000 0.000000
vn -0.000000 1.000000 0.000000
vn -0.000000 1.000000 0.000000
vn -0.000000 -1.000000 0.000000
vn -0.000000 -1.000000 0.000000
vn -0.000000 -1.000000 0.000000
vn -0.000000 -1.000000 0.000000
vn -0.000000 0.000000 1.000000
vn -0.000000 0.000000 1.000000
vn -0.000000 0.000000 1.000000
vn -0.000000 0.000000 1.000000
vn -0.000000 0.000000 -1.000000
vn -0.000000 0.000000 -1.000000
vn -0.000000 0.000000 -1.000000
vn -0.000000 0.000000 -1.000000
vn -1.000000 0.000000 0.000000
vn -1.000000 0.000000 0.000000
vn -1.000000 0.000000 0.000000
vn -1.000000 0.000000 0.000000
vn 1.000000 0.000000 0.000000
vn 1.000000 0.000000 0.000000
vn 1.000000 0.000000 0.000000
vn 1.000000 0.000000 0.000000
vn -0.000000 1.000000 0.000000
vn -0.000000 1.000000 0.000000
vn -0.000000 1.000000 0.000000
vn -0.000000 1.000000 0.000000
vn -0.000000 -1.000000 0.000000
vn -0.000000 -1.000000 0.000000
vn -0.000000 -1.000000 0.000000
vn -0.000000 -1.000000 0.000000
vn -0.000000 0.000000 1.000000
vn -0.000000 0.000000 1.000000
vn -0.000000 0.000000 1.000000
vn -0.000000 0.000000 1.000000
vn -0.000000 0.000000 -1.000000
vn -0.000000 0.000000 -1.000000
vn -0.000000 0.000000 -1.000000
vn -0.000000 0.000000 -1.000000
vn -1.000000 0.000000 0.000000
vn -1.000000 0.000000 0.000000
vn -1.000000 0.000000 0.000000
vn -1.000000 0.000000 0.000000
vn 1.000000 0.000000 0.000000
vn 1.000000 0.000000 0.000000
vn 1.000000 0.000000 0.000000
vn 1.000000 0.000000 0.000000
vn -0.000000 1.000000 0.000000
vn -0.000000 1.000000 0.000000
vn -0.000000 1.000000 0.000000
vn -0.000000 1.000000 0.000000
vn -0.000000 -1.000000 0.000000
vn -0.000000 -1.000000 0.000000
vn -0.000000 -1.000000 0.000000
vn -0.000000 -1.000000 0.000000
vn -0.000000 0.000000 1.000000
vn -0.000000 0.000000 1.000000
vn -0.000000 0.000000 1.000000
vn -0.000000 0.000000 1.000000
vn -0.000000 0.000000 -1.000000
vn -0.000000 0.000000 -1.000000
vn -0.000000 0.000000 -1.000000
vn -0.000000 0.000000 -1.000000
vn -1.000000 0.000000 0.000000
vn -1.000000 0.000000 0.000000
vn -1.000000 0.000000 0.000000
vn -1.000000 0.000000 0.000000
vn 1.000000 0.000000 0.000000
vn 1.000000 0.000000 0.000000
vn 1.000000 0.000000 0.000000
vn 1.000000 0.000000 0.000000
vn -0.000000 1.000000 0.000000
vn -0.000000 1.000000 0.000000
vn -0.000000 1.000000 0.000000
vn -0.000000 1.000000 0.000000
vn -0.000000 -1.000000 0.000000
vn -0.000000 -1.000000 0.000000
vn -0.000000 -1.000000 0.000000
vn -0.000000 -1.000000 0.000000
vn -0.000000 0.000000 1.000000
vn -0.000000 0.000000 1.000000
vn -0.000000 0.000000 1.000000
vn -0.000000 0.000000 1.000000
vn -0.000000 0.000000 -1.000000
vn -0.000000 0.000000 -1.000000
vn -0.000000 0.000000 -1.000000
vn -0.000000 0.000000 -1.000000
vn -1.000000 0.000000 0.000000
vn -1.000000 0.000000 0.000000
vn -1.000000 0.000000 0.000000
vn -1.000000 0.000000 0.000000
vn 1.000000 0.000000 0.000000
vn 1.000000 0.000000 0.000000
vn 1.000000 0.000000 0.000000
vn 1.000000 0.000000 0.000000
vn -0.000000 1.000000 0.000000
vn -0.000000 1.000000 0.000000
vn -0.000000 1.000000 0.000000
vn -0.000000 1.000000 0.000000
vn -0.000000 -1.000000 0.000000
vn -0.000000 -1.000000 0.000000
vn -0.000000 -1.000000 0.000000
vn -0.000000 -1.000000 0.000000
vn -0.000000 0.000000 1.000000
vn -0.000000 0.000000 1.000000
vn -0.000000 0.000000 1.000000
vn -0.000000 0.000000 1.000000
vn -0.000000 0.000000 -1.000000
vn -0.000000 0.000000 -1.000000
vn -0.000000 0.000000 -1.000000
vn -0.000000 0.000000 -1.000000
vn -1.000000 0.000000 0.000000
vn -1.000000 0.000000 0.000000
vn -1.000000 0.000000 0.000000
vn -1.000000 0.000000 0.000000
vn 1.000000 0.000000 0.000000
vn 1.000000 0.000000 0.000000
vn 1.000000 0.000000 0.000000
vn 1.000000 0.000000 0.000000
vn -0.000000 1.000000 0.000000
vn -0.000000 1.000000 0.000000
vn -0.000000 1.000000 0.000000
vn -0.000000 1.000000 0.000000
vn -0.000000 -1.000000 0.000000
vn -0.000000 -1.000000 0.000000
vn -0.000000 -1.000000 0.000000
vn -0.000000 -1.000000 0.000000
vn -0.000000 0.000000 1.000000
vn -0.000000 0.000000 1.000000
vn -0.000000 0.000000 1.000000
vn -0.000000 0.000000 1.000000
vn -0.000000 0.000000 -1.000000
vn -0.000000 0.000000 -1.000000
vn -0.000000 0.000000 -1.000000
vn -0.000000 0.000000 -1.000000
vn -1.000000 0.000000 0.000000
vn -1.000000 0.000000 0.000000
vn -1.000000 0.000000 0.000000
vn -1.000000 0.000000 0.000000
vn 1.000000 0.000000 0.000000
vn 1.000000 0.000000 0.000000
vn 1.000000 0.000000 0.000000
vn 1.000000 0.000000 0.000000
vn -0.000000 0.923880 0.382683
vn -0.000000 0.923880 0.382683
vn -0.000000 0.923880 0.382683
vn -0.000000 0.923880 0.382683
vn -0.000000 -0.923880 -0.382683
vn -0.000000 -0.923880 -0.382683
vn -0.000000 -0.923880 -0.382683
vn -0.000000 -0.923880 -0.382683
vn -0.000000 -0.382683 0.923880
vn -0.000000 -0.382683 0.923880
vn -0.000000 -0.382683 0.923880
vn -0.000000 -0.382683 0.923880
vn -0.000000 0.382683 -0.923880
vn -0.000000 0.382683 -0.923880
vn -0.000000 0.382683 -0.923880
vn -0.000000 0.382683 -0.923880
vn -1.000000 0.000000 0.000000
vn -1.000000 0.000000 0.000000
vn -1.000000 0.000000 0.000000
vn -1.000000 0.000000 0.000000
vn 1.000000 0.000000 0.000000
vn 1.000000 0.000000 0.000000
vn 1.000000 0.000000 0.000000
vn 1.000000 0.000000 0.000000
vn -0.000000 0.923880 0.382683
vn -0.000000 0.923880 0.382683
vn -0.000000 0.923880 0.382683
vn -0.000000 0.923880 0.382683
vn -0.000000 -0.923880 -0.382683
vn -0.000000 -0.923880 -0.382683
vn -0.000000 -0.923880 -0.382683
vn -0.000000 -0.923880 -0.382683
vn -0.000000 -0.382683 0.923880
vn -0.000000 -0.382683 0.923880
vn -0.000000 -0.382683 0.923880
vn -0.000000 -0.382683 0.923880
vn -0.000000 0.382683 -0.923880
vn -0.000000 0.382683 -0.923880
vn -0.000000 0.382683 -0.923880
vn -0.000000 0.382683 -0.923880
vn -1.000000 0.000000 0.000000
vn -1.000000 0.000000 0.000000
vn -1.000000 0.000000 0.000000
vn -1.000000 0.000000 0.000000
vn 1.000000 0.000000 0.000000
vn 1.000000 0.000000 0.000000
vn 1.000000 0.000000 0.000000
vn 1.000000 0.000000 0.000000
vn -0.000000 0.707107 -0.707107
vn -0.000000 0.707107 -0.707107
vn -0.000000 0.707107 -0.707107
vn -0.000000 0.707107 -0.707107
vn -0.000000 -0.707107 0.707107
vn -0.000000 -0.707107 0.707107
vn -0.000000 -0.707107 0.707107
vn -0.000000 -0.707107 0.707107
vn -0.000000 0.707107 0.707107
vn -0.000000 0.707107 0.707107
vn -0.000000 0.707107 0.707107
vn -0.000000 0.707107 0.707107
vn -0.000000 -0.707107 -0.707107
vn -0.000000 -0.707107 -0.707107
vn -0.000000 -0.707107 -0.707107
vn -0.000000 -0.707107 -0.707107
vn -1.000000 0.000000 0.000000
vn -1.000000 0.000000 0.000000
vn -1.000000 0.000000 0.000000
vn -1.000000 0.000000 0.000000
vn 1.000000 0.000000 0.000000
vn 1.000000 0.000000 0.000000
vn 1.000000 0.000000 0.000000
vn 1.000000 0.000000 0.000000
vn -0.000000 0.707107 -0.707107
vn -0.000000 0.707107 -0.707107
vn -0.000000 0.707107 -0.707107
vn -0.000000 0.707107 -0.707107
vn -0.000000 -0.707107 0.707107
vn -0.000000 -0.707107 0.707107
vn -0.000000 -0.707107 0.707107
vn -0.000000 -0.707107 0.707107
vn -0.000000 0.707107 0.707107
vn -0.000000 0.707107 0.707107
vn -0.000000 0.707107 0.707107
vn -0.000000 0.707107 0.707107
vn -0.000000 -0.707107 -0.707107
vn -0.000000 -0.707107 -0.707107
vn -0.000000 -0.707107 -0.707107
vn -0.000000 -0.707107 -0.707107
vn -1.000000 0.000000 0.000000
vn -1.000000 0.000000 0.000000
vn -1.000000 0.000000 0.000000
vn -1.000000 0.000000 0.000000
vn 1.000000 0.000000 0.000000
vn 1.000000 0.000000 0.000000
vn 1.000000 0.000000 0.000000
vn 1.000000 0.000000 0.000000
vn -0.000000 1.000000 0.000000
vn -0.000000 1.000000 0.000000
vn -0.000000 1.000000 0.000000
vn -0.000000 1.000000 0.000000
vn -0.000000 -1.000000 0.000000
vn -0.000000 -1.000000 0.000000
vn -0.000000 -1.000000 0.000000
vn -0.000000 -1.000000 0.000000
vn -0.000000 0.000000 1.000000
vn -0.000000 0.000000 1.000000
vn -0.000000 0.000000 1.000000
vn -0.000000 0.000000 1.000000
vn -0.000000 0.000000 -1.000000
vn -0.000000 0.000000 -1.000000
vn -0.000000 0.000000 -1.000000
vn -0.000000 0.000000 -1.000000
vn -1.000000 0.000000 0.000000
vn -1.000000 0.000000 0.000000
vn -1.000000 0.000000 0.000000
vn -1.000000 0.000000 0.000000
vn 1.000000 0.000000 0.000000
vn 1.000000 0.000000 0.000000
vn 1.000000 0.000000 0.000000
vn 1.000000 0.000000 0.000000
vn -0.000000 1.000000 0.000000
vn -0.000000 1.000000 0.000000
vn -0.000000 1.000000 0.000000
vn -0.000000 1.000000 0.000000
vn -0.000000 -1.000000 0.000000
vn -0.000000 -1.000000 0.000000
vn -0.000000 -1.000000 0.000000
vn -0.000000 -1.000000 0.000000
vn -0.000000 0.000000 1.000000
vn -0.000000 0.000000 1.000000
vn -0.000000 0.000000 1.000000
vn -0.000000 0.000000 1.000000
vn -0.000000 0.000000 -1.000000
vn -0.000000 0.000000 -1.000000
vn -0.000000 0.000000 -1.000000
vn -0.000000 0.000000 -1.000000
vn -1.000000 0.000000 0.000000
vn -1.000000 0.000000 0.000000
vn -1.000000 0.000000 0.000000
vn -1.000000 0.000000 0.000000
vn 1.000000 0.000000 0.000000
vn 1.000000 0.000000 0.000000
vn 1.000000 0.000000 0.000000
vn 1.000000 0.000000 0.000000
vn -0.000000 1.000000 0.000000
vn -0.000000 1.000000 0.000000
vn -0.000000 1.000000 0.000000
vn -0.000000 1.000000 0.000000
vn -0.000000 -1.000000 0.000000
vn -0.000000 -1.000000 0.000000
vn -0.000000 -1.000000 0.000000
vn -0.000000 -1.000000 0.000000
vn -0.000000 0.000000 1.000000
vn -0.000000 0.000000 1.000000
vn -0.000000 0.000000 1.000000
vn -0.000000 0.000000 1.000000
vn -0.000000 0.000000 -1.000000
vn -0.000000 0.000000 -1.000000
vn -0.000000 0.000000 -1.000000
vn -0.000000 0.000000 -1.000000
vn -1.000000 0.000000 0.000000
vn -1.000000 0.000000 0.000000
vn -1.000000 0.000000 0.000000
vn -1.000000 0.000000 0.000000
vn 1.000000 0.000000 0.000000
vn 1.000000 0.000000 0.000000
vn 1.000000 0.000000 0.000000
vn 1.000000 0.000000 0.000000
vn -0.000000 1.000000 0.000000
vn -0.000000 1.000000 0.000000
vn -0.000000 1.000000 0.000000
vn -0.000000 1.000000 0.000000
vn -0.000000 -1.000000 0.000000
vn -0.000000 -1.000000 0.000000
vn -0.000000 -1.000000 0.000000
vn -0.000000 -1.000000 0.000000
vn -0.000000 0.000000 1.000000
vn -0.000000 0.000000 1.000000
vn -0.000000 0.000000 1.000000
vn -0.000000 0.000000 1.000000
vn -0.000000 0.000000 -1.000000
vn -0.000000 0.000000 -1.000000
vn -0.000000 0.000000 -1.000000
vn -0.000000 0.000000 -1.000000
vn -1.000000 0.000000 0.000000
vn -1.000000 0.000000 0.000000
vn -1.000000 0.000000 0.000000
vn -1.000000 0.000000 0.000000
vn 1.000000 0.000000 0.000000
vn 1.000000 0.000000 0.000000
vn 1.000000 0.000000 0.000000
vn 1.000000 0.000000 0.000000
vn -0.000000 1.000000 0.000000
vn -0.000000 1.000000 0.000000
vn -0.000000 1.000000 0.000000
vn -0.000000 1.000000 0.000000
vn -0.000000 -1.000000 0.000000
vn -0.000000 -1.000000 0.000000
vn -0.000000 -1.000000 0.000000
vn -0.000000 -1.000000 0.000000
vn -0.000000 0.000000 1.000000
vn -0.000000 0.000000 1.000000
vn -0.000000 0.000000 1.000000
vn -0.000000 0.000000 1.000000
vn -0.000000 0.000000 -1.000000
vn -0.000000 0.000000 -1.000000
vn -0.000000 0.000000 -1.000000
vn -0.000000 0.000000 -1.000000
vn -1.000000 0.000000 0.000000
vn -1.000000 0.000000 0.000000
vn -1.000000 0.000000 0.000000
vn -1.000000 0.000000 0.000000
vn 1.000000 0.000000 0.000000
vn 1.000000 0.000000 0.000000
vn 1.000000 0.000000 0.000000
vn 1.000000 0.000000 0.000000
vn -0.000000 1.000000 0.000000
vn -0.000000 1.000000 0.000000
vn -0.000000 1.000000 0.000000
vn -0.000000 1.000000 0.000000
vn -0.000000 -1.000000 0.000000
vn -0.000000 -1.000000 0.000000
vn -0.000000 -1.000000 0.000000
vn -0.000000 -1.000000 0.000000
vn -0.000000 0.000000 1.000000
vn -0.000000 0.000000 1.000000
vn -0.000000 0.000000 1.000000
vn -0.000000 0.000000 1.000000
vn -0.000000 0.000000 -1.000000
vn -0.000000 0.000000 -1.000000
vn -0.000000 0.000000 -1.000000
vn -0.000000 0.000000 -1.000000
vn -1.000000 0.000000 0.000000
vn -1.000000 0.000000 0.000000
vn -1.000000 0.000000 0.000000
vn -1.000000 0.000000 0.000000
vn 1.000000 0.000000 0.000000
vn 1.000000 0.000000 0.000000
vn 1.000000 0.000000 0.000000
vn 1.000000 0.000000 0.000000
vn -0.000000 1.000000 0.000000
vn -0.000000 1.000000 0.000000
vn -0.000000 1.000000 0.000000
vn -0.000000 1.000000 0.000000
vn -0.000000 -1.000000 0.000000
vn -0.000000 -1.000000 0.000000
vn -0.000000 -1.000000 0.000000
vn -0.000000 -1.000000 0.000000
vn -0.000000 0.000000 1.000000
vn -0.000000 0.000000 1.000000
vn -0.000000 0.000000 1.000000
vn -0.000000 0.000000 1.000000
vn -0.000000 0.000000 -1.000000
vn -0.000000 0.000000 -1.000000
vn -0.000000 0.000000 -1.000000
vn -0.000000 0.000000 -1.000000
vn -1.000000 0.000000 0.000000
vn -1.000000 0.000000 0.000000
vn -1.000000 0.000000 0.000000
vn -1.000000 0.000000 0.000000
vn 1.000000 0.000000 0.000000
vn 1.000000 0.000000 0.000000
vn 1.000000 0.000000 0.000000
vn 1.000000 0.000000 0.000000
vn -0.000000 1.000000 0.000000
vn -0.000000 1.000000 0.000000
vn -0.000000 1.000000 0.000000
vn -0.000000 1.000000 0.000000
vn -0.000000 -1.000000 0.000000
vn -0.000000 -1.000000 0.000000
vn -0.000000 -1.000000 0.000000
vn -0.000000 -1.000000 0.000000
vn -0.000000 0.000000 1.000000
vn -0.000000 0.000000 1.000000
vn -0.000000 0.000000 1.000000
vn -0.000000 0.000000 1.000000
vn -0.000000 0.000000 -1.000000
vn -0.000000 0.000000 -1.000000
vn -0.000000 0.000000 -1.000000
vn -0.000000 0.000000 -1.000000
vn -1.000000 0.000000 0.000000
vn -1.000000 0.000000 0.000000
vn -1.000000 0.000000 0.000000
vn -1.000000 0.000000 0.000000
vn 1.000000 0.000000 0.000000
vn 1.000000 0.000000 0.000000
vn 1.000000 0.000000 0.000000
vn 1.000000 0.000000 0.000000
vn -0.000000 1.000000 0.000000
vn -0.000000 1.000000 0.000000
vn -0.000000 1.000000 0.000000
vn -0.000000 1.000000 0.000000
vn -0.000000 -1.000000 0.000000
vn -0.000000 -1.000000 0.000000
vn -0.000000 -1.000000 0.000000
vn -0.000000 -1.000000 0.000000
vn -0.000000 0.000000 1.000000
vn -0.000000 0.000000 1.000000
vn -0.000000 0.000000 1.000000
vn -0.000000 0.000000 1.000000
vn -0.000000 0.000000 -1.000000
vn -0.000000 0.000000 -1.000000
vn -0.000000 0.000000 -1.000000
vn -0.000000 0.000000 -1.000000
vn -1.000000 0.000000 0.000000
vn -1.000000 0.000000 0.000000
vn -1.000000 0.000000 0.000000
vn -1.000000 0.000000 0.000000
vn 1.000000 0.000000 0.000000
vn 1.000000 0.000000 0.000000
vn 1.000000 0.000000 0.000000
vn 1.000000 0.000000 0.000000
vn -0.000000 1.000000 0.000000
vn -0.000000 1.000000 0.000000
vn -0.000000 1.000000 0.000000
vn -0.000000 1.000000 0.000000
vn -0.000000 -1.000000 0.000000
vn -0.000000 -1.000000 0.000000
vn -0.000000 -1.000000 0.000000
vn -0.000000 -1.000000 0.000000
vn -0.000000 0.000000 1.000000
vn -0.000000 0.000000 1.000000
vn -0.000000 0.000000 1.000000
vn -0.000000 0.000000 1.000000
vn -0.000000 0.000000 -1.000000
vn -0.000000 0.000000 -1.000000
vn -0.000000 0.000000 -1.000000
vn -0.000000 0.000000 -1.000000
vn -1.000000 0.000000 0.000000
vn -1.000000 0.000000 0.000000
vn -1.000000 0.000000 0.000000
vn -1.000000 0.000000 0.000000
vn 1.000000 0.000000 0.000000
vn 1.000000 0.000000 0.000000
vn 1.000000 0.000000 0.000000
vn 1.000000 0.000000 0.000000
vn -0.000000 1.000000 0.000000
vn -0.000000 1.000000 0.000000
vn -0.000000 1.000000 0.000000
vn -0.000000 1.000000 0.000000
vn -0.000000 -1.000000 0.000000
vn -0.000000 -1.000000 0.000000
vn -0.000000 -1.000000 0.000000
vn -0.000000 -1.000000 0.000000
vn -0.000000 0.000000 1.000000
vn -0.000000 0.000000 1.000000
vn -0.000000 0.000000 1.000000
vn -0.000000 0.000000 1.000000
vn -0.000000 0.000000 -1.000000
vn -0.000000 0.000000 -1.000000
vn -0.000000 0.000000 -1.000000
vn -0.000000 0.000000 -1.000000
vn -1.000000 0.000000 0.000000
vn -1.000000 0.000000 0.000000
vn -1.000000 0.000000 0.000000
vn -1.000000 0.000000 0.000000
vn 1.000000 0.000000 0.000000
vn 1.000000 0.000000 0.000000
vn 1.000000 0.000000 0.000000
vn 1.000000 0.000000 0.000000
vn -0.000000 1.000000 0.000000
vn -0.000000 1.000000 0.000000
vn -0.000000 1.000000 0.000000
vn -0.000000 1.000000 0.000000
vn -0.000000 -1.000000 0.000000
vn -0.000000 -1.000000 0.000000
vn -0.000000 -1.000000 0.000000
vn -0.000000 -1.000000 0.000000
vn -0.000000 0.000000 1.000000
vn -0.000000 0.000000 1.000000
vn -0.000000 0.000000 1.000000
vn -0.000000 0.000000 1.000000
vn -0.000000 0.000000 -1.000000
vn -0.000000 0.000000 -1.000000
vn -0.000000 0.000000 -1.000000
vn -0.000000 0.000000 -1.000000
vn -1.000000 0.000000 0.000000
vn -1.000000 0.000000 0.000000
vn -1.000000 0.000000 0.000000
vn -1.000000 0.000000 0.000000
vn 1.000000 0.000000 0.000000
vn 1.000000 0.000000 0.000000
vn 1.000000 0.000000 0.000000
vn 1.000000 0.000000 0.000000
vn -0.000000 1.000000 0.000000
vn -0.000000 1.000000 0.000000
vn -0.000000 1.000000 0.000000
vn -0.000000 1.000000 0.000000
vn -0.000000 -1.000000 0.000000
vn -0.000000 -1.000000 0.000000
vn -0.000000 -1.000000 0.000000
vn -0.000000 -1.000000 0.000000
vn -0.000000 0.000000 1.000000
vn -0.000000 0.000000 1.000000
vn -0.000000 0.000000 1.000000
vn -0.000000 0.000000 1.000000
vn -0.000000 0.000000 -1.000000
vn -0.000000 0.000000 -1.000000
vn -0.000000 0.000000 -1.000000
vn -0.000000 0.000000 -1.000000
vn -1.000000 0.000000 0.000000
vn -1.000000 0.000000 0.000000
vn -1.000000 0.000000 0.000000
vn -1.000000 0.000000 0.000000
vn 1.000000 0.000000 0.000000
vn 1.000000 0.000000 0.000000
vn 1.000000 0.000000 0.000000
vn 1.000000 0.000000 0.000000
vn -0.000000 1.000000 0.000000
vn -0.000000 1.000000 0.000000
vn -0.000000 1.000000 0.000000
vn -0.000000 1.000000 0.000000
vn -0.000000 -1.000000 0.000000
vn -0.000000 -1.000000 0.000000
vn -0.000000 -1.000000 0.000000
vn -0.000000 -1.000000 0.000000
vn -0.000000 0.000000 1.000000
vn -0.000000 0.000000 1.000000
vn -0.000000 0.000000 1.000000
vn -0.000000 0.000000 1.000000
vn -0.000000 0.000000 -1.000000
vn -0.000000 0.000000 -1.000000
vn -0.000000 0.000000 -1.000000
vn -0.000000 0.000000 -1.000000
vn -1.000000 0.000000 0.000000
vn -1.000000 0.000000 0.000000
vn -1.000000 0.000000 0.000000
vn -1.000000 0.000000 0.000000
vn 1.000000 0.000000 0.000000
vn 1.000000 0.000000 0.000000
vn 1.000000 0.000000 0.000000
vn 1.000000 0.000000 0.000000
vn -0.000000 1.000000 0.000000
vn -0.000000 1.000000 0.000000
vn -0.000000 1.000000 0.000000
vn -0.000000 1.000000 0.000000
vn -0.000000 -1.000000 0.000000
vn -0.000000 -1.000000 0.000000
vn -0.000000 -1.000000 0.000000
vn -0.000000 -1.000000 0.000000
vn -0.000000 0.000000 1.000000
vn -0.000000 0.000000 1.000000
vn -0.000000 0.000000 1.000000
vn -0.000000 0.000000 1.000000
vn -0.000000 0.000000 -1.000000
vn -0.000000 0.000000 -1.000000
vn -0.000000 0.000000 -1.000000
vn -0.000000 0.000000 -1.000000
vn -1.000000 0.000000 0.000000
vn -1.000000 0.000000 0.000000
vn -1.000000 0.000000 0.000000
vn -1.000000 0.000000 0.000000
vn 1.000000 0.000000 0.000000
vn 1.000000 0.000000 0.000000
vn 1.000000 0.000000 0.000000
vn 1.000000 0.000000 0.000000
vn -0.000000 1.000000 0.000000
vn -0.000000 1.000000 0.000000
vn -0.000000 1.000000 0.000000
vn -0.000000 1.000000 0.000000
vn -0.000000 -1.000000 0.000000
vn -0.000000 -1.000000 0.000000
vn -0.000000 -1.000000 0.000000
vn -0.000000 -1.000000 0.000000
vn -0.000000 0.000000 1.000000
vn -0.000000 0.000000 1.000000
vn -0.000000 0.000000 1.000000
vn -0.000000 0.000000 1.000000
vn -0.000000 0.000000 -1.000000
vn -0.000000 0.000000 -1.000000
vn -0.000000 0.000000 -1.000000
vn -0.000000 0.000000 -1.000000
vn -1.000000 0.000000 0.000000
vn -1.000000 0.000000 0.000000
vn -1.000000 0.000000 0.000000
vn -1.000000 0.000000 0.000000
vn 1.000000 0.000000 0.000000
vn 1.000000 0.000000 0.000000
vn 1.000000 0.000000 0.000000
vn 1.000000 0.000000 0.000000
vn -0.000000 1.000000 0.000000
vn -0.000000 1.000000 0.000000
vn -0.000000 1.000000 0.000000
vn -0.000000 1.000000 0.000000
vn -0.000000 -1.000000 0.000000
vn -0.000000 -1.000000 0.000000
vn -0.000000 -1.000000 0.000000
vn -0.000000 -1.000000 0.000000
vn -0.000000 0.000000 1.000000
vn -0.000000 0.000000 1.000000
vn -0.000000 0.000000 1.000000
vn -0.000000 0.000000 1.000000
vn -0.000000 0.000000 -1.000000
vn -0.000000 0.000000 -1.000000
vn -0.000000 0.000000 -1.000000
vn -0.000000 0.000000 -1.000000
vn -1.000000 0.000000 0.000000
vn -1.000000 0.000000 0.000000
vn -1.000000 0.000000 0.000000
vn -1.000000 0.000000 0.000000
vn 1.000000 0.000000 0.000000
vn 1.000000 0.000000 0.000000
vn 1.000000 0.000000 0.000000
vn 1.000000 0.000000 0.000000
vn -0.000000 1.000000 0.000000
vn -0.000000 1.000000 0.000000
vn -0.000000 1.000000 0.000000
vn -0.000000 1.000000 0.000000
vn -0.000000 -1.000000 0.000000
vn -0.000000 -1.000000 0.000000
vn -0.000000 -1.000000 0.000000
vn -0.000000 -1.000000 0.000000
vn -0.000000 0.000000 1.000000
vn -0.000000 0.000000 1.000000
vn -0.000000 0.000000 1.000000
vn -0.000000 0.000000 1.000000
vn -0.000000 0.000000 -1.000000
vn -0.000000 0.000000 -1.000000
vn -0.000000 0.000000 -1.000000
vn -0.000000 0.000000 -1.000000
vn -1.000000 0.000000 0.000000
vn -1.000000 0.000000 0.000000
vn -1.000000 0.000000 0.000000
vn -1.000000 0.000000 0.000000
vn 1.000000 0.000000 0.000000
vn 1.000000 0.000000 0.000000
vn 1.000000 0.000000 0.000000
vn 1.000000 0.000000 0.000000
vn -0.000000 1.000000 0.000000
vn -0.000000 1.000000 0.000000
vn -0.000000 1.000000 0.000000
vn -0.000000 1.000000 0.000000
vn -0.000000 -1.000000 0.000000
vn -0.000000 -1.000000 0.000000
vn -0.000000 -1.000000 0.000000
vn -0.000000 -1.000000 0.000000
vn -0.000000 0.000000 1.000000
vn -0.000000 0.000000 1.000000
vn -0.000000 0.000000 1.000000
vn -0.000000 0.000000 1.000000
vn -0.000000 0.000000 -1.000000
vn -0.000000 0.000000 -1.000000
vn -0.000000 0.000000 -1.000000
vn -0.000000 0.000000 -1.000000
vn -0.707107 0.707107 0.000000
vn -0.707107 0.707107 0.000000
vn -0.707107 0.707107 0.000000
vn -0.707107 0.707107 0.000000
vn 0.707107 -0.707107 0.000000
vn 0.707107 -0.707107 0.000000
vn 0.707107 -0.707107 0.000000
vn 0.707107 -0.707107 0.000000
vn 0.707107 0.707107 0.000000
vn 0.707107 0.707107 0.000000
vn 0.707107 0.707107 0.000000
vn 0.707107 0.707107 0.000000
vn -0.707107 -0.707107 0.000000
vn -0.707107 -0.707107 0.000000
vn -0.707107 -0.707107 0.000000
vn -0.707107 -0.707107 0.000000
vn -0.000000 0.000000 1.000000
vn -0.000000 0.000000 1.000000
vn -0.000000 0.000000 1.000000
vn -0.000000 0.000000 1.000000
vn -0.000000 0.000000 -1.000000
vn -0.000000 0.000000 -1.000000
vn -0.000000 0.000000 -1.000000
vn -0.000000 0.000000 -1.000000
vn -0.707107 -0.707107 0.000000
vn -0.707107 -0.707107 0.000000
vn -0.707107 -0.707107 0.000000
vn -0.707107 -0.707107 0.000000
vn 0.707107 0.707107 0.000000
vn 0.707107 0.707107 0.000000
vn 0.707107 0.707107 0.000000
vn 0.707107 0.707107 0.000000
vn -0.707107 0.707107 0.000000
vn -0.707107 0.707107 0.000000
vn -0.707107 0.707107 0.000000
vn -0.707107 0.707107 0.000000
vn 0.707107 -0.707107 0.000000
vn 0.707107 -0.707107 0.000000
vn 0.707107 -0.707107 0.000000
vn 0.707107 -0.707107 0.000000
vn -0.000000 0.000000 1.000000
vn -0.000000 0.000000 1.000000
vn -0.000000 0.000000 1.000000
vn -0.000000 0.000000 1.000000
vn -0.000000 0.000000 -1.000000
vn -0.000000 0.000000 -1.000000
vn -0.000000 0.000000 -1.000000
vn -0.000000 0.000000 -1.000000
vn -0.923880 -0.382683 0.000000
vn -0.923880 -0.382683 0.000000
vn -0.923880 -0.382683 0.000000
vn -0.923880 -0.382683 0.000000
vn 0.923880 0.382683 0.000000
vn 0.923880 0.382683 0.000000
vn 0.923880 0.382683 0.000000
vn 0.923880 0.382683 0.000000
vn -0.382683 0.923880 0.000000
vn -0.382683 0.923880 0.000000
vn -0.382683 0.923880 0.000000
vn -0.382683 0.923880 0.000000
vn 0.382683 -0.923880 0.000000
vn 0.382683 -0.923880 0.000000
vn 0.382683 -0.923880 0.000000
vn 0.382683 -0.923880 0.000000
vn -0.000000 0.000000 1.000000
vn -0.000000 0.000000 1.000000
vn -0.000000 0.000000 1.000000
vn -0.000000 0.000000 1.000000
vn -0.000000 0.000000 -1.000000
vn -0.000000 0.000000 -1.000000
vn -0.000000 0.000000 -1.000000
vn -0.000000 0.000000 -1.000000
vn -1.000000 0.000000 0.000000
vn -1.000000 0.000000 0.000000
vn -1.000000 0.000000 0.000000
vn -1.000000 0.000000 0.000000
vn 1.000000 0.000000 0.000000
vn 1.000000 0.000000 0.000000
vn 1.000000 0.000000 0.000000
vn 1.000000 0.000000 0.000000
vn -0.000000 1.000000 0.000000
vn -0.000000 1.000000 0.000000
vn -0.000000 1.000000 0.000000
vn -0.000000 1.000000 0.000000
vn -0.000000 -1.000000 0.000000
vn -0.000000 -1.000000 0.000000
vn -0.000000 -1.000000 0.000000
vn -0.000000 -1.000000 0.000000
vn -0.000000 0.000000 1.000000
vn -0.000000 0.000000 1.000000
vn -0.000000 0.000000 1.000000
vn -0.000000 0.000000 1.000000
vn -0.000000 0.000000 -1.000000
vn -0.000000 0.000000 -1.000000
vn -0.000000 0.000000 -1.000000
vn -0.000000 0.000000 -1.000000
vn -1.000000 0.000000 0.000000
vn -1.000000 0.000000 0.000000
vn -1.000000 0.000000 0.000000
vn -1.000000 0.000000 0.000000
vn 1.000000 0.000000 0.000000
vn 1.000000 0.000000 0.000000
vn 1.000000 0.000000 0.000000
vn 1.000000 0.000000 0.000000
vn -0.000000 1.000000 0.000000
vn -0.000000 1.000000 0.000000
vn -0.000000 1.000000 0.000000
vn -0.000000 1.000000 0.000000
vn -0.000000 -1.000000 0.000000
vn -0.000000 -1.000000 0.000000
vn -0.000000 -1.000000 0.000000
vn -0.000000 -1.000000 0.000000
vn -0.000000 0.000000 1.000000
vn -0.000000 0.000000 1.000000
vn -0.000000 0.000000 1.000000
vn -0.000000 0.000000 1.000000
vn -0.000000 0.000000 -1.000000
vn -0.000000 0.000000 -1.000000
vn -0.000000 0.000000 -1.000000
vn -0.000000 0.000000 -1.000000
vn -1.000000 0.000000 0.000000
vn -1.000000 0.000000 0.000000
vn -1.000000 0.000000 0.000000
vn -1.000000 0.000000 0.000000
vn 1.000000 0.000000 0.000000
vn 1.000000 0.000000 0.000000
vn 1.000000 0.000000 0.000000
vn 1.000000 0.000000 0.000000
vn -0.000000 1.000000 0.000000
vn -0.000000 1.000000 0.000000
vn -0.000000 1.000000 0.000000
vn -0.000000 1.000000 0.000000
vn -0.000000 -1.000000 -0.000000
vn -0.000000 -1.000000 -0.000000
vn -0.000000 -1.000000 -0.000000
vn -0.000000 -1.000000 -0.000000
vn -0.000000 -0.000000 1.000000
vn -0.000000 -0.000000 1.000000
vn -0.000000 -0.000000 1.000000
vn -0.000000 -0.000000 1.000000
vn -0.000000 0.000000 -1.000000
vn -0.000000 0.000000 -1.000000
vn -0.000000 0.000000 -1.000000
vn -0.000000 0.000000 -1.000000
vn -1.000000 0.000000 0.000000
vn -1.000000 0.000000 0.000000
vn -1.000000 0.000000 0.000000
vn -1.000000 0.000000 0.000000
vn 1.000000 0.000000 0.000000
vn 1.000000 0.000000 0.000000
vn 1.000000 0.000000 0.000000
vn 1.000000 0.000000 0.000000
vn -0.000000 1.000000 0.000000
vn -0.000000 1.000000 0.000000
vn -0.000000 1.000000 0.000000
vn -0.000000 1.000000 0.000000
vn -0.000000 -1.000000 -0.000000
vn -0.000000 -1.000000 -0.000000
vn -0.000000 -1.000000 -0.000000
vn -0.000000 -1.000000 -0.000000
vn -0.000000 -0.000000 1.000000
vn -0.000000 -0.000000 1.000000
vn -0.000000 -0.000000 1.000000
vn -0.000000 -0.000000 1.000000
vn -0.000000 0.000000 -1.000000
vn -0.000000 0.000000 -1.000000
vn -0.000000 0.000000 -1.000000
vn -0.000000 0.000000 -1.000000
vn -1.000000 0.000000 0.000000
vn -1.000000 0.000000 0.000000
vn -1.000000 0.000000 0.000000
vn -1.000000 0.000000 0.000000
vn 1.000000 0.000000 0.000000
vn 1.000000 0.000000 0.000000
vn 1.000000 0.000000 0.000000
vn 1.000000 0.000000 0.000000
vn -0.000000 0.923880 -0.382683
vn -0.000000 0.923880 -0.382683
vn -0.000000 0.923880 -0.382683
vn -0.000000 0.923880 -0.382683
vn -0.000000 -0.923880 0.382683
vn -0.000000 -0.923880 0.382683
vn -0.000000 -0.923880 0.382683
vn -0.000000 -0.923880 0.382683
vn -0.000000 0.382683 0.923880
vn -0.000000 0.382683 0.923880
vn -0.000000 0.382683 0.923880
vn -0.000000 0.382683 0.923880
vn -0.000000 -0.382683 -0.923880
vn -0.000000 -0.382683 -0.923880
vn -0.000000 -0.382683 -0.923880
vn -0.000000 -0.382683 -0.923880
vn -1.000000 0.000000 0.000000
vn -1.000000 0.000000 0.000000
vn -1.000000 0.000000 0.000000
vn -1.000000 0.000000 0.000000
vn 1.000000 0.000000 0.000000
vn 1.000000 0.000000 0.000000
vn 1.000000 0.000000 0.000000
vn 1.000000 0.000000 0.000000
vn -0.000000 1.000000 0.000000
vn -0.000000 1.000000 0.000000
vn -0.000000 1.000000 0.000000
vn -0.000000 1.000000 0.000000
vn -0.000000 -1.000000 -0.000000
vn -0.000000 -1.000000 -0.000000
vn -0.000000 -1.000000 -0.000000
vn -0.000000 -1.000000 -0.000000
vn -0.000000 -0.000000 1.000000
vn -0.000000 -0.000000 1.000000
vn -0.000000 -0.000000 1.000000
vn -0.000000 -0.000000 1.000000
vn -0.000000 0.000000 -1.000000
vn -0.000000 0.000000 -1.000000
vn -0.000000 0.000000 -1.000000
vn -0.000000 0.000000 -1.000000
vn -1.000000 0.000000 0.000000
vn -1.000000 0.000000 0.000000
vn -1.000000 0.000000 0.000000
vn -1.000000 0.000000 0.000000
vn 1.000000 0.000000 0.000000
vn 1.000000 0.000000 0.000000
vn 1.000000 0.000000 0.000000
vn 1.000000 0.000000 0.000000
vn -0.000000 1.000000 0.000000
vn -0.000000 1.000000 0.000000
vn -0.000000 1.000000 0.000000
vn -0.000000 1.000000 0.000000
vn -0.000000 -1.000000 0.000000
vn -0.000000 -1.000000 0.000000
vn -0.000000 -1.000000 0.000000
vn -0.000000 -1.000000 0.000000
vn -0.000000 0.000000 1.000000
vn -0.000000 0.000000 1.000000
vn -0.000000 0.000000 1.000000
vn -0.000000 0.000000 1.000000
vn -0.000000 0.000000 -1.000000
vn -0.000000 0.000000 -1.000000
vn -0.000000 0.000000 -1.000000
vn -0.000000 0.000000 -1.000000
vn -1.000000 0.000000 0.000000
vn -1.000000 0.000000 0.000000
vn -1.000000 0.000000 0.000000
vn -1.000000 0.000000 0.000000
vn 1.000000 0.000000 0.000000
vn 1.000000 0.000000 0.000000
vn 1.000000 0.000000 0.000000
vn 1.000000 0.000000 0.000000
vn -0.000000 1.000000 0.000000
vn -0.000000 1.000000 0.000000
vn -0.000000 1.000000 0.000000
vn -0.000000 1.000000 0.000000
vn -0.000000 -1.000000 0.000000
vn -0.000000 -1.000000 0.000000
vn -0.000000 -1.000000 0.000000
vn -0.000000 -1.000000 0.000000
vn -0.000000 0.000000 1.000000
vn -0.000000 0.000000 1.000000
vn -0.000000 0.000000 1.000000
vn -0.000000 0.000000 1.000000
vn -0.000000 0.000000 -1.000000
vn -0.000000 0.000000 -1.000000
vn -0.000000 0.000000 -1.000000
vn -0.000000 0.000000 -1.000000
vn -1.000000 0.000000 0.000000
vn -1.000000 0.000000 0.000000
vn -1.000000 0.000000 0.000000
vn -1.000000 0.000000 0.000000
vn 1.000000 0.000000 0.000000
vn 1.000000 0.000000 0.000000
vn 1.000000 0.000000 0.000000
vn 1.000000 0.000000 0.000000
vn -0.000000 1.000000 0.000000
vn -0.000000 1.000000 0.000000
vn -0.000000 1.000000 0.000000
vn -0.000000 1.000000 0.000000
vn -0.000000 -1.000000 0.000000
vn -0.000000 -1.000000 0.000000
vn -0.000000 -1.000000 0.000000
vn -0.000000 -1.000000 0.000000
vn -0.000000 0.000000 1.000000
vn -0.000000 0.000000 1.000000
vn -0.000000 0.000000 1.000000
vn -0.000000 0.000000 1.000000
vn -0.000000 0.000000 -1.000000
vn -0.000000 0.000000 -1.000000
vn -0.000000 0.000000 -1.000000
vn -0.000000 0.000000 -1.000000
vn -1.000000 0.000000 0.000000
vn -1.000000 0.000000 0.000000
vn -1.000000 0.000000 0.000000
vn -1.000000 0.000000 0.000000
vn 1.000000 0.000000 0.000000
vn 1.000000 0.000000 0.000000
vn 1.000000 0.000000 0.000000
vn 1.000000 0.000000 0.000000
vn -0.000000 0.923880 0.382683
vn -0.000000 0.923880 0.382683
vn -0.000000 0.923880 0.382683
vn -0.000000 0.923880 0.382683
vn -0.000000 -0.923880 -0.382683
vn -0.000000 -0.923880 -0.382683
vn -0.000000 -0.923880 -0.382683
vn -0.000000 -0.923880 -0.382683
vn -0.000000 -0.382683 0.923880
vn -0.000000 -0.382683 0.923880
vn -0.000000 -0.382683 0.923880
vn -0.000000 -0.382683 0.923880
vn -0.000000 0.382683 -0.923880
vn -0.000000 0.382683 -0.923880
vn -0.000000 0.382683 -0.923880
vn -0.000000 0.382683 -0.923880
vn -1.000000 0.000000 0.000000
vn -1.000000 0.000000 0.000000
vn -1.000000 0.000000 0.000000
vn -1.000000 0.000000 0.000000
vn 1.000000 0.000000 0.000000
vn 1.000000 0.000000 0.000000
vn 1.000000 0.000000 0.000000
vn 1.000000 0.000000 0.000000
vn -0.000000 1.000000 0.000000
vn -0.000000 1.000000 0.000000
vn -0.000000 1.000000 0.000000
vn -0.000000 1.000000 0.000000
vn -0.000000 -1.000000 0.000000
vn -0.000000 -1.000000 0.000000
vn -0.000000 -1.000000 0.000000
vn -0.000000 -1.000000 0.000000
vn -0.000000 0.000000 1.000000
vn -0.000000 0.000000 1.000000
vn -0.000000 0.000000 1.000000
vn -0.000000 0.000000 1.000000
vn -0.000000 0.000000 -1.000000
vn -0.000000 0.000000 -1.000000
vn -0.000000 0.000000 -1.000000
vn -0.000000 0.000000 -1.000000
vn -1.000000 0.000000 0.000000
vn -1.000000 0.000000 0.000000
vn -1.000000 0.000000 0.000000
vn -1.000000 0.000000 0.000000
vn 1.000000 0.000000 0.000000
vn 1.000000 0.000000 0.000000
vn 1.000000 0.000000 0.000000
vn 1.000000 0.000000 0.000000
vn -0.000000 1.000000 0.000000
vn -0.000000 1.000000 0.000000
vn -0.000000 1.000000 0.000000
vn -0.000000 1.000000 0.000000
vn -0.000000 -1.000000 0.000000
vn -0.000000 -1.000000 0.000000
vn -0.000000 -1.000000 0.000000
vn -0.000000 -1.000000 0.000000
vn -0.000000 0.000000 1.000000
vn -0.000000 0.000000 1.000000
vn -0.000000 0.000000 1.000000
vn -0.000000 0.000000 1.000000
vn -0.000000 0.000000 -1.000000
vn -0.000000 0.000000 -1.000000
vn -0.000000 0.000000 -1.000000
vn -0.000000 0.000000 -1.000000
vn -1.000000 0.000000 0.000000
vn -1.000000 0.000000 0.000000
vn -1.000000 0.000000 0.000000
vn -1.000000 0.000000 0.000000
vn 1.000000 0.000000 0.000000
vn 1.000000 0.000000 0.000000
vn 1.000000 0.000000 0.000000
vn 1.000000 0.000000 0.000000
vn -0.000000 1.000000 0.000000
vn -0.000000 1.000000 0.000000
vn -0.000000 1.000000 0.000000
vn -0.000000 1.000000 0.000000
vn -0.000000 -1.000000 0.000000
vn -0.000000 -1.000000 0.000000
vn -0.000000 -1.000000 0.000000
vn -0.000000 -1.000000 0.000000
vn -0.000000 0.000000 1.000000
vn -0.000000 0.000000 1.000000
vn -0.000000 0.000000 1.000000
vn -0.000000 0.000000 1.000000
vn -0.000000 0.000000 -1.000000
vn -0.000000 0.000000 -1.000000
vn -0.000000 0.000000 -1.000000
vn -0.000000 0.000000 -1.000000
vn -1.000000 0.000000 0.000000
vn -1.000000 0.000000 0.000000
vn -1.000000 0.000000 0.000000
vn -1.000000 0.000000 0.000000
vn 1.000000 0.000000 0.000000
vn 1.000000 0.000000 0.000000
vn 1.000000 0.000000 0.000000
vn 1.000000 0.000000 0.000000
vn -0.000000 1.000000 0.000000
vn -0.000000 1.000000 0.000000
vn -0.000000 1.000000 0.000000
vn -0.000000 1.000000 0.000000
vn -0.000000 -1.000000 0.000000
vn -0.000000 -1.000000 0.000000
vn -0.000000 -1.000000 0.000000
vn -0.000000 -1.000000 0.000000
vn -0.000000 0.000000 1.000000
vn -0.000000 0.000000 1.000000
vn -0.000000 0.000000 1.000000
vn -0.000000 0.000000 1.000000
vn -0.000000 0.000000 -1.000000
vn -0.000000 0.000000 -1.000000
vn -0.000000 0.000000 -1.000000
vn -0.000000 0.000000 -1.000000
vn -1.000000 0.000000 0.000000
vn -1.000000 0.000000 0.000000
vn -1.000000 0.000000 0.000000
vn -1.000000 0.000000 0.000000
vn 1.000000 0.000000 0.000000
vn 1.000000 0.000000 0.000000
vn 1.000000 0.000000 0.000000
vn 1.000000 0.000000 0.000000
vn -0.000000 1.000000 0.000000
vn -0.000000 1.000000 0.000000
vn -0.000000 1.000000 0.000000
vn -0.000000 1.000000 0.000000
vn -0.000000 -1.000000 0.000000
vn -0.000000 -1.000000 0.000000
vn -0.000000 -1.000000 0.000000
vn -0.000000 -1.000000 0.000000
vn -0.000000 0.000000 1.000000
vn -0.000000 0.000000 1.000000
vn -0.000000 0.000000 1.000000
vn -0.000000 0.000000 1.000000
vn -0.000000 0.000000 -1.000000
vn -0.000000 0.000000 -1.000000
vn -0.000000 0.000000 -1.000000
vn -0.000000 0.000000 -1.000000
vn -1.000000 0.000000 0.000000
vn -1.000000 0.000000 0.000000
vn -1.000000 0.000000 0.000000
vn -1.000000 0.000000 0.000000
vn 1.000000 0.000000 0.000000
vn 1.000000 0.000000 0.000000
vn 1.000000 0.000000 0.000000
vn 1.000000 0.000000 0.000000
vn -0.000000 0.923880 0.382683
vn -0.000000 0.923880 0.382683
vn -0.000000 0.923880 0.382683
vn -0.000000 0.923880 0.382683
vn -0.000000 -0.923880 -0.382683
vn -0.000000 -0.923880 -0.382683
vn -0.000000 -0.923880 -0.382683
vn -0.000000 -0.923880 -0.382683
vn -0.000000 -0.382683 0.923880
vn -0.000000 -0.382683 0.923880
vn -0.000000 -0.382683 0.923880
vn -0.000000 -0.382683 0.923880
vn -0.000000 0.382683 -0.923880
vn -0.000000 0.382683 -0.923880
vn -0.000000 0.382683 -0.923880
vn -0.000000 0.382683 -0.923880
vn -1.000000 0.000000 0.000000
vn -1.000000 0.000000 0.000000
vn -1.000000 0.000000 0.000000
vn -1.000000 0.000000 0.000000
vn 1.000000 0.000000 0.000000
vn 1.000000 0.000000 0.000000
vn 1.000000 0.000000 0.000000
vn 1.000000 0.000000 0.000000
vn -0.000000 0.923880 0.382683
vn -0.000000 0.923880 0.382683
vn -0.000000 0.923880 0.382683
vn -0.000000 0.923880 0.382683
vn -0.000000 -0.923880 -0.382683
vn -0.000000 -0.923880 -0.382683
vn -0.000000 -0.923880 -0.382683
vn -0.000000 -0.923880 -0.382683
vn -0.000000 -0.382683 0.923880
vn -0.000000 -0.382683 0.923880
vn -0.000000 -0.382683 0.923880
vn -0.000000 -0.382683 0.923880
vn -0.000000 0.382683 -0.923880
vn -0.000000 0.382683 -0.923880
vn -0.000000 0.382683 -0.923880
vn -0.000000 0.382683 -0.923880
vn -1.000000 0.000000 0.000000
vn -1.000000 0.000000 0.000000
vn -1.000000 0.000000 0.000000
vn -1.000000 0.000000 0.000000
vn 1.000000 0.000000 0.000000
vn 1.000000 0.000000 0.000000
vn 1.000000 0.000000 0.000000
vn 1.000000 0.000000 0.000000
vn -0.000000 1.000000 0.000000
vn -0.000000 1.000000 0.000000
vn -0.000000 1.000000 0.000000
vn -0.000000 1.000000 0.000000
vn -0.000000 -1.000000 0.000000
vn -0.000000 -1.000000 0.000000
vn -0.000000 -1.000000 0.000000
vn -0.000000 -1.000000 0.000000
vn -0.000000 0.000000 1.000000
vn -0.000000 0.000000 1.000000
vn -0.000000 0.000000 1.000000
vn -0.000000 0.000000 1.000000
vn -0.000000 0.000000 -1.000000
vn -0.000000 0.000000 -1.000000
vn -0.000000 0.000000 -1.000000
vn -0.000000 0.000000 -1.000000
vn -1.000000 0.000000 0.000000
vn -1.000000 0.000000 0.000000
vn -1.000000 0.000000 0.000000
vn -1.000000 0.000000 0.000000
vn 1.000000 0.000000 0.000000
vn 1.000000 0.000000 0.000000
vn 1.000000 0.000000 0.000000
vn 1.000000 0.000000 0.000000
vn -0.000000 1.000000 0.000000
vn -0.000000 1.000000 0.000000
vn -0.000000 1.000000 0.000000
vn -0.000000 1.000000 0.000000
vn -0.000000 -1.000000 0.000000
vn -0.000000 -1.000000 0.000000
vn -0.000000 -1.000000 0.000000
vn -0.000000 -1.000000 0.000000
vn -0.000000 0.000000 1.000000
vn -0.000000 0.000000 1.000000
vn -0.000000 0.000000 1.000000
vn -0.000000 0.000000 1.000000
vn -0.000000 0.000000 -1.000000
vn -0.000000 0.000000 -1.000000
vn -0.000000 0.000000 -1.000000
vn -0.000000 0.000000 -1.000000
vn -1.000000 0.000000 0.000000
vn -1.000000 0.000000 0.000000
vn -1.000000 0.000000 0.000000
vn -1.000000 0.000000 0.000000
vn 1.000000 0.000000 0.000000
vn 1.000000 0.000000 0.000000
vn 1.000000 0.000000 0.000000
vn 1.000000 0.000000 0.000000
vn -0.000000 1.000000 0.000000
vn -0.000000 1.000000 0.000000
vn -0.000000 1.000000 0.000000
vn -0.000000 1.000000 0.000000
vn -0.000000 -1.000000 0.000000
vn -0.000000 -1.000000 0.000000
vn -0.000000 -1.000000 0.000000
vn -0.000000 -1.000000 0.000000
vn -0.000000 0.000000 1.000000
vn -0.000000 0.000000 1.000000
vn -0.000000 0.000000 1.000000
vn -0.000000 0.000000 1.000000
vn -0.000000 0.000000 -1.000000
vn -0.000000 0.000000 -1.000000
vn -0.000000 0.000000 -1.000000
vn -0.000000 0.000000 -1.000000
vn -0.707107 0.000000 0.707107
vn -0.707107 0.000000 0.707107
vn -0.707107 0.000000 0.707107
vn -0.707107 0.000000 0.707107
vn 0.707107 0.000000 -0.707107
vn 0.707107 0.000000 -0.707107
vn 0.707107 0.000000 -0.707107
vn 0.707107 0.000000 -0.707107
vn -0.000000 1.000000 0.000000
vn -0.000000 1.000000 0.000000
vn -0.000000 1.000000 0.000000
vn -0.000000 1.000000 0.000000
vn -0.000000 -1.000000 0.000000
vn -0.000000 -1.000000 0.000000
vn -0.000000 -1.000000 0.000000
vn -0.000000 -1.000000 0.000000
vn 0.707107 0.000000 0.707107
vn 0.707107 0.000000 0.707107
vn 0.707107 0.000000 0.707107
vn 0.707107 0.000000 0.707107
vn -0.707107 0.000000 -0.707107
vn -0.707107 0.000000 -0.707107
vn -0.707107 0.000000 -0.707107
vn -0.707107 0.000000 -0.707107
vn -0.707107 0.000000 0.707107
vn -0.707107 0.000000 0.707107
vn -0.707107 0.000000 0.707107
vn -0.707107 0.000000 0.707107
vn 0.707107 0.000000 -0.707107
vn 0.707107 0.000000 -0.707107
vn 0.707107 0.000000 -0.707107
vn 0.707107 0.000000 -0.707107
vn -0.000000 1.000000 0.000000
vn -0.000000 1.000000 0.000000
vn -0.000000 1.000000 0.000000
vn -0.000000 1.000000 0.000000
vn -0.000000 -1.000000 0.000000
vn -0.000000 -1.000000 0.000000
vn -0.000000 -1.000000 0.000000
vn -0.000000 -1.000000 0.000000
vn 0.707107 0.000000 0.707107
vn 0.707107 0.000000 0.707107
vn 0.707107 0.000000 0.707107
vn 0.707107 0.000000 0.707107
vn -0.707107 0.000000 -0.707107
vn -0.707107 0.000000 -0.707107
vn -0.707107 0.000000 -0.707107
vn -0.707107 0.000000 -0.707107
vn -1.000000 0.000000 0.000000
vn -1.000000 0.000000 0.000000
vn -1.000000 0.000000 0.000000
vn -1.000000 0.000000 0.000000
vn 1.000000 0.000000 0.000000
vn 1.000000 0.000000 0.000000
vn 1.000000 0.000000 0.000000
vn 1.000000 0.000000 0.000000
vn -0.000000 1.000000 0.000000
vn -0.000000 1.000000 0.000000
vn -0.000000 1.000000 0.000000
vn -0.000000 1.000000 0.000000
vn -0.000000 -1.000000 0.000000
vn -0.000000 -1.000000 0.000000
vn -0.000000 -1.000000 0.000000
vn -0.000000 -1.000000 0.000000
vn -0.000000 0.000000 1.000000
vn -0.000000 0.000000 1.000000
vn -0.000000 0.000000 1.000000
vn -0.000000 0.000000 1.000000
vn -0.000000 0.000000 -1.000000
vn -0.000000 0.000000 -1.000000
vn -0.000000 0.000000 -1.000000
vn -0.000000 0.000000 -1.000000
vn -1.000000 0.000000 0.000000
vn -1.000000 0.000000 0.000000
vn -1.000000 0.000000 0.000000
vn -1.000000 0.000000 0.000000
vn 1.000000 0.000000 0.000000
vn 1.000000 0.000000 0.000000
vn 1.000000 0.000000 0.000000
vn 1.000000 0.000000 0.000000
vn -0.000000 0.923880 0.382683
vn -0.000000 0.923880 0.382683
vn -0.000000 0.923880 0.382683
vn -0.000000 0.923880 0.382683
vn -0.000000 -0.923880 -0.382683
vn -0.000000 -0.923880 -0.382683
vn -0.000000 -0.923880 -0.382683
vn -0.000000 -0.923880 -0.382683
vn -0.000000 -0.382683 0.923880
vn -0.000000 -0.382683 0.923880
vn -0.000000 -0.382683 0.923880
vn -0.000000 -0.382683 0.923880
vn -0.000000 0.382683 -0.923880
vn -0.000000 0.382683 -0.923880
vn -0.000000 0.382683 -0.923880
vn -0.000000 0.382683 -0.923880
vn -1.000000 0.000000 0.000000
vn -1.000000 0.000000 0.000000
vn -1.000000 0.000000 0.000000
vn -1.000000 0.000000 0.000000
vn 1.000000 0.000000 0.000000
vn 1.000000 0.000000 0.000000
vn 1.000000 0.000000 0.000000
vn 1.000000 0.000000 0.000000
vn -0.000000 1.000000 0.000000
vn -0.000000 1.000000 0.000000
vn -0.000000 1.000000 0.000000
vn -0.000000 1.000000 0.000000
vn -0.000000 -1.000000 0.000000
vn -0.000000 -1.000000 0.000000
vn -0.000000 -1.000000 0.000000
vn -0.000000 -1.000000 0.000000
vn -0.000000 0.000000 1.000000
vn -0.000000 0.000000 1.000000
vn -0.000000 0.000000 1.000000
vn -0.000000 0.000000 1.000000
vn -0.000000 0.000000 -1.000000
vn -0.000000 0.000000 -1.000000
vn -0.000000 0.000000 -1.000000
vn -0.000000 0.000000 -1.000000
vn -1.000000 0.000000 0.000000
vn -1.000000 0.000000 0.000000
vn -1.000000 0.000000 0.000000
vn -1.000000 0.000000 0.000000
vn 1.000000 0.000000 0.000000
vn 1.000000 0.000000 0.000000
vn 1.000000 0.000000 0.000000
vn 1.000000 0.000000 0.000000
vn -0.000000 1.000000 0.000000
vn -0.000000 1.000000 0.000000
vn -0.000000 1.000000 0.000000
vn -0.000000 1.000000 0.000000
vn -0.000000 -1.000000 0.000000
vn -0.000000 -1.000000 0.000000
vn -0.000000 -1.000000 0.000000
vn -0.000000 -1.000000 0.000000
vn -0.000000 0.000000 1.000000
vn -0.000000 0.000000 1.000000
vn -0.000000 0.000000 1.000000
vn -0.000000 0.000000 1.000000
vn -0.000000 0.000000 -1.000000
vn -0.000000 0.000000 -1.000000
vn -0.000000 0.000000 -1.000000
vn -0.000000 0.000000 -1.000000
vn -1.000000 0.000000 0.000000
vn -1.000000 0.000000 0.000000
vn -1.000000 0.000000 0.000000
vn -1.000000 0.000000 0.000000
vn 1.000000 0.000000 0.000000
vn 1.000000 0.000000 0.000000
vn 1.000000 0.000000 0.000000
vn 1.000000 0.000000 0.000000
vn -0.000000 1.000000 0.000000
vn -0.000000 1.000000 0.000000
vn -0.000000 1.000000 0.000000
vn -0.000000 1.000000 0.000000
vn -0.000000 -1.000000 0.000000
vn -0.000000 -1.000000 0.000000
vn -0.000000 -1.000000 0.000000
vn -0.000000 -1.000000 0.000000
vn -0.000000 0.000000 1.000000
vn -0.000000 0.000000 1.000000
vn -0.000000 0.000000 1.000000
vn -0.000000 0.000000 1.000000
vn -0.000000 0.000000 -1.000000
vn -0.000000 0.000000 -1.000000
vn -0.000000 0.000000 -1.000000
vn -0.000000 0.000000 -1.000000
vn -1.000000 0.000000 0.000000
vn -1.000000 0.000000 0.000000
vn -1.000000 0.000000 0.000000
vn -1.000000 0.000000 0.000000
vn 1.000000 0.000000 0.000000
vn 1.000000 0.000000 0.000000
vn 1.000000 0.000000 0.000000
vn 1.000000 0.000000 0.000000
vn -0.000000 1.000000 0.000000
vn -0.000000 1.000000 0.000000
vn -0.000000 1.000000 0.000000
vn -0.000000 1.000000 0.000000
vn -0.000000 -1.000000 0.000000
vn -0.000000 -1.000000 0.000000
vn -0.000000 -1.000000 0.000000
vn -0.000000 -1.000000 0.000000
vn -0.000000 0.000000 1.000000
vn -0.000000 0.000000 1.000000
vn -0.000000 0.000000 1.000000
vn -0.000000 0.000000 1.000000
vn -0.000000 0.000000 -1.000000
vn -0.000000 0.000000 -1.000000
vn -0.000000 0.000000 -1.000000
vn -0.000000 0.000000 -1.000000
vn -1.000000 0.000000 0.000000
vn -1.000000 0.000000 0.000000
vn -1.000000 0.000000 0.000000
vn -1.000000 0.000000 0.000000
vn 1.000000 0.000000 0.000000
vn 1.000000 0.000000 0.000000
vn 1.000000 0.000000 0.000000
vn 1.000000 0.000000 0.000000
vn -0.000000 1.000000 0.000000
vn -0.000000 1.000000 0.000000
vn -0.000000 1.000000 0.000000
vn -0.000000 1.000000 0.000000
vn -0.000000 -1.000000 0.000000
vn -0.000000 -1.000000 0.000000
vn -0.000000 -1.000000 0.000000
vn -0.000000 -1.000000 0.000000
vn -0.000000 0.000000 1.000000
vn -0.000000 0.000000 1.000000
vn -0.000000 0.000000 1.000000
vn -0.000000 0.000000 1.000000
vn -0.000000 0.000000 -1.000000
vn -0.000000 0.000000 -1.000000
vn -0.000000 0.000000 -1.000000
vn -0.000000 0.000000 -1.000000
vn -1.000000 0.000000 0.000000
vn -1.000000 0.000000 0.000000
vn -1.000000 0.000000 0.000000
vn -1.000000 0.000000 0.000000
vn 1.000000 0.000000 0.000000
vn 1.000000 0.000000 0.000000
vn 1.000000 0.000000 0.000000
vn 1.000000 0.000000 0.000000
vn -0.000000 1.000000 0.000000
vn -0.000000 1.000000 0.000000
vn -0.000000 1.000000 0.000000
vn -0.000000 1.000000 0.000000
vn -0.000000 -1.000000 0.000000
vn -0.000000 -1.000000 0.000000
vn -0.000000 -1.000000 0.000000
vn -0.000000 -1.000000 0.000000
vn -0.000000 0.000000 1.000000
vn -0.000000 0.000000 1.000000
vn -0.000000 0.000000 1.000000
vn -0.000000 0.000000 1.000000
vn -0.000000 0.000000 -1.000000
vn -0.000000 0.000000 -1.000000
vn -0.000000 0.000000 -1.000000
vn -0.000000 0.000000 -1.000000
vn -0.923880 0.000000 0.382683
vn -0.923880 0.000000 0.382683
vn -0.923880 0.000000 0.382683
vn -0.923880 0.000000 0.382683
vn 0.923880 0.000000 -0.382683
vn 0.923880 0.000000 -0.382683
vn 0.923880 0.000000 -0.382683
vn 0.923880 0.000000 -0.382683
vn -0.000000 1.000000 0.000000
vn -0.000000 1.000000 0.000000
vn -0.000000 1.000000 0.000000
vn -0.000000 1.000000 0.000000
vn -0.000000 -1.000000 0.000000
vn -0.000000 -1.000000 0.000000
vn -0.000000 -1.000000 0.000000
vn -0.000000 -1.000000 0.000000
vn 0.382683 0.000000 0.923880
vn 0.382683 0.000000 0.923880
vn 0.382683 0.000000 0.923880
vn 0.382683 0.000000 0.923880
vn -0.382683 0.000000 -0.923880
vn -0.382683 0.000000 -0.923880
vn -0.382683 0.000000 -0.923880
vn -0.382683 0.000000 -0.923880
vn -0.923880 0.000000 -0.382683
vn -0.923880 0.000000 -0.382683
vn -0.923880 0.000000 -0.382683
vn -0.923880 0.000000 -0.382683
vn 0.923880 0.000000 0.382683
vn 0.923880 0.000000 0.382683
vn 0.923880 0.000000 0.382683
vn 0.923880 0.000000 0.382683
vn -0.000000 1.000000 0.000000
vn -0.000000 1.000000 0.000000
vn -0.000000 1.000000 0.000000
vn -0.000000 1.000000 0.000000
vn -0.000000 -1.000000 0.000000
vn -0.000000 -1.000000 0.000000
vn -0.000000 -1.000000 0.000000
vn -0.000000 -1.000000 0.000000
vn -0.382683 0.000000 0.923880
vn -0.382683 0.000000 0.923880
vn -0.382683 0.000000 0.923880
vn -0.382683 0.000000 0.923880
vn 0.382683 0.000000 -0.923880
vn 0.382683 0.000000 -0.923880
vn 0.382683 0.000000 -0.923880
vn 0.382683 0.000000 -0.923880
vn -1.000000 0.000000 0.000000
vn -1.000000 0.000000 0.000000
vn -1.000000 0.000000 0.000000
vn -1.000000 0.000000 0.000000
vn 1.000000 0.000000 0.000000
vn 1.000000 0.000000 0.000000
vn 1.000000 0.000000 0.000000
vn 1.000000 0.000000 0.000000
vn -0.000000 1.000000 0.000000
vn -0.000000 1.000000 0.000000
vn -0.000000 1.000000 0.000000
vn -0.000000 1.000000 0.000000
vn -0.000000 -1.000000 0.000000
vn -0.000000 -1.000000 0.000000
vn -0.000000 -1.000000 0.000000
vn -0.000000 -1.000000 0.000000
vn -0.000000 0.000000 1.000000
vn -0.000000 0.000000 1.000000
vn -0.000000 0.000000 1.000000
vn -0.000000 0.000000 1.000000
vn -0.000000 0.000000 -1.000000
vn -0.000000 0.000000 -1.000000
vn -0.000000 0.000000 -1.000000
vn -0.000000 0.000000 -1.000000
vn -1.000000 0.000000 0.000000
vn -1.000000 0.000000 0.000000
vn -1.000000 0.000000 0.000000
vn -1.000000 0.000000 0.000000
vn 1.000000 0.000000 0.000000
vn 1.000000 0.000000 0.000000
vn 1.000000 0.000000 0.000000
vn 1.000000 0.000000 0.000000
vn -0.000000 1.000000 0.000000
vn -0.000000 1.000000 0.000000
vn -0.000000 1.000000 0.000000
vn -0.000000 1.000000 0.000000
vn -0.000000 -1.000000 0.000000
vn -0.000000 -1.000000 0.000000
vn -0.000000 -1.000000 0.000000
vn -0.000000 -1.000000 0.000000
vn -0.000000 0.000000 1.000000
vn -0.000000 0.000000 1.000000
vn -0.000000 0.000000 1.000000
vn -0.000000 0.000000 1.000000
vn -0.000000 0.000000 -1.000000
vn -0.000000 0.000000 -1.000000
vn -0.000000 0.000000 -1.000000
vn -0.000000 0.000000 -1.000000
vn -1.000000 0.000000 0.000000
vn -1.000000 0.000000 0.000000
vn -1.000000 0.000000 0.000000
vn -1.000000 0.000000 0.000000
vn 1.000000 0.000000 0.000000
vn 1.000000 0.000000 0.000000
vn 1.000000 0.000000 0.000000
vn 1.000000 0.000000 0.000000
vn -0.000000 1.000000 0.000000
vn -0.000000 1.000000 0.000000
vn -0.000000 1.000000 0.000000
vn -0.000000 1.000000 0.000000
vn -0.000000 -1.000000 0.000000
vn -0.000000 -1.000000 0.000000
vn -0.000000 -1.000000 0.000000
vn -0.000000 -1.000000 0.000000
vn -0.000000 0.000000 1.000000
vn -0.000000 0.000000 1.000000
vn -0.000000 0.000000 1.000000
vn -0.000000 0.000000 1.000000
vn -0.000000 0.000000 -1.000000
vn -0.000000 0.000000 -1.000000
vn -0.000000 0.000000 -1.000000
vn -0.000000 0.000000 -1.000000
vn -1.000000 0.000000 0.000000
vn -1.000000 0.000000 0.000000
vn -1.000000 0.000000 0.000000
vn -1.000000 0.000000 0.000000
vn 1.000000 0.000000 0.000000
vn 1.000000 0.000000 0.000000
vn 1.000000 0.000000 0.000000
vn 1.000000 0.000000 0.000000
vn -0.000000 1.000000 0.000000
vn -0.000000 1.000000 0.000000
vn -0.000000 1.000000 0.000000
vn -0.000000 1.000000 0.000000
vn -0.000000 -1.000000 0.000000
vn -0.000000 -1.000000 0.000000
vn -0.000000 -1.000000 0.000000
vn -0.000000 -1.000000 0.000000
vn -0.000000 0.000000 1.000000
vn -0.000000 0.000000 1.000000
vn -0.000000 0.000000 1.000000
vn -0.000000 0.000000 1.000000
vn -0.000000 0.000000 -1.000000
vn -0.000000 0.000000 -1.000000
vn -0.000000 0.000000 -1.000000
vn -0.000000 0.000000 -1.000000
vn -0.923880 0.382683 0.000000
vn -0.923880 0.382683 0.000000
vn -0.923880 0.382683 0.000000
vn -0.923880 0.382683 0.000000
vn 0.923880 -0.382683 0.000000
vn 0.923880 -0.382683 0.000000
vn 0.923880 -0.382683 0.000000
vn 0.923880 -0.382683 0.000000
vn 0.382683 0.923880 0.000000
vn 0.382683 0.923880 0.000000
vn 0.382683 0.923880 0.000000
vn 0.382683 0.923880 0.000000
vn -0.382683 -0.923880 0.000000
vn -0.382683 -0.923880 0.000000
vn -0.382683 -0.923880 0.000000
vn -0.382683 -0.923880 0.000000
vn -0.000000 0.000000 1.000000
vn -0.000000 0.000000 1.000000
vn -0.000000 0.000000 1.000000
vn -0.000000 0.000000 1.000000
vn -0.000000 0.000000 -1.000000
vn -0.000000 0.000000 -1.000000
vn -0.000000 0.000000 -1.000000
vn -0.000000 0.000000 -1.000000
vn -0.923880 0.382683 0.000000
vn -0.923880 0.382683 0.000000
vn -0.923880 0.382683 0.000000
vn -0.923880 0.382683 0.000000
vn 0.923880 -0.382683 0.000000
vn 0.923880 -0.382683 0.000000
vn 0.923880 -0.382683 0.000000
vn 0.923880 -0.382683 0.000000
vn 0.382683 0.923880 0.000000
vn 0.382683 0.923880 0.000000
vn 0.382683 0.923880 0.000000
vn 0.382683 0.923880 0.000000
vn -0.382683 -0.923880 0.000000
vn -0.382683 -0.923880 0.000000
vn -0.382683 -0.923880 0.000000
vn -0.382683 -0.923880 0.000000
vn -0.000000 0.000000 1.000000
vn -0.000000 0.000000 1.000000
vn -0.000000 0.000000 1.000000
vn -0.000000 0.000000 1.000000
vn -0.000000 0.000000 -1.000000
vn -0.000000 0.000000 -1.000000
vn -0.000000 0.000000 -1.000000
vn -0.000000 0.000000 -1.000000
vn -1.000000 0.000000 0.000000
vn -1.000000 0.000000 0.000000
vn -1.000000 0.000000 0.000000
vn -1.000000 0.000000 0.000000
vn 1.000000 0.000000 0.000000
vn 1.000000 0.000000 0.000000
vn 1.000000 0.000000 0.000000
vn 1.000000 0.000000 0.000000
vn -0.000000 0.923880 -0.382683
vn -0.000000 0.923880 -0.382683
vn -0.000000 0.923880 -0.382683
vn -0.000000 0.923880 -0.382683
vn -0.000000 -0.923880 0.382683
vn -0.000000 -0.923880 0.382683
vn -0.000000 -0.923880 0.382683
vn -0.000000 -0.923880 0.382683
vn -0.000000 0.382683 0.923880
vn -0.000000 0.382683 0.923880
vn -0.000000 0.382683 0.923880
vn -0.000000 0.382683 0.923880
vn -0.000000 -0.382683 -0.923880
vn -0.000000 -0.382683 -0.923880
vn -0.000000 -0.382683 -0.923880
vn -0.000000 -0.382683 -0.923880
vn -1.000000 0.000000 0.000000
vn -1.000000 0.000000 0.000000
vn -1.000000 0.000000 0.000000
vn -1.000000 0.000000 0.000000
vn 1.000000 0.000000 0.000000
vn 1.000000 0.000000 0.000000
vn 1.000000 0.000000 0.000000
vn 1.000000 0.000000 0.000000
vn -0.000000 0.923880 -0.382683
vn -0.000000 0.923880 -0.382683
vn -0.000000 0.923880 -0.382683
vn -0.000000 0.923880 -0.382683
vn -0.000000 -0.923880 0.382683
vn -0.000000 -0.923880 0.382683
vn -0.000000 -0.923880 0.382683
vn -0.000000 -0.923880 0.382683
vn -0.000000 0.382683 0.923880
vn -0.000000 0.382683 0.923880
vn -0.000000 0.382683 0.923880
vn -0.000000 0.382683 0.923880
vn -0.000000 -0.382683 -0.923880
vn -0.000000 -0.382683 -0.923880
vn -0.000000 -0.382683 -0.923880
vn -0.000000 -0.382683 -0.923880
vn -1.000000 0.000000 0.000000
vn -1.000000 0.000000 0.000000
vn -1.000000 0.000000 0.000000
vn -1.000000 0.000000 0.000000
vn 1.000000 0.000000 0.000000
vn 1.000000 0.000000 0.000000
vn 1.000000 0.000000 0.000000
vn 1.000000 0.000000 0.000000
vn -0.000000 0.923880 -0.382683
vn -0.000000 0.923880 -0.382683
vn -0.000000 0.923880 -0.382683
vn -0.000000 0.923880 -0.382683
vn -0.000000 -0.923880 0.382683
vn -0.000000 -0.923880 0.382683
vn -0.000000 -0.923880 0.382683
vn -0.000000 -0.923880 0.382683
vn -0.000000 0.382683 0.923880
vn -0.000000 0.382683 0.923880
vn -0.000000 0.382683 0.923880
vn -0.000000 0.382683 0.923880
vn -0.000000 -0.382683 -0.923880
vn -0.000000 -0.382683 -0.923880
vn -0.000000 -0.382683 -0.923880
vn -0.000000 -0.382683 -0.923880
vn -1.000000 0.000000 0.000000
vn -1.000000 0.000000 0.000000
vn -1.000000 0.000000 0.000000
vn -1.000000 0.000000 0.000000
vn 1.000000 0.000000 0.000000
vn 1.000000 0.000000 0.000000
vn 1.000000 0.000000 0.000000
vn 1.000000 0.000000 0.000000
vn -0.000000 0.707107 -0.707107
vn -0.000000 0.707107 -0.707107
vn -0.000000 0.707107 -0.707107
vn -0.000000 0.707107 -0.707107
vn -0.000000 -0.707107 0.707107
vn -0.000000 -0.707107 0.707107
vn -0.000000 -0.707107 0.707107
vn -0.000000 -0.707107 0.707107
vn -0.000000 0.707107 0.707107
vn -0.000000 0.707107 0.707107
vn -0.000000 0.707107 0.707107
vn -0.000000 0.707107 0.707107
vn -0.000000 -0.707107 -0.707107
vn -0.000000 -0.707107 -0.707107
vn -0.000000 -0.707107 -0.707107
vn -0.000000 -0.707107 -0.707107
vn -1.000000 0.000000 0.000000
vn -1.000000 0.000000 0.000000
vn -1.000000 0.000000 0.000000
vn -1.000000 0.000000 0.000000
vn 1.000000 0.000000 0.000000
vn 1.000000 0.000000 0.000000
vn 1.000000 0.000000 0.000000
vn 1.000000 0.000000 0.000000
vn -0.000000 0.923880 0.382683
vn -0.000000 0.923880 0.382683
vn -0.000000 0.923880 0.382683
vn -0.000000 0.923880 0.382683
vn -0.000000 -0.923880 -0.382683
vn -0.000000 -0.923880 -0.382683
vn -0.000000 -0.923880 -0.382683
vn -0.000000 -0.923880 -0.382683
vn -0.000000 -0.382683 0.923880
vn -0.000000 -0.382683 0.923880
vn -0.000000 -0.382683 0.923880
vn -0.000000 -0.382683 0.923880
vn -0.000000 0.382683 -0.923880
vn -0.000000 0.382683 -0.923880
vn -0.000000 0.382683 -0.923880
vn -0.000000 0.382683 -0.923880
vn -1.000000 0.000000 0.000000
vn -1.000000 0.000000 0.000000
vn -1.000000 0.000000 0.000000
vn -1.000000 0.000000 0.000000
vn 1.000000 0.000000 0.000000
vn 1.000000 0.000000 0.000000
vn 1.000000 0.000000 0.000000
vn 1.000000 0.000000 0.000000
vn -0.000000 1.000000 0.000000
vn -0.000000 1.000000 0.000000
vn -0.000000 1.000000 0.000000
vn -0.000000 1.000000 0.000000
vn -0.000000 -1.000000 0.000000
vn -0.000000 -1.000000 0.000000
vn -0.000000 -1.000000 0.000000
vn -0.000000 -1.000000 0.000000
vn -0.000000 0.000000 1.000000
vn -0.000000 0.000000 1.000000
vn -0.000000 0.000000 1.000000
vn -0.000000 0.000000 1.000000
vn -0.000000 0.000000 -1.000000
vn -0.000000 0.000000 -1.000000
vn -0.000000 0.000000 -1.000000
vn -0.000000 0.000000 -1.000000
vn -1.000000 0.000000 0.000000
vn -1.000000 0.000000 0.000000
vn -1.000000 0.000000 0.000000
vn -1.000000 0.000000 0.000000
vn 1.000000 0.000000 0.000000
vn 1.000000 0.000000 0.000000
vn 1.000000 0.000000 0.000000
vn 1.000000 0.000000 0.000000
vn -0.000000 1.000000 0.000000
vn -0.000000 1.000000 0.000000
vn -0.000000 1.000000 0.000000
vn -0.000000 1.000000 0.000000
vn -0.000000 -1.000000 0.000000
vn -0.000000 -1.000000 0.000000
vn -0.000000 -1.000000 0.000000
vn -0.000000 -1.000000 0.000000
vn -0.000000 0.000000 1.000000
vn -0.000000 0.000000 1.000000
vn -0.000000 0.000000 1.000000
vn -0.000000 0.000000 1.000000
vn -0.000000 0.000000 -1.000000
vn -0.000000 0.000000 -1.000000
vn -0.000000 0.000000 -1.000000
vn -0.000000 0.000000 -1.000000
vn -1.000000 0.000000 0.000000
vn -1.000000 0.000000 0.000000
vn -1.000000 0.000000 0.000000
vn -1.000000 0.000000 0.000000
vn 1.000000 0.000000 0.000000
vn 1.000000 0.000000 0.000000
vn 1.000000 0.000000 0.000000
vn 1.000000 0.000000 0.000000
vn -0.000000 0.923880 0.382683
vn -0.000000 0.923880 0.382683
vn -0.000000 0.923880 0.382683
vn -0.000000 0.923880 0.382683
vn -0.000000 -0.923880 -0.382683
vn -0.000000 -0.923880 -0.382683
vn -0.000000 -0.923880 -0.382683
vn -0.000000 -0.923880 -0.382683
vn -0.000000 -0.382683 0.923880
vn -0.000000 -0.382683 0.923880
vn -0.000000 -0.382683 0.923880
vn -0.000000 -0.382683 0.923880
vn -0.000000 0.382683 -0.923880
vn -0.000000 0.382683 -0.923880
vn -0.000000 0.382683 -0.923880
vn -0.000000 0.382683 -0.923880
vn -1.000000 0.000000 0.000000
vn -1.000000 0.000000 0.000000
vn -1.000000 0.000000 0.000000
vn -1.000000 0.000000 0.000000
vn 1.000000 0.000000 0.000000
vn 1.000000 0.000000 0.000000
vn 1.000000 0.000000 0.000000
vn 1.000000 0.000000 0.000000
vn -0.000000 0.923880 -0.382683
vn -0.000000 0.923880 -0.382683
vn -0.000000 0.923880 -0.382683
vn -0.000000 0.923880 -0.382683
vn -0.000000 -0.923880 0.382683
vn -0.000000 -0.923880 0.382683
vn -0.000000 -0.923880 0.382683
vn -0.000000 -0.923880 0.382683
vn -0.000000 0.382683 0.923880
vn -0.000000 0.382683 0.923880
vn -0.000000 0.382683 0.923880
vn -0.000000 0.382683 0.923880
vn -0.000000 -0.382683 -0.923880
vn -0.000000 -0.382683 -0.923880
vn -0.000000 -0.382683 -0.923880
vn -0.000000 -0.382683 -0.923880
vn -1.000000 0.000000 0.000000
vn -1.000000 0.000000 0.000000
vn -1.000000 0.000000 0.000000
vn -1.000000 0.000000 0.000000
vn 1.000000 0.000000 0.000000
vn 1.000000 0.000000 0.000000
vn 1.000000 0.000000 0.000000
vn 1.000000 0.000000 0.000000
vn -0.000000 1.000000 0.000000
vn -0.000000 1.000000 0.000000
vn -0.000000 1.000000 0.000000
vn -0.000000 1.000000 0.000000
vn -0.000000 -1.000000 0.000000
vn -0.000000 -1.000000 0.000000
vn -0.000000 -1.000000 0.000000
vn -0.000000 -1.000000 0.000000
vn -0.000000 0.000000 1.000000
vn -0.000000 0.000000 1.000000
vn -0.000000 0.000000 1.000000
vn -0.000000 0.000000 1.000000
vn -0.000000 0.000000 -1.000000
vn -0.000000 0.000000 -1.000000
vn -0.000000 0.000000 -1.000000
vn -0.000000 0.000000 -1.000000
vn -1.000000 0.000000 0.000000
vn -1.000000 0.000000 0.000000
vn -1.000000 0.000000 0.000000
vn -1.000000 0.000000 0.000000
vn 1.000000 0.000000 0.000000
vn 1.000000 0.000000 0.000000
vn 1.000000 0.000000 0.000000
vn 1.000000 0.000000 0.000000
vn -0.000000 1.000000 0.000000
vn -0.000000 1.000000 0.000000
vn -0.000000 1.000000 0.000000
vn -0.000000 1.000000 0.000000
vn -0.000000 -1.000000 0.000000
vn -0.000000 -1.000000 0.000000
vn -0.000000 -1.000000 0.000000
vn -0.000000 -1.000000 0.000000
vn -0.000000 0.000000 1.000000
vn -0.000000 0.000000 1.000000
vn -0.000000 0.000000 1.000000
vn -0.000000 0.000000 1.000000
vn -0.000000 0.000000 -1.000000
vn -0.000000 0.000000 -1.000000
vn -0.000000 0.000000 -1.000000
vn -0.000000 0.000000 -1.000000
vn -1.000000 0.000000 0.000000
vn -1.000000 0.000000 0.000000
vn -1.000000 0.000000 0.000000
vn -1.000000 0.000000 0.000000
vn 1.000000 0.000000 0.000000
vn 1.000000 0.000000 0.000000
vn 1.000000 0.000000 0.000000
vn 1.000000 0.000000 0.000000
vn -0.000000 1.000000 0.000000
vn -0.000000 1.000000 0.000000
vn -0.000000 1.000000 0.000000
vn -0.000000 1.000000 0.000000
vn -0.000000 -1.000000 0.000000
vn -0.000000 -1.000000 0.000000
vn -0.000000 -1.000000 0.000000
vn -0.000000 -1.000000 0.000000
vn -0.000000 0.000000 1.000000
vn -0.000000 0.000000 1.000000
vn -0.000000 0.000000 1.000000
vn -0.000000 0.000000 1.000000
vn -0.000000 0.000000 -1.000000
vn -0.000000 0.000000 -1.000000
vn -0.000000 0.000000 -1.000000
vn -0.000000 0.000000 -1.000000
vn -1.000000 0.000000 0.000000
vn -1.000000 0.000000 0.000000
vn -1.000000 0.000000 0.000000
vn -1.000000 0.000000 0.000000
vn 1.000000 0.000000 0.000000
vn 1.000000 0.000000 0.000000
vn 1.000000 0.000000 0.000000
vn 1.000000 0.000000 0.000000
vn -0.000000 1.000000 0.000000
vn -0.000000 1.000000 0.000000
vn -0.000000 1.000000 0.000000
vn -0.000000 1.000000 0.000000
vn -0.000000 -1.000000 0.000000
vn -0.000000 -1.000000 0.000000
vn -0.000000 -1.000000 0.000000
vn -0.000000 -1.000000 0.000000
vn -0.000000 0.000000 1.000000
vn -0.000000 0.000000 1.000000
vn -0.000000 0.000000 1.000000
vn -0.000000 0.000000 1.000000
vn -0.000000 0.000000 -1.000000
vn -0.000000 0.000000 -1.000000
vn -0.000000 0.000000 -1.000000
vn -0.000000 0.000000 -1.000000
vn -1.000000 0.000000 0.000000
vn -1.000000 0.000000 0.000000
vn -1.000000 0.000000 0.000000
vn -1.000000 0.000000 0.000000
vn 1.000000 0.000000 0.000000
vn 1.000000 0.000000 0.000000
vn 1.000000 0.000000 0.000000
vn 1.000000 0.000000 0.000000
vn -0.000000 1.000000 0.000000
vn -0.000000 1.000000 0.000000
vn -0.000000 1.000000 0.000000
vn -0.000000 1.000000 0.000000
vn -0.000000 -1.000000 0.000000
vn -0.000000 -1.000000 0.000000
vn -0.000000 -1.000000 0.000000
vn -0.000000 -1.000000 0.000000
vn -0.000000 0.000000 1.000000
vn -0.000000 0.000000 1.000000
vn -0.000000 0.000000 1.000000
vn -0.000000 0.000000 1.000000
vn -0.000000 0.000000 -1.000000
vn -0.000000 0.000000 -1.000000
vn -0.000000 0.000000 -1.000000
vn -0.000000 0.000000 -1.000000
vn -1.000000 0.000000 0.000000
vn -1.000000 0.000000 0.000000
vn -1.000000 0.000000 0.000000
vn -1.000000 0.000000 0.000000
vn 1.000000 0.000000 0.000000
vn 1.000000 0.000000 0.000000
vn 1.000000 0.000000 0.000000
vn 1.000000 0.000000 0.000000
vn -0.000000 1.000000 0.000000
vn -0.000000 1.000000 0.000000
vn -0.000000 1.000000 0.000000
vn -0.000000 1.000000 0.000000
vn -0.000000 -1.000000 0.000000
vn -0.000000 -1.000000 0.000000
vn -0.000000 -1.000000 0.000000
vn -0.000000 -1.000000 0.000000
vn -0.000000 0.000000 1.000000
vn -0.000000 0.000000 1.000000
vn -0.000000 0.000000 1.000000
vn -0.000000 0.000000 1.000000
vn -0.000000 0.000000 -1.000000
vn -0.000000 0.000000 -1.000000
vn -0.000000 0.000000 -1.000000
vn -0.000000 0.000000 -1.000000
vn -1.000000 0.000000 0.000000
vn -1.000000 0.000000 0.000000
vn -1.000000 0.000000 0.000000
vn -1.000000 0.000000 0.000000
vn 1.000000 0.000000 0.000000
vn 1.000000 0.000000 0.000000
vn 1.000000 0.000000 0.000000
vn 1.000000 0.000000 0.000000
vn -0.000000 1.000000 0.000000
vn -0.000000 1.000000 0.000000
vn -0.000000 1.000000 0.000000
vn -0.000000 1.000000 0.000000
vn -0.000000 -1.000000 0.000000
vn -0.000000 -1.000000 0.000000
vn -0.000000 -1.000000 0.000000
vn -0.000000 -1.000000 0.000000
vn -0.000000 0.000000 1.000000
vn -0.000000 0.000000 1.000000
vn -0.000000 0.000000 1.000000
vn -0.000000 0.000000 1.000000
vn -0.000000 0.000000 -1.000000
vn -0.000000 0.000000 -1.000000
vn -0.000000 0.000000 -1.000000
vn -0.000000 0.000000 -1.000000
vn -1.000000 0.000000 0.000000
vn -1.000000 0.000000 0.000000
vn -1.000000 0.000000 0.000000
vn -1.000000 0.000000 0.000000
vn 1.000000 0.000000 0.000000
vn 1.000000 0.000000 0.000000
vn 1.000000 0.000000 0.000000
vn 1.000000 0.000000 0.000000
vn -0.000000 1.000000 0.000000
vn -0.000000 1.000000 0.000000
vn -0.000000 1.000000 0.000000
vn -0.000000 1.000000 0.000000
vn -0.000000 -1.000000 0.000000
vn -0.000000 -1.000000 0.000000
vn -0.000000 -1.000000 0.000000
vn -0.000000 -1.000000 0.000000
vn -0.000000 0.000000 1.000000
vn -0.000000 0.000000 1.000000
vn -0.000000 0.000000 1.000000
vn -0.000000 0.000000 1.000000
vn -0.000000 0.000000 -1.000000
vn -0.000000 0.000000 -1.000000
vn -0.000000 0.000000 -1.000000
vn -0.000000 0.000000 -1.000000
vn -0.923880 0.382683 0.000000
vn -0.923880 0.382683 0.000000
vn -0.923880 0.382683 0.000000
vn -0.923880 0.382683 0.000000
vn 0.923880 -0.382683 0.000000
vn 0.923880 -0.382683 0.000000
vn 0.923880 -0.382683 0.000000
vn 0.923880 -0.382683 0.000000
vn 0.382683 0.923880 0.000000
vn 0.382683 0.923880 0.000000
vn 0.382683 0.923880 0.000000
vn 0.382683 0.923880 0.000000
vn -0.382683 -0.923880 0.000000
vn -0.382683 -0.923880 0.000000
vn -0.382683 -0.923880 0.000000
vn -0.382683 -0.923880 0.000000
vn -0.000000 0.000000 1.000000
vn -0.000000 0.000000 1.000000
vn -0.000000 0.000000 1.000000
vn -0.000000 0.000000 1.000000
vn -0.000000 0.000000 -1.000000
vn -0.000000 0.000000 -1.000000
vn -0.000000 0.000000 -1.000000
vn -0.000000 0.000000 -1.000000
vn -0.923880 -0.382683 0.000000
vn -0.923880 -0.382683 0.000000
vn -0.923880 -0.382683 0.000000
vn -0.923880 -0.382683 0.000000
vn 0.923880 0.382683 0.000000
vn 0.923880 0.382683 0.000000
vn 0.923880 0.382683 0.000000
vn 0.923880 0.382683 0.000000
vn -0.382683 0.923880 0.000000
vn -0.382683 0.923880 0.000000
vn -0.382683 0.923880 0.000000
vn -0.382683 0.923880 0.000000
vn 0.382683 -0.923880 0.000000
vn 0.382683 -0.923880 0.000000
vn 0.382683 -0.923880 0.000000
vn 0.382683 -0.923880 0.000000
vn -0.000000 0.000000 1.000000
vn -0.000000 0.000000 1.000000
vn -0.000000 0.000000 1.000000
vn -0.000000 0.000000 1.000000
vn -0.000000 0.000000 -1.000000
vn -0.000000 0.000000 -1.000000
vn -0.000000 0.000000 -1.000000
vn -0.000000 0.000000 -1.000000
vn -1.000000 0.000000 0.000000
vn -1.000000 0.000000 0.000000
vn -1.000000 0.000000 0.000000
vn -1.000000 0.000000 0.000000
vn 1.000000 0.000000 0.000000
vn 1.000000 0.000000 0.000000
vn 1.000000 0.000000 0.000000
vn 1.000000 0.000000 0.000000
vn -0.000000 1.000000 0.000000
vn -0.000000 1.000000 0.000000
vn -0.000000 1.000000 0.000000
vn -0.000000 1.000000 0.000000
vn -0.000000 -1.000000 0.000000
vn -0.000000 -1.000000 0.000000
vn -0.000000 -1.000000 0.000000
vn -0.000000 -1.000000 0.000000
vn -0.000000 0.000000 1.000000
vn -0.000000 0.000000 1.000000
vn -0.000000 0.000000 1.000000
vn -0.000000 0.000000 1.000000
vn -0.000000 0.000000 -1.000000
vn -0.000000 0.000000 -1.000000
vn -0.000000 0.000000 -1.000000
vn -0.000000 0.000000 -1.000000
vn -1.000000 0.000000 0.000000
vn -1.000000 0.000000 0.000000
vn -1.000000 0.000000 0.000000
vn -1.000000 0.000000 0.000000
vn 1.000000 0.000000 0.000000
vn 1.000000 0.000000 0.000000
vn 1.000000 0.000000 0.000000
vn 1.000000 0.000000 0.000000
vn -0.000000 1.000000 0.000000
vn -0.000000 1.000000 0.000000
vn -0.000000 1.000000 0.000000
vn -0.000000 1.000000 0.000000
vn -0.000000 -1.000000 0.000000
vn -0.000000 -1.000000 0.000000
vn -0.000000 -1.000000 0.000000
vn -0.000000 -1.000000 0.000000
vn -0.000000 0.000000 1.000000
vn -0.000000 0.000000 1.000000
vn -0.000000 0.000000 1.000000
vn -0.000000 0.000000 1.000000
vn -0.000000 0.000000 -1.000000
vn -0.000000 0.000000 -1.000000
vn -0.000000 0.000000 -1.000000
vn -0.000000 0.000000 -1.000000
vn -1.000000 0.000000 0.000000
vn -1.000000 0.000000 0.000000
vn -1.000000 0.000000 0.000000
vn -1.000000 0.000000 0.000000
vn 1.000000 0.000000 0.000000
vn 1.000000 0.000000 0.000000
vn 1.000000 0.000000 0.000000
vn 1.000000 0.000000 0.000000
vn -0.000000 1.000000 0.000000
vn -0.000000 1.000000 0.000000
vn -0.000000 1.000000 0.000000
vn -0.000000 1.000000 0.000000
vn -0.000000 -1.000000 0.000000
vn -0.000000 -1.000000 0.000000
vn -0.000000 -1.000000 0.000000
vn -0.000000 -1.000000 0.000000
vn -0.000000 0.000000 1.000000
vn -0.000000 0.000000 1.000000
vn -0.000000 0.000000 1.000000
vn -0.000000 0.000000 1.000000
vn -0.000000 0.000000 -1.000000
vn -0.000000 0.000000 -1.000000
vn -0.000000 0.000000 -1.000000
vn -0.000000 0.000000 -1.000000
vn -1.000000 0.000000 0.000000
vn -1.000000 0.000000 0.000000
vn -1.000000 0.000000 0.000000
vn -1.000000 0.000000 0.000000
vn 1.000000 0.000000 0.000000
vn 1.000000 0.000000 0.000000
vn 1.000000 0.000000 0.000000
vn 1.000000 0.000000 0.000000
vn -0.000000 1.000000 0.000000
vn -0.000000 1.000000 0.000000
vn -0.000000 1.000000 0.000000
vn -0.000000 1.000000 0.000000
vn -0.000000 -1.000000 0.000000
vn -0.000000 -1.000000 0.000000
vn -0.000000 -1.000000 0.000000
vn -0.000000 -1.000000 0.000000
vn -0.000000 0.000000 1.000000
vn -0.000000 0.000000 1.000000
vn -0.000000 0.000000 1.000000
vn -0.000000 0.000000 1.000000
vn -0.000000 0.000000 -1.000000
vn -0.000000 0.000000 -1.000000
vn -0.000000 0.000000 -1.000000
vn -0.000000 0.000000 -1.000000
vn -1.000000 0.000000 0.000000
vn -1.000000 0.000000 0.000000
vn -1.000000 0.000000 0.000000
vn -1.000000 0.000000 0.000000
vn 1.000000 0.000000 0.000000
vn 1.000000 0.000000 0.000000
vn 1.000000 0.000000 0.000000
vn 1.000000 0.000000 0.000000
vn -0.000000 1.000000 0.000000
vn -0.000000 1.000000 0.000000
vn -0.000000 1.000000 0.000000
vn -0.000000 1.000000 0.000000
vn -0.000000 -1.000000 0.000000
vn -0.000000 -1.000000 0.000000
vn -0.000000 -1.000000 0.000000
vn -0.000000 -1.000000 0.000000
vn -0.000000 0.000000 1.000000
vn -0.000000 0.000000 1.000000
vn -0.000000 0.000000 1.000000
vn -0.000000 0.000000 1.000000
vn -0.000000 0.000000 -1.000000
vn -0.000000 0.000000 -1.000000
vn -0.000000 0.000000 -1.000000
vn -0.000000 0.000000 -1.000000
vn -0.923880 0.382683 0.000000
vn -0.923880 0.382683 0.000000
vn -0.923880 0.382683 0.000000
vn -0.923880 0.382683 0.000000
vn 0.923880 -0.382683 0.000000
vn 0.923880 -0.382683 0.000000
vn 0.923880 -0.382683 0.000000
vn 0.923880 -0.382683 0.000000
vn 0.382683 0.923880 0.000000
vn 0.382683 0.923880 0.000000
vn 0.382683 0.923880 0.000000
vn 0.382683 0.923880 0.000000
vn -0.382683 -0.923880 0.000000
vn -0.382683 -0.923880 0.000000
vn -0.382683 -0.923880 0.000000
vn -0.382683 -0.923880 0.000000
vn -0.000000 0.000000 1.000000
vn -0.000000 0.000000 1.000000
vn -0.000000 0.000000 1.000000
vn -0.000000 0.000000 1.000000
vn -0.000000 0.000000 -1.000000
vn -0.000000 0.000000 -1.000000
vn -0.000000 0.000000 -1.000000
vn -0.000000 0.000000 -1.000000
vn -1.000000 0.000000 0.000000
vn -1.000000 0.000000 0.000000
vn -1.000000 0.000000 0.000000
vn -1.000000 0.000000 0.000000
vn 1.000000 0.000000 0.000000
vn 1.000000 0.000000 0.000000
vn 1.000000 0.000000 0.000000
vn 1.000000 0.000000 0.000000
vn -0.000000 1.000000 0.000000
vn -0.000000 1.000000 0.000000
vn -0.000000 1.000000 0.000000
vn -0.000000 1.000000 0.000000
vn -0.000000 -1.000000 0.000000
vn -0.000000 -1.000000 0.000000
vn -0.000000 -1.000000 0.000000
vn -0.000000 -1.000000 0.000000
vn -0.000000 0.000000 1.000000
vn -0.000000 0.000000 1.000000
vn -0.000000 0.000000 1.000000
vn -0.000000 0.000000 1.000000
vn -0.000000 0.000000 -1.000000
vn -0.000000 0.000000 -1.000000
vn -0.000000 0.000000 -1.000000
vn -0.000000 0.000000 -1.000000
vn -0.923880 -0.382683 0.000000
vn -0.923880 -0.382683 0.000000
vn -0.923880 -0.382683 0.000000
vn -0.923880 -0.382683 0.000000
vn 0.923880 0.382683 0.000000
vn 0.923880 0.382683 0.000000
vn 0.923880 0.382683 0.000000
vn 0.923880 0.382683 0.000000
vn -0.382683 0.923880 0.000000
vn -0.382683 0.923880 0.000000
vn -0.382683 0.923880 0.000000
vn -0.382683 0.923880 0.000000
vn 0.382683 -0.923880 0.000000
vn 0.382683 -0.923880 0.000000
vn 0.382683 -0.923880 0.000000
vn 0.382683 -0.923880 0.000000
vn -0.000000 0.000000 1.000000
vn -0.000000 0.000000 1.000000
vn -0.000000 0.000000 1.000000
vn -0.000000 0.000000 1.000000
vn -0.000000 0.000000 -1.000000
vn -0.000000 0.000000 -1.000000
vn -0.000000 0.000000 -1.000000
vn -0.000000 0.000000 -1.000000
vn -1.000000 0.000000 0.000000
vn -1.000000 0.000000 0.000000
vn -1.000000 0.000000 0.000000
vn -1.000000 0.000000 0.000000
vn 1.000000 0.000000 0.000000
vn 1.000000 0.000000 0.000000
vn 1.000000 0.000000 0.000000
vn 1.000000 0.000000 0.000000
vn -0.000000 1.000000 0.000000
vn -0.000000 1.000000 0.000000
vn -0.000000 1.000000 0.000000
vn -0.000000 1.000000 0.000000
vn -0.000000 -1.000000 0.000000
vn -0.000000 -1.000000 0.000000
vn -0.000000 -1.000000 0.000000
vn -0.000000 -1.000000 0.000000
vn -0.000000 0.000000 1.000000
vn -0.000000 0.000000 1.000000
vn -0.000000 0.000000 1.000000
vn -0.000000 0.000000 1.000000
vn -0.000000 0.000000 -1.000000
vn -0.000000 0.000000 -1.000000
vn -0.000000 0.000000 -1.000000
vn -0.000000 0.000000 -1.000000
vn -1.000000 0.000000 0.000000
vn -1.000000 0.000000 0.000000
vn -1.000000 0.000000 0.000000
vn -1.000000 0.000000 0.000000
vn 1.000000 0.000000 0.000000
vn 1.000000 0.000000 0.000000
vn 1.000000 0.000000 0.000000
vn 1.000000 0.000000 0.000000
vn -0.000000 0.707107 0.707107
vn -0.000000 0.707107 0.707107
vn -0.000000 0.707107 0.707107
vn -0.000000 0.707107 0.707107
vn -0.000000 -0.707107 -0.707107
vn -0.000000 -0.707107 -0.707107
vn -0.000000 -0.707107 -0.707107
vn -0.000000 -0.707107 -0.707107
vn -0.000000 -0.707107 0.707107
vn -0.000000 -0.707107 0.707107
vn -0.000000 -0.707107 0.707107
vn -0.000000 -0.707107 0.707107
vn -0.000000 0.707107 -0.707107
vn -0.000000 0.707107 -0.707107
vn -0.000000 0.707107 -0.707107
vn -0.000000 0.707107 -0.707107
vn -1.000000 0.000000 0.000000
vn -1.000000 0.000000 0.000000
vn -1.000000 0.000000 0.000000
vn -1.000000 0.000000 0.000000
vn 1.000000 0.000000 0.000000
vn 1.000000 0.000000 0.000000
vn 1.000000 0.000000 0.000000
vn 1.000000 0.000000 0.000000
vn -0.000000 0.923880 -0.382683
vn -0.000000 0.923880 -0.382683
vn -0.000000 0.923880 -0.382683
vn -0.000000 0.923880 -0.382683
vn -0.000000 -0.923880 0.382683
vn -0.000000 -0.923880 0.382683
vn -0.000000 -0.923880 0.382683
vn -0.000000 -0.923880 0.382683
vn -0.000000 0.382683 0.923880
vn -0.000000 0.382683 0.923880
vn -0.000000 0.382683 0.923880
vn -0.000000 0.382683 0.923880
vn -0.000000 -0.382683 -0.923880
vn -0.000000 -0.382683 -0.923880
vn -0.000000 -0.382683 -0.923880
vn -0.000000 -0.382683 -0.923880
vn -1.000000 0.000000 0.000000
vn -1.000000 0.000000 0.000000
vn -1.000000 0.000000 0.000000
vn -1.000000 0.000000 0.000000
vn 1.000000 0.000000 0.000000
vn 1.000000 0.000000 0.000000
vn 1.000000 0.000000 0.000000
vn 1.000000 0.000000 0.000000
vn -0.000000 0.707107 -0.707107
vn -0.000000 0.707107 -0.707107
vn -0.000000 0.707107 -0.707107
vn -0.000000 0.707107 -0.707107
vn -0.000000 -0.707107 0.707107
vn -0.000000 -0.707107 0.707107
vn -0.000000 -0.707107 0.707107
vn -0.000000 -0.707107 0.707107
vn -0.000000 0.707107 0.707107
vn -0.000000 0.707107 0.707107
vn -0.000000 0.707107 0.707107
vn -0.000000 0.707107 0.707107
vn -0.000000 -0.707107 -0.707107
vn -0.000000 -0.707107 -0.707107
vn -0.000000 -0.707107 -0.707107
vn -0.000000 -0.707107 -0.707107
vn -1.000000 0.000000 0.000000
vn -1.000000 0.000000 0.000000
vn -1.000000 0.000000 0.000000
vn -1.000000 0.000000 0.000000
vn 1.000000 0.000000 0.000000
vn 1.000000 0.000000 0.000000
vn 1.000000 0.000000 0.000000
vn 1.000000 0.000000 0.000000
vn -0.000000 0.923880 0.382683
vn -0.000000 0.923880 0.382683
vn -0.000000 0.923880 0.382683
vn -0.000000 0.923880 0.382683
vn -0.000000 -0.923880 -0.382683
vn -0.000000 -0.923880 -0.382683
vn -0.000000 -0.923880 -0.382683
vn -0.000000 -0.923880 -0.382683
vn -0.000000 -0.382683 0.923880
vn -0.000000 -0.382683 0.923880
vn -0.000000 -0.382683 0.923880
vn -0.000000 -0.382683 0.923880
vn -0.000000 0.382683 -0.923880
vn -0.000000 0.382683 -0.923880
vn -0.000000 0.382683 -0.923880
vn -0.000000 0.382683 -0.923880
vn -1.000000 0.000000 0.000000
vn -1.000000 0.000000 0.000000
vn -1.000000 0.000000 0.000000
vn -1.000000 0.000000 0.000000
vn 1.000000 0.000000 0.000000
vn 1.000000 0.000000 0.000000
vn 1.000000 0.000000 0.000000
vn 1.000000 0.000000 0.000000
vn -0.000000 1.000000 0.000000
vn -0.000000 1.000000 0.000000
vn -0.000000 1.000000 0.000000
vn -0.000000 1.000000 0.000000
vn -0.000000 -1.000000 0.000000
vn -0.000000 -1.000000 0.000000
vn -0.000000 -1.000000 0.000000
vn -0.000000 -1.000000 0.000000
vn -0.000000 0.000000 1.000000
vn -0.000000 0.000000 1.000000
vn -0.000000 0.000000 1.000000
vn -0.000000 0.000000 1.000000
vn -0.000000 0.000000 -1.000000
vn -0.000000 0.000000 -1.000000
vn -0.000000 0.000000 -1.000000
vn -0.000000 0.000000 -1.000000
vn -1.000000 0.000000 0.000000
vn -1.000000 0.000000 0.000000
vn -1.000000 0.000000 0.000000
vn -1.000000 0.000000 0.000000
vn 1.000000 0.000000 0.000000
vn 1.000000 0.000000 0.000000
vn 1.000000 0.000000 0.000000
vn 1.000000 0.000000 0.000000
vn -0.000000 1.000000 0.000000
vn -0.000000 1.000000 0.000000
vn -0.000000 1.000000 0.000000
vn -0.000000 1.000000 0.000000
vn -0.000000 -1.000000 0.000000
vn -0.000000 -1.000000 0.000000
vn -0.000000 -1.000000 0.000000
vn -0.000000 -1.000000 0.000000
vn -0.000000 0.000000 1.000000
vn -0.000000 0.000000 1.000000
vn -0.000000 0.000000 1.000000
vn -0.000000 0.000000 1.000000
vn -0.000000 0.000000 -1.000000
vn -0.000000 0.000000 -1.000000
vn -0.000000 0.000000 -1.000000
vn -0.000000 0.000000 -1.000000
vn -1.000000 0.000000 0.000000
vn -1.000000 0.000000 0.000000
vn -1.000000 0.000000 0.000000
vn -1.000000 0.000000 0.000000
vn 1.000000 0.000000 0.000000
vn 1.000000 0.000000 0.000000
vn 1.000000 0.000000 0.000000
vn 1.000000 0.000000 0.000000
vn -0.000000 1.000000 0.000000
vn -0.000000 1.000000 0.000000
vn -0.000000 1.000000 0.000000
vn -0.000000 1.000000 0.000000
vn -0.000000 -1.000000 0.000000
vn -0.000000 -1.000000 0.000000
vn -0.000000 -1.000000 0.000000
vn -0.000000 -1.000000 0.000000
vn -0.000000 0.000000 1.000000
vn -0.000000 0.000000 1.000000
vn -0.000000 0.000000 1.000000
vn -0.000000 0.000000 1.000000
vn -0.000000 0.000000 -1.000000
vn -0.000000 0.000000 -1.000000
vn -0.000000 0.000000 -1.000000
vn -0.000000 0.000000 -1.000000
vn -1.000000 0.000000 0.000000
vn -1.000000 0.000000 0.000000
vn -1.000000 0.000000 0.000000
vn -1.000000 0.000000 0.000000
vn 1.000000 0.000000 0.000000
vn 1.000000 0.000000 0.000000
vn 1.000000 0.000000 0.000000
vn 1.000000 0.000000 0.000000
vn -0.000000 0.707107 -0.707107
vn -0.000000 0.707107 -0.707107
vn -0.000000 0.707107 -0.707107
vn -0.000000 0.707107 -0.707107
vn -0.000000 -0.707107 0.707107
vn -0.000000 -0.707107 0.707107
vn -0.000000 -0.707107 0.707107
vn -0.000000 -0.707107 0.707107
vn -0.000000 0.707107 0.707107
vn -0.000000 0.707107 0.707107
vn -0.000000 0.707107 0.707107
vn -0.000000 0.707107 0.707107
vn -0.000000 -0.707107 -0.707107
vn -0.000000 -0.707107 -0.707107
vn -0.000000 -0.707107 -0.707107
vn -0.000000 -0.707107 -0.707107
vn -1.000000 0.000000 0.000000
vn -1.000000 0.000000 0.000000
vn -1.000000 0.000000 0.000000
vn -1.000000 0.000000 0.000000
vn 1.000000 0.000000 0.000000
vn 1.000000 0.000000 0.000000
vn 1.000000 0.000000 0.000000
vn 1.000000 0.000000 0.000000
vn -0.000000 1.000000 0.000000
vn -0.000000 1.000000 0.000000
vn -0.000000 1.000000 0.000000
vn -0.000000 1.000000 0.000000
vn -0.000000 -1.000000 0.000000
vn -0.000000 -1.000000 0.000000
vn -0.000000 -1.000000 0.000000
vn -0.000000 -1.000000 0.000000
vn -0.000000 0.000000 1.000000
vn -0.000000 0.000000 1.000000
vn -0.000000 0.000000 1.000000
vn -0.000000 0.000000 1.000000
vn -0.000000 0.000000 -1.000000
vn -0.000000 0.000000 -1.000000
vn -0.000000 0.000000 -1.000000
vn -0.000000 0.000000 -1.000000
vn -1.000000 0.000000 0.000000
vn -1.000000 0.000000 0.000000
vn -1.000000 0.000000 0.000000
vn -1.000000 0.000000 0.000000
vn 1.000000 0.000000 0.000000
vn 1.000000 0.000000 0.000000
vn 1.000000 0.000000 0.000000
vn 1.000000 0.000000 0.000000
vn -0.000000 1.000000 0.000000
vn -0.000000 1.000000 0.000000
vn -0.000000 1.000000 0.000000
vn -0.000000 1.000000 0.000000
vn -0.000000 -1.000000 0.000000
vn -0.000000 -1.000000 0.000000
vn -0.000000 -1.000000 0.000000
vn -0.000000 -1.000000 0.000000
vn -0.000000 0.000000 1.000000
vn -0.000000 0.000000 1.000000
vn -0.000000 0.000000 1.000000
vn -0.000000 0.000000 1.000000
vn -0.000000 0.000000 -1.000000
vn -0.000000 0.000000 -1.000000
vn -0.000000 0.000000 -1.000000
vn -0.000000 0.000000 -1.000000
vn -1.000000 0.000000 0.000000
vn -1.000000 0.000000 0.000000
vn -1.000000 0.000000 0.000000
vn -1.000000 0.000000 0.000000
vn 1.000000 0.000000 0.000000
vn 1.000000 0.000000 0.000000
vn 1.000000 0.000000 0.000000
vn 1.000000 0.000000 0.000000
vn -0.000000 0.923880 0.382683
vn -0.000000 0.923880 0.382683
vn -0.000000 0.923880 0.382683
vn -0.000000 0.923880 0.382683
vn -0.000000 -0.923880 -0.382683
vn -0.000000 -0.923880 -0.382683
vn -0.000000 -0.923880 -0.382683
vn -0.000000 -0.923880 -0.382683
vn -0.000000 -0.382683 0.923880
vn -0.000000 -0.382683 0.923880
vn -0.000000 -0.382683 0.923880
vn -0.000000 -0.382683 0.923880
vn -0.000000 0.382683 -0.923880
vn -0.000000 0.382683 -0.923880
vn -0.000000 0.382683 -0.923880
vn -0.000000 0.382683 -0.923880
vn -1.000000 0.000000 0.000000
vn -1.000000 0.000000 0.000000
vn -1.000000 0.000000 0.000000
vn -1.000000 0.000000 0.000000
vn 1.000000 0.000000 0.000000
vn 1.000000 0.000000 0.000000
vn 1.000000 0.000000 0.000000
vn 1.000000 0.000000 0.000000
vn -0.000000 0.923880 -0.382683
vn -0.000000 0.923880 -0.382683
vn -0.000000 0.923880 -0.382683
vn -0.000000 0.923880 -0.382683
vn -0.000000 -0.923880 0.382683
vn -0.000000 -0.923880 0.382683
vn -0.000000 -0.923880 0.382683
vn -0.000000 -0.923880 0.382683
vn -0.000000 0.382683 0.923880
vn -0.000000 0.382683 0.923880
vn -0.000000 0.382683 0.923880
vn -0.000000 0.382683 0.923880
vn -0.000000 -0.382683 -0.923880
vn -0.000000 -0.382683 -0.923880
vn -0.000000 -0.382683 -0.923880
vn -0.000000 -0.382683 -0.923880
vn -1.000000 0.000000 0.000000
vn -1.000000 0.000000 0.000000
vn -1.000000 0.000000 0.000000
vn -1.000000 0.000000 0.000000
vn 1.000000 0.000000 0.000000
vn 1.000000 0.000000 0.000000
vn 1.000000 0.000000 0.000000
vn 1.000000 0.000000 0.000000
vn -0.000000 1.000000 0.000000
vn -0.000000 1.000000 0.000000
vn -0.000000 1.000000 0.000000
vn -0.000000 1.000000 0.000000
vn -0.000000 -1.000000 0.000000
vn -0.000000 -1.000000 0.000000
vn -0.000000 -1.000000 0.000000
vn -0.000000 -1.000000 0.000000
vn -0.000000 0.000000 1.000000
vn -0.000000 0.000000 1.000000
vn -0.000000 0.000000 1.000000
vn -0.000000 0.000000 1.000000
vn -0.000000 0.000000 -1.000000
vn -0.000000 0.000000 -1.000000
vn -0.000000 0.000000 -1.000000
vn -0.000000 0.000000 -1.000000
vn -1.000000 0.000000 0.000000
vn -1.000000 0.000000 0.000000
vn -1.000000 0.000000 0.000000
vn -1.000000 0.000000 0.000000
vn 1.000000 0.000000 0.000000
vn 1.000000 0.000000 0.000000
vn 1.000000 0.000000 0.000000
vn 1.000000 0.000000 0.000000
vn -0.000000 1.000000 0.000000
vn -0.000000 1.000000 0.000000
vn -0.000000 1.000000 0.000000
vn -0.000000 1.000000 0.000000
vn -0.000000 -1.000000 0.000000
vn -0.000000 -1.000000 0.000000
vn -0.000000 -1.000000 0.000000
vn -0.000000 -1.000000 0.000000
vn -0.000000 0.000000 1.000000
vn -0.000000 0.000000 1.000000
vn -0.000000 0.000000 1.000000
vn -0.000000 0.000000 1.000000
vn -0.000000 0.000000 -1.000000
vn -0.000000 0.000000 -1.000000
vn -0.000000 0.000000 -1.000000
vn -0.000000 0.000000 -1.000000
vn -1.000000 0.000000 0.000000
vn -1.000000 0.000000 0.000000
vn -1.000000 0.000000 0.000000
vn -1.000000 0.000000 0.000000
vn 1.000000 0.000000 0.000000
vn 1.000000 0.000000 0.000000
vn 1.000000 0.000000 0.000000
vn 1.000000 0.000000 0.000000
vn -0.000000 1.000000 0.000000
vn -0.000000 1.000000 0.000000
vn -0.000000 1.000000 0.000000
vn -0.000000 1.000000 0.000000
vn -0.000000 -1.000000 0.000000
vn -0.000000 -1.000000 0.000000
vn -0.000000 -1.000000 0.000000
vn -0.000000 -1.000000 0.000000
vn -0.000000 0.000000 1.000000
vn -0.000000 0.000000 1.000000
vn -0.000000 0.000000 1.000000
vn -0.000000 0.000000 1.000000
vn -0.000000 0.000000 -1.000000
vn -0.000000 0.000000 -1.000000
vn -0.000000 0.000000 -1.000000
vn -0.000000 0.000000 -1.000000
vn -1.000000 0.000000 0.000000
vn -1.000000 0.000000 0.000000
vn -1.000000 0.000000 0.000000
vn -1.000000 0.000000 0.000000
vn 1.000000 0.000000 0.000000
vn 1.000000 0.000000 0.000000
vn 1.000000 0.000000 0.000000
vn 1.000000 0.000000 0.000000
vn -0.000000 1.000000 0.000000
vn -0.000000 1.000000 0.000000
vn -0.000000 1.000000 0.000000
vn -0.000000 1.000000 0.000000
vn -0.000000 -1.000000 0.000000
vn -0.000000 -1.000000 0.000000
vn -0.000000 -1.000000 0.000000
vn -0.000000 -1.000000 0.000000
vn -0.000000 0.000000 1.000000
vn -0.000000 0.000000 1.000000
vn -0.000000 0.000000 1.000000
vn -0.000000 0.000000 1.000000
vn -0.000000 0.000000 -1.000000
vn -0.000000 0.000000 -1.000000
vn -0.000000 0.000000 -1.000000
vn -0.000000 0.000000 -1.000000
vn -1.000000 0.000000 0.000000
vn -1.000000 0.000000 0.000000
vn -1.000000 0.000000 0.000000
vn -1.000000 0.000000 0.000000
vn 1.000000 0.000000 0.000000
vn 1.000000 0.000000 0.000000
vn 1.000000 0.000000 0.000000
vn 1.000000 0.000000 0.000000
vn -0.000000 1.000000 0.000000
vn -0.000000 1.000000 0.000000
vn -0.000000 1.000000 0.000000
vn -0.000000 1.000000 0.000000
vn -0.000000 -1.000000 0.000000
vn -0.000000 -1.000000 0.000000
vn -0.000000 -1.000000 0.000000
vn -0.000000 -1.000000 0.000000
vn -0.000000 0.000000 1.000000
vn -0.000000 0.000000 1.000000
vn -0.000000 0.000000 1.000000
vn -0.000000 0.000000 1.000000
vn -0.000000 0.000000 -1.000000
vn -0.000000 0.000000 -1.000000
vn -0.000000 0.000000 -1.000000
vn -0.000000 0.000000 -1.000000
vn -1.000000 0.000000 0.000000
vn -1.000000 0.000000 0.000000
vn -1.000000 0.000000 0.000000
vn -1.000000 0.000000 0.000000
vn 1.000000 0.000000 0.000000
vn 1.000000 0.000000 0.000000
vn 1.000000 0.000000 0.000000
vn 1.000000 0.000000 0.000000
vn -0.000000 1.000000 0.000000
vn -0.000000 1.000000 0.000000
vn -0.000000 1.000000 0.000000
vn -0.000000 1.000000 0.000000
vn -0.000000 -1.000000 0.000000
vn -0.000000 -1.000000 0.000000
vn -0.000000 -1.000000 0.000000
vn -0.000000 -1.000000 0.000000
vn -0.000000 0.000000 1.000000
vn -0.000000 0.000000 1.000000
vn -0.000000 0.000000 1.000000
vn -0.000000 0.000000 1.000000
vn -0.000000 0.000000 -1.000000
vn -0.000000 0.000000 -1.000000
vn -0.000000 0.000000 -1.000000
vn -0.000000 0.000000 -1.000000
vn -1.000000 0.000000 0.000000
vn -1.000000 0.000000 0.000000
vn -1.000000 0.000000 0.000000
vn -1.000000 0.000000 0.000000
vn 1.000000 0.000000 0.000000
vn 1.000000 0.000000 0.000000
vn 1.000000 0.000000 0.000000
vn 1.000000 0.000000 0.000000
vn -0.000000 1.000000 0.000000
vn -0.000000 1.000000 0.000000
vn -0.000000 1.000000 0.000000
vn -0.000000 1.000000 0.000000
vn -0.000000 -1.000000 0.000000
vn -0.000000 -1.000000 0.000000
vn -0.000000 -1.000000 0.000000
vn -0.000000 -1.000000 0.000000
vn -0.000000 0.000000 1.000000
vn -0.000000 0.000000 1.000000
vn -0.000000 0.000000 1.000000
vn -0.000000 0.000000 1.000000
vn -0.000000 0.000000 -1.000000
vn -0.000000 0.000000 -1.000000
vn -0.000000 0.000000 -1.000000
vn -0.000000 0.000000 -1.000000
vn -1.000000 0.000000 0.000000
vn -1.000000 0.000000 0.000000
vn -1.000000 0.000000 0.000000
vn -1.000000 0.000000 0.000000
vn 1.000000 0.000000 0.000000
vn 1.000000 0.000000 0.000000
vn 1.000000 0.000000 0.000000
vn 1.000000 0.000000 0.000000
vn -0.000000 1.000000 0.000000
vn -0.000000 1.000000 0.000000
vn -0.000000 1.000000 0.000000
vn -0.000000 1.000000 0.000000
vn -0.000000 -1.000000 0.000000
vn -0.000000 -1.000000 0.000000
vn -0.000000 -1.000000 0.000000
vn -0.000000 -1.000000 0.000000
vn -0.000000 0.000000 1.000000
vn -0.000000 0.000000 1.000000
vn -0.000000 0.000000 1.000000
vn -0.000000 0.000000 1.000000
vn -0.000000 0.000000 -1.000000
vn -0.000000 0.000000 -1.000000
vn -0.000000 0.000000 -1.000000
vn -0.000000 0.000000 -1.000000
vn -1.000000 0.000000 0.000000
vn -1.000000 0.000000 0.000000
vn -1.000000 0.000000 0.000000
vn -1.000000 0.000000 0.000000
vn 1.000000 0.000000 0.000000
vn 1.000000 0.000000 0.000000
vn 1.000000 0.000000 0.000000
vn 1.000000 0.000000 0.000000
vn -0.000000 1.000000 0.000000
vn -0.000000 1.000000 0.000000
vn -0.000000 1.000000 0.000000
vn -0.000000 1.000000 0.000000
vn -0.000000 -1.000000 0.000000
vn -0.000000 -1.000000 0.000000
vn -0.000000 -1.000000 0.000000
vn -0.000000 -1.000000 0.000000
vn -0.000000 0.000000 1.000000
vn -0.000000 0.000000 1.000000
vn -0.000000 0.000000 1.000000
vn -0.000000 0.000000 1.000000
vn -0.000000 0.000000 -1.000000
vn -0.000000 0.000000 -1.000000
vn -0.000000 0.000000 -1.000000
vn -0.000000 0.000000 -1.000000
vn -1.000000 0.000000 0.000000
vn -1.000000 0.000000 0.000000
vn -1.000000 0.000000 0.000000
vn -1.000000 0.000000 0.000000
vn 1.000000 0.000000 0.000000
vn 1.000000 0.000000 0.000000
vn 1.000000 0.000000 0.000000
vn 1.000000 0.000000 0.000000
vn -0.000000 1.000000 0.000000
vn -0.000000 1.000000 0.000000
vn -0.000000 1.000000 0.000000
vn -0.000000 1.000000 0.000000
vn -0.000000 -1.000000 0.000000
vn -0.000000 -1.000000 0.000000
vn -0.000000 -1.000000 0.000000
vn -0.000000 -1.000000 0.000000
vn -0.000000 0.000000 1.000000
vn -0.000000 0.000000 1.000000
vn -0.000000 0.000000 1.000000
vn -0.000000 0.000000 1.000000
vn -0.000000 0.000000 -1.000000
vn -0.000000 0.000000 -1.000000
vn -0.000000 0.000000 -1.000000
vn -0.000000 0.000000 -1.000000
vn -1.000000 0.000000 0.000000
vn -1.000000 0.000000 0.000000
vn -1.000000 0.000000 0.000000
vn -1.000000 0.000000 0.000000
vn 1.000000 0.000000 0.000000
vn 1.000000 0.000000 0.000000
vn 1.000000 0.000000 0.000000
vn 1.000000 0.000000 0.000000
vn -0.000000 1.000000 0.000000
vn -0.000000 1.000000 0.000000
vn -0.000000 1.000000 0.000000
vn -0.000000 1.000000 0.000000
vn -0.000000 -1.000000 0.000000
vn -0.000000 -1.000000 0.000000
vn -0.000000 -1.000000 0.000000
vn -0.000000 -1.000000 0.000000
vn -0.000000 0.000000 1.000000
vn -0.000000 0.000000 1.000000
vn -0.000000 0.000000 1.000000
vn -0.000000 0.000000 1.000000
vn -0.000000 0.000000 -1.000000
vn -0.000000 0.000000 -1.000000
vn -0.000000 0.000000 -1.000000
vn -0.000000 0.000000 -1.000000
vn -1.000000 0.000000 0.000000
vn -1.000000 0.000000 0.000000
vn -1.000000 0.000000 0.000000
vn -1.000000 0.000000 0.000000
vn 1.000000 0.000000 0.000000
vn 1.000000 0.000000 0.000000
vn 1.000000 0.000000 0.000000
vn 1.000000 0.000000 0.000000
vn -0.000000 1.000000 0.000000
vn -0.000000 1.000000 0.000000
vn -0.000000 1.000000 0.000000
vn -0.000000 1.000000 0.000000
vn -0.000000 -1.000000 0.000000
vn -0.000000 -1.000000 0.000000
vn -0.000000 -1.000000 0.000000
vn -0.000000 -1.000000 0.000000
vn -0.000000 0.000000 1.000000
vn -0.000000 0.000000 1.000000
vn -0.000000 0.000000 1.000000
vn -0.000000 0.000000 1.000000
vn -0.000000 0.000000 -1.000000
vn -0.000000 0.000000 -1.000000
vn -0.000000 0.000000 -1.000000
vn -0.000000 0.000000 -1.000000
vn -1.000000 0.000000 0.000000
vn -1.000000 0.000000 0.000000
vn -1.000000 0.000000 0.000000
vn -1.000000 0.000000 0.000000
vn 1.000000 0.000000 0.000000
vn 1.000000 0.000000 0.000000
vn 1.000000 0.000000 0.000000
vn 1.000000 0.000000 0.000000
vn -0.000000 1.000000 0.000000
vn -0.000000 1.000000 0.000000
vn -0.000000 1.000000 0.000000
vn -0.000000 1.000000 0.000000
vn -0.000000 -1.000000 0.000000
vn -0.000000 -1.000000 0.000000
vn -0.000000 -1.000000 0.000000
vn -0.000000 -1.000000 0.000000
vn -0.000000 0.000000 1.000000
vn -0.000000 0.000000 1.000000
vn -0.000000 0.000000 1.000000
vn -0.000000 0.000000 1.000000
vn -0.000000 0.000000 -1.000000
vn -0.000000 0.000000 -1.000000
vn -0.000000 0.000000 -1.000000
vn -0.000000 0.000000 -1.000000
vn -1.000000 0.000000 0.000000
vn -1.000000 0.000000 0.000000
vn -1.000000 0.000000 0.000000
vn -1.000000 0.000000 0.000000
vn 1.000000 0.000000 0.000000
vn 1.000000 0.000000 0.000000
vn 1.000000 0.000000 0.000000
vn 1.000000 0.000000 0.000000
vn -0.000000 0.707107 0.707107
vn -0.000000 0.707107 0.707107
vn -0.000000 0.707107 0.707107
vn -0.000000 0.707107 0.707107
vn -0.000000 -0.707107 -0.707107
vn -0.000000 -0.707107 -0.707107
vn -0.000000 -0.707107 -0.707107
vn -0.000000 -0.707107 -0.707107
vn -0.000000 -0.707107 0.707107
vn -0.000000 -0.707107 0.707107
vn -0.000000 -0.707107 0.707107
vn -0.000000 -0.707107 0.707107
vn -0.000000 0.707107 -0.707107
vn -0.000000 0.707107 -0.707107
vn -0.000000 0.707107 -0.707107
vn -0.000000 0.707107 -0.707107
vn -1.000000 0.000000 0.000000
vn -1.000000 0.000000 0.000000
vn -1.000000 0.000000 0.000000
vn -1.000000 0.000000 0.000000
vn 1.000000 0.000000 0.000000
vn 1.000000 0.000000 0.000000
vn 1.000000 0.000000 0.000000
vn 1.000000 0.000000 0.000000
vn -0.000000 0.923880 0.382683
vn -0.000000 0.923880 0.382683
vn -0.000000 0.923880 0.382683
vn -0.000000 0.923880 0.382683
vn -0.000000 -0.923880 -0.382683
vn -0.000000 -0.923880 -0.382683
vn -0.000000 -0.923880 -0.382683
vn -0.000000 -0.923880 -0.382683
vn -0.000000 -0.382683 0.923880
vn -0.000000 -0.382683 0.923880
vn -0.000000 -0.382683 0.923880
vn -0.000000 -0.382683 0.923880
vn -0.000000 0.382683 -0.923880
vn -0.000000 0.382683 -0.923880
vn -0.000000 0.382683 -0.923880
vn -0.000000 0.382683 -0.923880
vn -1.000000 0.000000 0.000000
vn -1.000000 0.000000 0.000000
vn -1.000000 0.000000 0.000000
vn -1.000000 0.000000 0.000000
vn 1.000000 0.000000 0.000000
vn 1.000000 0.000000 0.000000
vn 1.000000 0.000000 0.000000
vn 1.000000 0.000000 0.000000
vn -0.000000 0.923880 -0.382683
vn -0.000000 0.923880 -0.382683
vn -0.000000 0.923880 -0.382683
vn -0.000000 0.923880 -0.382683
vn -0.000000 -0.923880 0.382683
vn -0.000000 -0.923880 0.382683
vn -0.000000 -0.923880 0.382683
vn -0.000000 -0.923880 0.382683
vn -0.000000 0.382683 0.923880
vn -0.000000 0.382683 0.923880
vn -0.000000 0.382683 0.923880
vn -0.000000 0.382683 0.923880
vn -0.000000 -0.382683 -0.923880
vn -0.000000 -0.382683 -0.923880
vn -0.000000 -0.382683 -0.923880
vn -0.000000 -0.382683 -0.923880
vn -1.000000 0.000000 0.000000
vn -1.000000 0.000000 0.000000
vn -1.000000 0.000000 0.000000
vn -1.000000 0.000000 0.000000
vn 1.000000 0.000000 0.000000
vn 1.000000 0.000000 0.000000
vn 1.000000 0.000000 0.000000
vn 1.000000 0.000000 0.000000
vn -0.000000 1.000000 0.000000
vn -0.000000 1.000000 0.000000
vn -0.000000 1.000000 0.000000
vn -0.000000 1.000000 0.000000
vn -0.000000 -1.000000 0.000000
vn -0.000000 -1.000000 0.000000
vn -0.000000 -1.000000 0.000000
vn -0.000000 -1.000000 0.000000
vn -0.000000 0.000000 1.000000
vn -0.000000 0.000000 1.000000
vn -0.000000 0.000000 1.000000
vn -0.000000 0.000000 1.000000
vn -0.000000 0.000000 -1.000000
vn -0.000000 0.000000 -1.000000
vn -0.000000 0.000000 -1.000000
vn -0.000000 0.000000 -1.000000
vn -1.000000 0.000000 0.000000
vn -1.000000 0.000000 0.000000
vn -1.000000 0.000000 0.000000
vn -1.000000 0.000000 0.000000
vn 1.000000 0.000000 0.000000
vn 1.000000 0.000000 0.000000
vn 1.000000 0.000000 0.000000
vn 1.000000 0.000000 0.000000
vn -0.000000 1.000000 0.000000
vn -0.000000 1.000000 0.000000
vn -0.000000 1.000000 0.000000
vn -0.000000 1.000000 0.000000
vn -0.000000 -1.000000 0.000000
vn -0.000000 -1.000000 0.000000
vn -0.000000 -1.000000 0.000000
vn -0.000000 -1.000000 0.000000
vn -0.000000 0.000000 1.000000
vn -0.000000 0.000000 1.000000
vn -0.000000 0.000000 1.000000
vn -0.000000 0.000000 1.000000
vn -0.000000 0.000000 -1.000000
vn -0.000000 0.000000 -1.000000
vn -0.000000 0.000000 -1.000000
vn -0.000000 0.000000 -1.000000
vn -1.000000 0.000000 0.000000
vn -1.000000 0.000000 0.000000
vn -1.000000 0.000000 0.000000
vn -1.000000 0.000000 0.000000
vn 1.000000 0.000000 0.000000
vn 1.000000 0.000000 0.000000
vn 1.000000 0.000000 0.000000
vn 1.000000 0.000000 0.000000
vn -0.000000 0.923880 -0.382683
vn -0.000000 0.923880 -0.382683
vn -0.000000 0.923880 -0.382683
vn -0.000000 0.923880 -0.382683
vn -0.000000 -0.923880 0.382683
vn -0.000000 -0.923880 0.382683
vn -0.000000 -0.923880 0.382683
vn -0.000000 -0.923880 0.382683
vn -0.000000 0.382683 0.923880
vn -0.000000 0.382683 0.923880
vn -0.000000 0.382683 0.923880
vn -0.000000 0.382683 0.923880
vn -0.000000 -0.382683 -0.923880
vn -0.000000 -0.382683 -0.923880
vn -0.000000 -0.382683 -0.923880
vn -0.000000 -0.382683 -0.923880
vn -1.000000 0.000000 0.000000
vn -1.000000 0.000000 0.000000
vn -1.000000 0.000000 0.000000
vn -1.000000 0.000000 0.000000
vn 1.000000 0.000000 0.000000
vn 1.000000 0.000000 0.000000
vn 1.000000 0.000000 0.000000
vn 1.000000 0.000000 0.000000
vn -0.000000 0.923880 0.382683
vn -0.000000 0.923880 0.382683
vn -0.000000 0.923880 0.382683
vn -0.000000 0.923880 0.382683
vn -0.000000 -0.923880 -0.382683
vn -0.000000 -0.923880 -0.382683
vn -0.000000 -0.923880 -0.382683
vn -0.000000 -0.923880 -0.382683
vn -0.000000 -0.382683 0.923880
vn -0.000000 -0.382683 0.923880
vn -0.000000 -0.382683 0.923880
vn -0.000000 -0.382683 0.923880
vn -0.000000 0.382683 -0.923880
vn -0.000000 0.382683 -0.923880
vn -0.000000 0.382683 -0.923880
vn -0.000000 0.382683 -0.923880
vn -1.000000 0.000000 0.000000
vn -1.000000 0.000000 0.000000
vn -1.000000 0.000000 0.000000
vn -1.000000 0.000000 0.000000
vn 1.000000 0.000000 0.000000
vn 1.000000 0.000000 0.000000
vn 1.000000 0.000000 0.000000
vn 1.000000 0.000000 0.000000
vn -0.000000 0.707107 0.707107
vn -0.000000 0.707107 0.707107
vn -0.000000 0.707107 0.707107
vn -0.000000 0.707107 0.707107
vn -0.000000 -0.707107 -0.707107
vn -0.000000 -0.707107 -0.707107
vn -0.000000 -0.707107 -0.707107
vn -0.000000 -0.707107 -0.707107
vn -0.000000 -0.707107 0.707107
vn -0.000000 -0.707107 0.707107
vn -0.000000 -0.707107 0.707107
vn -0.000000 -0.707107 0.707107
vn -0.000000 0.707107 -0.707107
vn -0.000000 0.707107 -0.707107
vn -0.000000 0.707107 -0.707107
vn -0.000000 0.707107 -0.707107
vn -1.000000 0.000000 0.000000
vn -1.000000 0.000000 0.000000
vn -1.000000 0.000000 0.000000
vn -1.000000 0.000000 0.000000
vn 1.000000 0.000000 0.000000
vn 1.000000 0.000000 0.000000
vn 1.000000 0.000000 0.000000
vn 1.000000 0.000000 0.000000
vn -0.000000 1.000000 0.000000
vn -0.000000 1.000000 0.000000
vn -0.000000 1.000000 0.000000
vn -0.000000 1.000000 0.000000
vn -0.000000 -1.000000 0.000000
vn -0.000000 -1.000000 0.000000
vn -0.000000 -1.000000 0.000000
vn -0.000000 -1.000000 0.000000
vn -0.000000 0.000000 1.000000
vn -0.000000 0.000000 1.000000
vn -0.000000 0.000000 1.000000
vn -0.000000 0.000000 1.000000
vn -0.000000 0.000000 -1.000000
vn -0.000000 0.000000 -1.000000
vn -0.000000 0.000000 -1.000000
vn -0.000000 0.000000 -1.000000
vn -1.000000 0.000000 0.000000
vn -1.000000 0.000000 0.000000
vn -1.000000 0.000000 0.000000
vn -1.000000 0.000000 0.000000
vn 1.000000 0.000000 0.000000
vn 1.000000 0.000000 0.000000
vn 1.000000 0.000000 0.000000
vn 1.000000 0.000000 0.000000
vn -0.000000 1.000000 0.000000
vn -0.000000 1.000000 0.000000
vn -0.000000 1.000000 0.000000
vn -0.000000 1.000000 0.000000
vn -0.000000 -1.000000 0.000000
vn -0.000000 -1.000000 0.000000
vn -0.000000 -1.000000 0.000000
vn -0.000000 -1.000000 0.000000
vn -0.000000 0.000000 1.000000
vn -0.000000 0.000000 1.000000
vn -0.000000 0.000000 1.000000
vn -0.000000 0.000000 1.000000
vn -0.000000 0.000000 -1.000000
vn -0.000000 0.000000 -1.000000
vn -0.000000 0.000000 -1.000000
vn -0.000000 0.000000 -1.000000
vn -1.000000 0.000000 0.000000
vn -1.000000 0.000000 0.000000
vn -1.000000 0.000000 0.000000
vn -1.000000 0.000000 0.000000
vn 1.000000 0.000000 0.000000
vn 1.000000 0.000000 0.000000
vn 1.000000 0.000000 0.000000
vn 1.000000 0.000000 0.000000
vn -0.000000 0.923880 -0.382683
vn -0.000000 0.923880 -0.382683
vn -0.000000 0.923880 -0.382683
vn -0.000000 0.923880 -0.382683
vn -0.000000 -0.923880 0.382683
vn -0.000000 -0.923880 0.382683
vn -0.000000 -0.923880 0.382683
vn -0.000000 -0.923880 0.382683
vn -0.000000 0.382683 0.923880
vn -0.000000 0.382683 0.923880
vn -0.000000 0.382683 0.923880
vn -0.000000 0.382683 0.923880
vn -0.000000 -0.382683 -0.923880
vn -0.000000 -0.382683 -0.923880
vn -0.000000 -0.382683 -0.923880
vn -0.000000 -0.382683 -0.923880
vn -1.000000 0.000000 0.000000
vn -1.000000 0.000000 0.000000
vn -1.000000 0.000000 0.000000
vn -1.000000 0.000000 0.000000
vn 1.000000 0.000000 0.000000
vn 1.000000 0.000000 0.000000
vn 1.000000 0.000000 0.000000
vn 1.000000 0.000000 0.000000
vn -0.000000 0.923880 0.382683
vn -0.000000 0.923880 0.382683
vn -0.000000 0.923880 0.382683
vn -0.000000 0.923880 0.382683
vn -0.000000 -0.923880 -0.382683
vn -0.000000 -0.923880 -0.382683
vn -0.000000 -0.923880 -0.382683
vn -0.000000 -0.923880 -0.382683
vn -0.000000 -0.382683 0.923880
vn -0.000000 -0.382683 0.923880
vn -0.000000 -0.382683 0.923880
vn -0.000000 -0.382683 0.923880
vn -0.000000 0.382683 -0.923880
vn -0.000000 0.382683 -0.923880
vn -0.000000 0.382683 -0.923880
vn -0.000000 0.382683 -0.923880
vn -1.000000 0.000000 0.000000
vn -1.000000 0.000000 0.000000
vn -1.000000 0.000000 0.000000
vn -1.000000 0.000000 0.000000
vn 1.000000 0.000000 0.000000
vn 1.000000 0.000000 0.000000
vn 1.000000 0.000000 0.000000
vn 1.000000 0.000000 0.000000
vn -0.000000 1.000000 0.000000
vn -0.000000 1.000000 0.000000
vn -0.000000 1.000000 0.000000
vn -0.000000 1.000000 0.000000
vn -0.000000 -1.000000 0.000000
vn -0.000000 -1.000000 0.000000
vn -0.000000 -1.000000 0.000000
vn -0.000000 -1.000000 0.000000
vn -0.000000 0.000000 1.000000
vn -0.000000 0.000000 1.000000
vn -0.000000 0.000000 1.000000
vn -0.000000 0.000000 1.000000
vn -0.000000 0.000000 -1.000000
vn -0.000000 0.000000 -1.000000
vn -0.000000 0.000000 -1.000000
vn -0.000000 0.000000 -1.000000
vn -1.000000 0.000000 0.000000
vn -1.000000 0.000000 0.000000
vn -1.000000 0.000000 0.000000
vn -1.000000 0.000000 0.000000
vn 1.000000 0.000000 0.000000
vn 1.000000 0.000000 0.000000
vn 1.000000 0.000000 0.000000
vn 1.000000 0.000000 0.000000
vn -0.000000 1.000000 0.000000
vn -0.000000 1.000000 0.000000
vn -0.000000 1.000000 0.000000
vn -0.000000 1.000000 0.000000
vn -0.000000 -1.000000 0.000000
vn -0.000000 -1.000000 0.000000
vn -0.000000 -1.000000 0.000000
vn -0.000000 -1.000000 0.000000
vn -0.000000 0.000000 1.000000
vn -0.000000 0.000000 1.000000
vn -0.000000 0.000000 1.000000
vn -0.000000 0.000000 1.000000
vn -0.000000 0.000000 -1.000000
vn -0.000000 0.000000 -1.000000
vn -0.000000 0.000000 -1.000000
vn -0.000000 0.000000 -1.000000
vn -1.000000 0.000000 0.000000
vn -1.000000 0.000000 0.000000
vn -1.000000 0.000000 0.000000
vn -1.000000 0.000000 0.000000
vn 1.000000 0.000000 0.000000
vn 1.000000 0.000000 0.000000
vn 1.000000 0.000000 0.000000
vn 1.000000 0.000000 0.000000
vn -0.000000 0.707107 -0.707107
vn -0.000000 0.707107 -0.707107
vn -0.000000 0.707107 -0.707107
vn -0.000000 0.707107 -0.707107
vn -0.000000 -0.707107 0.707107
vn -0.000000 -0.707107 0.707107
vn -0.000000 -0.707107 0.707107
vn -0.000000 -0.707107 0.707107
vn -0.000000 0.707107 0.707107
vn -0.000000 0.707107 0.707107
vn -0.000000 0.707107 0.707107
vn -0.000000 0.707107 0.707107
vn -0.000000 -0.707107 -0.707107
vn -0.000000 -0.707107 -0.707107
vn -0.000000 -0.707107 -0.707107
vn -0.000000 -0.707107 -0.707107
vn -1.000000 0.000000 0.000000
vn -1.000000 0.000000 0.000000
vn -1.000000 0.000000 0.000000
vn -1.000000 0.000000 0.000000
vn 1.000000 0.000000 0.000000
vn 1.000000 0.000000 0.000000
vn 1.000000 0.000000 0.000000
vn 1.000000 0.000000 0.000000
vn -0.000000 0.923880 -0.382683
vn -0.000000 0.923880 -0.382683
vn -0.000000 0.923880 -0.382683
vn -0.000000 0.923880 -0.382683
vn -0.000000 -0.923880 0.382683
vn -0.000000 -0.923880 0.382683
vn -0.000000 -0.923880 0.382683
vn -0.000000 -0.923880 0.382683
vn -0.000000 0.382683 0.923880
vn -0.000000 0.382683 0.923880
vn -0.000000 0.382683 0.923880
vn -0.000000 0.382683 0.923880
vn -0.000000 -0.382683 -0.923880
vn -0.000000 -0.382683 -0.923880
vn -0.000000 -0.382683 -0.923880
vn -0.000000 -0.382683 -0.923880
vn -1.000000 0.000000 0.000000
vn -1.000000 0.000000 0.000000
vn -1.000000 0.000000 0.000000
vn -1.000000 0.000000 0.000000
vn 1.000000 0.000000 0.000000
vn 1.000000 0.000000 0.000000
vn 1.000000 0.000000 0.000000
vn 1.000000 0.000000 0.000000
vn -0.000000 0.923880 0.382683
vn -0.000000 0.923880 0.382683
vn -0.000000 0.923880 0.382683
vn -0.000000 0.923880 0.382683
vn -0.000000 -0.923880 -0.382683
vn -0.000000 -0.923880 -0.382683
vn -0.000000 -0.923880 -0.382683
vn -0.000000 -0.923880 -0.382683
vn -0.000000 -0.382683 0.923880
vn -0.000000 -0.382683 0.923880
vn -0.000000 -0.382683 0.923880
vn -0.000000 -0.382683 0.923880
vn -0.000000 0.382683 -0.923880
vn -0.000000 0.382683 -0.923880
vn -0.000000 0.382683 -0.923880
vn -0.000000 0.382683 -0.923880
vn -1.000000 0.000000 0.000000
vn -1.000000 0.000000 0.000000
vn -1.000000 0.000000 0.000000
vn -1.000000 0.000000 0.000000
vn 1.000000 0.000000 0.000000
vn 1.000000 0.000000 0.000000
vn 1.000000 0.000000 0.000000
vn 1.000000 0.000000 0.000000
vn -0.000000 1.000000 0.000000
vn -0.000000 1.000000 0.000000
vn -0.000000 1.000000 0.000000
vn -0.000000 1.000000 0.000000
vn -0.000000 -1.000000 0.000000
vn -0.000000 -1.000000 0.000000
vn -0.000000 -1.000000 0.000000
vn -0.000000 -1.000000 0.000000
vn -0.000000 0.000000 1.000000
vn -0.000000 0.000000 1.000000
vn -0.000000 0.000000 1.000000
vn -0.000000 0.000000 1.000000
vn -0.000000 0.000000 -1.000000
vn -0.000000 0.000000 -1.000000
vn -0.000000 0.000000 -1.000000
vn -0.000000 0.000000 -1.000000
vn -1.000000 0.000000 0.000000
vn -1.000000 0.000000 0.000000
vn -1.000000 0.000000 0.000000
vn -1.000000 0.000000 0.000000
vn 1.000000 0.000000 0.000000
vn 1.000000 0.000000 0.000000
vn 1.000000 0.000000 0.000000
vn 1.000000 0.000000 0.000000
vn -0.000000 1.000000 0.000000
vn -0.000000 1.000000 0.000000
vn -0.000000 1.000000 0.000000
vn -0.000000 1.000000 0.000000
vn -0.000000 -1.000000 0.000000
vn -0.000000 -1.000000 0.000000
vn -0.000000 -1.000000 0.000000
vn -0.000000 -1.000000 0.000000
vn -0.000000 0.000000 1.000000
vn -0.000000 0.000000 1.000000
vn -0.000000 0.000000 1.000000
vn -0.000000 0.000000 1.000000
vn -0.000000 0.000000 -1.000000
vn -0.000000 0.000000 -1.000000
vn -0.000000 0.000000 -1.000000
vn -0.000000 0.000000 -1.000000
vn -1.000000 0.000000 0.000000
vn -1.000000 0.000000 0.000000
vn -1.000000 0.000000 0.000000
vn -1.000000 0.000000 0.000000
vn 1.000000 0.000000 0.000000
vn 1.000000 0.000000 0.000000
vn 1.000000 0.000000 0.000000
vn 1.000000 0.000000 0.000000
vn -0.000000 0.923880 -0.382683
vn -0.000000 0.923880 -0.382683
vn -0.000000 0.923880 -0.382683
vn -0.000000 0.923880 -0.382683
vn -0.000000 -0.923880 0.382683
vn -0.000000 -0.923880 0.382683
vn -0.000000 -0.923880 0.382683
vn -0.000000 -0.923880 0.382683
vn -0.000000 0.382683 0.923880
vn -0.000000 0.382683 0.923880
vn -0.000000 0.382683 0.923880
vn -0.000000 0.382683 0.923880
vn -0.000000 -0.382683 -0.923880
vn -0.000000 -0.382683 -0.923880
vn -0.000000 -0.382683 -0.923880
vn -0.000000 -0.382683 -0.923880
vn -1.000000 0.000000 0.000000
vn -1.000000 0.000000 0.000000
vn -1.000000 0.000000 0.000000
vn -1.000000 0.000000 0.000000
vn 1.000000 0.000000 0.000000
vn 1.000000 0.000000 0.000000
vn 1.000000 0.000000 0.000000
vn 1.000000 0.000000 0.000000
vn -0.000000 0.923880 0.382683
vn -0.000000 0.923880 0.382683
vn -0.000000 0.923880 0.382683
vn -0.000000 0.923880 0.382683
vn -0.000000 -0.923880 -0.382683
vn -0.000000 -0.923880 -0.382683
vn -0.000000 -0.923880 -0.382683
vn -0.000000 -0.923880 -0.382683
vn -0.000000 -0.382683 0.923880
vn -0.000000 -0.382683 0.923880
vn -0.000000 -0.382683 0.923880
vn -0.000000 -0.382683 0.923880
vn -0.000000 0.382683 -0.923880
vn -0.000000 0.382683 -0.923880
vn -0.000000 0.382683 -0.923880
vn -0.000000 0.382683 -0.923880
vn -1.000000 0.000000 0.000000
vn -1.000000 0.000000 0.000000
vn -1.000000 0.000000 0.000000
vn -1.000000 0.000000 0.000000
vn 1.000000 0.000000 0.000000
vn 1.000000 0.000000 0.000000
vn 1.000000 0.000000 0.000000
vn 1.000000 0.000000 0.000000
vn -0.000000 0.923880 0.382683
vn -0.000000 0.923880 0.382683
vn -0.000000 0.923880 0.382683
vn -0.000000 0.923880 0.382683
vn -0.000000 -0.923880 -0.382683
vn -0.000000 -0.923880 -0.382683
vn -0.000000 -0.923880 -0.382683
vn -0.000000 -0.923880 -0.382683
vn -0.000000 -0.382683 0.923880
vn -0.000000 -0.382683 0.923880
vn -0.000000 -0.382683 0.923880
vn -0.000000 -0.382683 0.923880
vn -0.000000 0.382683 -0.923880
vn -0.000000 0.382683 -0.923880
vn -0.000000 0.382683 -0.923880
vn -0.000000 0.382683 -0.923880
vn -1.000000 0.000000 0.000000
vn -1.000000 0.000000 0.000000
vn -1.000000 0.000000 0.000000
vn -1.000000 0.000000 0.000000
vn 1.000000 0.000000 0.000000
vn 1.000000 0.000000 0.000000
vn 1.000000 0.000000 0.000000
vn 1.000000 0.000000 0.000000
vn -0.000000 1.000000 0.000000
vn -0.000000 1.000000 0.000000
vn -0.000000 1.000000 0.000000
vn -0.000000 1.000000 0.000000
vn -0.000000 -1.000000 0.000000
vn -0.000000 -1.000000 0.000000
vn -0.000000 -1.000000 0.000000
vn -0.000000 -1.000000 0.000000
vn -0.000000 0.000000 1.000000
vn -0.000000 0.000000 1.000000
vn -0.000000 0.000000 1.000000
vn -0.000000 0.000000 1.000000
vn -0.000000 0.000000 -1.000000
vn -0.000000 0.000000 -1.000000
vn -0.000000 0.000000 -1.000000
vn -0.000000 0.000000 -1.000000
vn -1.000000 0.000000 0.000000
vn -1.000000 0.000000 0.000000
vn -1.000000 0.000000 0.000000
vn -1.000000 0.000000 0.000000
vn 1.000000 0.000000 0.000000
vn 1.000000 0.000000 0.000000
vn 1.000000 0.000000 0.000000
vn 1.000000 0.000000 0.000000
vn -0.000000 0.923880 -0.382683
vn -0.000000 0.923880 -0.382683
vn -0.000000 0.923880 -0.382683
vn -0.000000 0.923880 -0.382683
vn -0.000000 -0.923880 0.382683
vn -0.000000 -0.923880 0.382683
vn -0.000000 -0.923880 0.382683
vn -0.000000 -0.923880 0.382683
vn -0.000000 0.382683 0.923880
vn -0.000000 0.382683 0.923880
vn -0.000000 0.382683 0.923880
vn -0.000000 0.382683 0.923880
vn -0.000000 -0.382683 -0.923880
vn -0.000000 -0.382683 -0.923880
vn -0.000000 -0.382683 -0.923880
vn -0.000000 -0.382683 -0.923880
vn -1.000000 0.000000 0.000000
vn -1.000000 0.000000 0.000000
vn -1.000000 0.000000 0.000000
vn -1.000000 0.000000 0.000000
vn 1.000000 0.000000 0.000000
vn 1.000000 0.000000 0.000000
vn 1.000000 0.000000 0.000000
vn 1.000000 0.000000 0.000000
vn -0.000000 0.923880 0.382683
vn -0.000000 0.923880 0.382683
vn -0.000000 0.923880 0.382683
vn -0.000000 0.923880 0.382683
vn -0.000000 -0.923880 -0.382683
vn -0.000000 -0.923880 -0.382683
vn -0.000000 -0.923880 -0.382683
vn -0.000000 -0.923880 -0.382683
vn -0.000000 -0.382683 0.923880
vn -0.000000 -0.382683 0.923880
vn -0.000000 -0.382683 0.923880
vn -0.000000 -0.382683 0.923880
vn -0.000000 0.382683 -0.923880
vn -0.000000 0.382683 -0.923880
vn -0.000000 0.382683 -0.923880
vn -0.000000 0.382683 -0.923880
vn -1.000000 0.000000 0.000000
vn -1.000000 0.000000 0.000000
vn -1.000000 0.000000 0.000000
vn -1.000000 0.000000 0.000000
vn 1.000000 0.000000 0.000000
vn 1.000000 0.000000 0.000000
vn 1.000000 0.000000 0.000000
vn 1.000000 0.000000 0.000000
vn -0.000000 1.000000 0.000000
vn -0.000000 1.000000 0.000000
vn -0.000000 1.000000 0.000000
vn -0.000000 1.000000 0.000000
vn -0.000000 -1.000000 0.000000
vn -0.000000 -1.000000 0.000000
vn -0.000000 -1.000000 0.000000
vn -0.000000 -1.000000 0.000000
vn -0.000000 0.000000 1.000000
vn -0.000000 0.000000 1.000000
vn -0.000000 0.000000 1.000000
vn -0.000000 0.000000 1.000000
vn -0.000000 0.000000 -1.000000
vn -0.000000 0.000000 -1.000000
vn -0.000000 0.000000 -1.000000
vn -0.000000 0.000000 -1.000000
vn -1.000000 0.000000 0.000000
vn -1.000000 0.000000 0.000000
vn -1.000000 0.000000 0.000000
vn -1.000000 0.000000 0.000000
vn 1.000000 0.000000 0.000000
vn 1.000000 0.000000 0.000000
vn 1.000000 0.000000 0.000000
vn 1.000000 0.000000 0.000000
vn -0.000000 0.923880 -0.382683
vn -0.000000 0.923880 -0.382683
vn -0.000000 0.923880 -0.382683
vn -0.000000 0.923880 -0.382683
vn -0.000000 -0.923880 0.382683
vn -0.000000 -0.923880 0.382683
vn -0.000000 -0.923880 0.382683
vn -0.000000 -0.923880 0.382683
vn -0.000000 0.382683 0.923880
vn -0.000000 0.382683 0.923880
vn -0.000000 0.382683 0.923880
vn -0.000000 0.382683 0.923880
vn -0.000000 -0.382683 -0.923880
vn -0.000000 -0.382683 -0.923880
vn -0.000000 -0.382683 -0.923880
vn -0.000000 -0.382683 -0.923880
vn -1.000000 0.000000 0.000000
vn -1.000000 0.000000 0.000000
vn -1.000000 0.000000 0.000000
vn -1.000000 0.000000 0.000000
vn 1.000000 0.000000 0.000000
vn 1.000000 0.000000 0.000000
vn 1.000000 0.000000 0.000000
vn 1.000000 0.000000 0.000000
vn -0.000000 1.000000 0.000000
vn -0.000000 1.000000 0.000000
vn -0.000000 1.000000 0.000000
vn -0.000000 1.000000 0.000000
vn -0.000000 -1.000000 0.000000
vn -0.000000 -1.000000 0.000000
vn -0.000000 -1.000000 0.000000
vn -0.000000 -1.000000 0.000000
vn -0.000000 0.000000 1.000000
vn -0.000000 0.000000 1.000000
vn -0.000000 0.000000 1.000000
vn -0.000000 0.000000 1.000000
vn -0.000000 0.000000 -1.000000
vn -0.000000 0.000000 -1.000000
vn -0.000000 0.000000 -1.000000
vn -0.000000 0.000000 -1.000000
vn -1.000000 0.000000 0.000000
vn -1.000000 0.000000 0.000000
vn -1.000000 0.000000 0.000000
vn -1.000000 0.000000 0.000000
vn 1.000000 0.000000 0.000000
vn 1.000000 0.000000 0.000000
vn 1.000000 0.000000 0.000000
vn 1.000000 0.000000 0.000000
vn -0.000000 1.000000 0.000000
vn -0.000000 1.000000 0.000000
vn -0.000000 1.000000 0.000000
vn -0.000000 1.000000 0.000000
vn -0.000000 -1.000000 0.000000
vn -0.000000 -1.000000 0.000000
vn -0.000000 -1.000000 0.000000
vn -0.000000 -1.000000 0.000000
vn -0.000000 0.000000 1.000000
vn -0.000000 0.000000 1.000000
vn -0.000000 0.000000 1.000000
vn -0.000000 0.000000 1.000000
vn -0.000000 0.000000 -1.000000
vn -0.000000 0.000000 -1.000000
vn -0.000000 0.000000 -1.000000
vn -0.000000 0.000000 -1.000000
vn -1.000000 0.000000 0.000000
vn -1.000000 0.000000 0.000000
vn -1.000000 0.000000 0.000000
vn -1.000000 0.000000 0.000000
vn 1.000000 0.000000 0.000000
vn 1.000000 0.000000 0.000000
vn 1.000000 0.000000 0.000000
vn 1.000000 0.000000 0.000000
vn -0.000000 1.000000 0.000000
vn -0.000000 1.000000 0.000000
vn -0.000000 1.000000 0.000000
vn -0.000000 1.000000 0.000000
vn -0.000000 -1.000000 0.000000
vn -0.000000 -1.000000 0.000000
vn -0.000000 -1.000000 0.000000
vn -0.000000 -1.000000 0.000000
vn -0.000000 0.000000 1.000000
vn -0.000000 0.000000 1.000000
vn -0.000000 0.000000 1.000000
vn -0.000000 0.000000 1.000000
vn -0.000000 0.000000 -1.000000
vn -0.000000 0.000000 -1.000000
vn -0.000000 0.000000 -1.000000
vn -0.000000 0.000000 -1.000000
vn -1.000000 0.000000 0.000000
vn -1.000000 0.000000 0.000000
vn -1.000000 0.000000 0.000000
vn -1.000000 0.000000 0.000000
vn 1.000000 0.000000 0.000000
vn 1.000000 0.000000 0.000000
vn 1.000000 0.000000 0.000000
vn 1.000000 0.000000 0.000000
vn -0.000000 1.000000 0.000000
vn -0.000000 1.000000 0.000000
vn -0.000000 1.000000 0.000000
vn -0.000000 1.000000 0.000000
vn -0.000000 -1.000000 0.000000
vn -0.000000 -1.000000 0.000000
vn -0.000000 -1.000000 0.000000
vn -0.000000 -1.000000 0.000000
vn -0.000000 0.000000 1.000000
vn -0.000000 0.000000 1.000000
vn -0.000000 0.000000 1.000000
vn -0.000000 0.000000 1.000000
vn -0.000000 0.000000 -1.000000
vn -0.000000 0.000000 -1.000000
vn -0.000000 0.000000 -1.000000
vn -0.000000 0.000000 -1.000000
vn -1.000000 0.000000 0.000000
vn -1.000000 0.000000 0.000000
vn -1.000000 0.000000 0.000000
vn -1.000000 0.000000 0.000000
vn 1.000000 0.000000 0.000000
vn 1.000000 0.000000 0.000000
vn 1.000000 0.000000 0.000000
vn 1.000000 0.000000 0.000000
vn -0.000000 1.000000 0.000000
vn -0.000000 1.000000 0.000000
vn -0.000000 1.000000 0.000000
vn -0.000000 1.000000 0.000000
vn -0.000000 -1.000000 0.000000
vn -0.000000 -1.000000 0.000000
vn -0.000000 -1.000000 0.000000
vn -0.000000 -1.000000 0.000000
vn -0.000000 0.000000 1.000000
vn -0.000000 0.000000 1.000000
vn -0.000000 0.000000 1.000000
vn -0.000000 0.000000 1.000000
vn -0.000000 0.000000 -1.000000
vn -0.000000 0.000000 -1.000000
vn -0.000000 0.000000 -1.000000
vn -0.000000 0.000000 -1.000000
vn -1.000000 0.000000 0.000000
vn -1.000000 0.000000 0.000000
vn -1.000000 0.000000 0.000000
vn -1.000000 0.000000 0.000000
vn 1.000000 0.000000 0.000000
vn 1.000000 0.000000 0.000000
vn 1.000000 0.000000 0.000000
vn 1.000000 0.000000 0.000000
vn -0.000000 1.000000 0.000000
vn -0.000000 1.000000 0.000000
vn -0.000000 1.000000 0.000000
vn -0.000000 1.000000 0.000000
vn -0.000000 -1.000000 0.000000
vn -0.000000 -1.000000 0.000000
vn -0.000000 -1.000000 0.000000
vn -0.000000 -1.000000 0.000000
vn -0.000000 0.000000 1.000000
vn -0.000000 0.000000 1.000000
vn -0.000000 0.000000 1.000000
vn -0.000000 0.000000 1.000000
vn -0.000000 0.000000 -1.000000
vn -0.000000 0.000000 -1.000000
vn -0.000000 0.000000 -1.000000
vn -0.000000 0.000000 -1.000000
vn -1.000000 0.000000 0.000000
vn -1.000000 0.000000 0.000000
vn -1.000000 0.000000 0.000000
vn -1.000000 0.000000 0.000000
vn 1.000000 0.000000 0.000000
vn 1.000000 0.000000 0.000000
vn 1.000000 0.000000 0.000000
vn 1.000000 0.000000 0.000000
vn -0.000000 1.000000 0.000000
vn -0.000000 1.000000 0.000000
vn -0.000000 1.000000 0.000000
vn -0.000000 1.000000 0.000000
vn -0.000000 -1.000000 0.000000
vn -0.000000 -1.000000 0.000000
vn -0.000000 -1.000000 0.000000
vn -0.000000 -1.000000 0.000000
vn -0.000000 0.000000 1.000000
vn -0.000000 0.000000 1.000000
vn -0.000000 0.000000 1.000000
vn -0.000000 0.000000 1.000000
vn -0.000000 0.000000 -1.000000
vn -0.000000 0.000000 -1.000000
vn -0.000000 0.000000 -1.000000
vn -0.000000 0.000000 -1.000000
vn -1.000000 0.000000 0.000000
vn -1.000000 0.000000 0.000000
vn -1.000000 0.000000 0.000000
vn -1.000000 0.000000 0.000000
vn 1.000000 0.000000 0.000000
vn 1.000000 0.000000 0.000000
vn 1.000000 0.000000 0.000000
vn 1.000000 0.000000 0.000000
vn -0.000000 1.000000 0.000000
vn -0.000000 1.000000 0.000000
vn -0.000000 1.000000 0.000000
vn -0.000000 1.000000 0.000000
vn -0.000000 -1.000000 0.000000
vn -0.000000 -1.000000 0.000000
vn -0.000000 -1.000000 0.000000
vn -0.000000 -1.000000 0.000000
vn -0.000000 0.000000 1.000000
vn -0.000000 0.000000 1.000000
vn -0.000000 0.000000 1.000000
vn -0.000000 0.000000 1.000000
vn -0.000000 0.000000 -1.000000
vn -0.000000 0.000000 -1.000000
vn -0.000000 0.000000 -1.000000
vn -0.000000 0.000000 -1.000000
vn -1.000000 0.000000 0.000000
vn -1.000000 0.000000 0.000000
vn -1.000000 0.000000 0.000000
vn -1.000000 0.000000 0.000000
vn 1.000000 0.000000 0.000000
vn 1.000000 0.000000 0.000000
vn 1.000000 0.000000 0.000000
vn 1.000000 0.000000 0.000000
vn -0.000000 1.000000 0.000000
vn -0.000000 1.000000 0.000000
vn -0.000000 1.000000 0.000000
vn -0.000000 1.000000 0.000000
vn -0.000000 -1.000000 0.000000
vn -0.000000 -1.000000 0.000000
vn -0.000000 -1.000000 0.000000
vn -0.000000 -1.000000 0.000000
vn -0.000000 0.000000 1.000000
vn -0.000000 0.000000 1.000000
vn -0.000000 0.000000 1.000000
vn -0.000000 0.000000 1.000000
vn -0.000000 0.000000 -1.000000
vn -0.000000 0.000000 -1.000000
vn -0.000000 0.000000 -1.000000
vn -0.000000 0.000000 -1.000000
vn -1.000000 0.000000 0.000000
vn -1.000000 0.000000 0.000000
vn -1.000000 0.000000 0.000000
vn -1.000000 0.000000 0.000000
vn 1.000000 0.000000 0.000000
vn 1.000000 0.000000 0.000000
vn 1.000000 0.000000 0.000000
vn 1.000000 0.000000 0.000000
vn -0.000000 0.923880 0.382683
vn -0.000000 0.923880 0.382683
vn -0.000000 0.923880 0.382683
vn -0.000000 0.923880 0.382683
vn -0.000000 -0.923880 -0.382683
vn -0.000000 -0.923880 -0.382683
vn -0.000000 -0.923880 -0.382683
vn -0.000000 -0.923880 -0.382683
vn -0.000000 -0.382683 0.923880
vn -0.000000 -0.382683 0.923880
vn -0.000000 -0.382683 0.923880
vn -0.000000 -0.382683 0.923880
vn -0.000000 0.382683 -0.923880
vn -0.000000 0.382683 -0.923880
vn -0.000000 0.382683 -0.923880
vn -0.000000 0.382683 -0.923880
vn -1.000000 0.000000 0.000000
vn -1.000000 0.000000 0.000000
vn -1.000000 0.000000 0.000000
vn -1.000000 0.000000 0.000000
vn 1.000000 0.000000 0.000000
vn 1.000000 0.000000 0.000000
vn 1.000000 0.000000 0.000000
vn 1.000000 0.000000 0.000000
vn -0.000000 0.923880 -0.382683
vn -0.000000 0.923880 -0.382683
vn -0.000000 0.923880 -0.382683
vn -0.000000 0.923880 -0.382683
vn -0.000000 -0.923880 0.382683
vn -0.000000 -0.923880 0.382683
vn -0.000000 -0.923880 0.382683
vn -0.000000 -0.923880 0.382683
vn -0.000000 0.382683 0.923880
vn -0.000000 0.382683 0.923880
vn -0.000000 0.382683 0.923880
vn -0.000000 0.382683 0.923880
vn -0.000000 -0.382683 -0.923880
vn -0.000000 -0.382683 -0.923880
vn -0.000000 -0.382683 -0.923880
vn -0.000000 -0.382683 -0.923880
vn -1.000000 0.000000 0.000000
vn -1.000000 0.000000 0.000000
vn -1.000000 0.000000 0.000000
vn -1.000000 0.000000 0.000000
vn 1.000000 0.000000 0.000000
vn 1.000000 0.000000 0.000000
vn 1.000000 0.000000 0.000000
vn 1.000000 0.000000 0.000000
vn -0.000000 1.000000 0.000000
vn -0.000000 1.000000 0.000000
vn -0.000000 1.000000 0.000000
vn -0.000000 1.000000 0.000000
vn -0.000000 -1.000000 0.000000
vn -0.000000 -1.000000 0.000000
vn -0.000000 -1.000000 0.000000
vn -0.000000 -1.000000 0.000000
vn -0.000000 0.000000 1.000000
vn -0.000000 0.000000 1.000000
vn -0.000000 0.000000 1.000000
vn -0.000000 0.000000 1.000000
vn -0.000000 0.000000 -1.000000
vn -0.000000 0.000000 -1.000000
vn -0.000000 0.000000 -1.000000
vn -0.000000 0.000000 -1.000000
vn -1.000000 0.000000 0.000000
vn -1.000000 0.000000 0.000000
vn -1.000000 0.000000 0.000000
vn -1.000000 0.000000 0.000000
vn 1.000000 0.000000 0.000000
vn 1.000000 0.000000 0.000000
vn 1.000000 0.000000 0.000000
vn 1.000000 0.000000 0.000000
vn -0.000000 1.000000 0.000000
vn -0.000000 1.000000 0.000000
vn -0.000000 1.000000 0.000000
vn -0.000000 1.000000 0.000000
vn -0.000000 -1.000000 0.000000
vn -0.000000 -1.000000 0.000000
vn -0.000000 -1.000000 0.000000
vn -0.000000 -1.000000 0.000000
vn -0.000000 0.000000 1.000000
vn -0.000000 0.000000 1.000000
vn -0.000000 0.000000 1.000000
vn -0.000000 0.000000 1.000000
vn -0.000000 0.000000 -1.000000
vn -0.000000 0.000000 -1.000000
vn -0.000000 0.000000 -1.000000
vn -0.000000 0.000000 -1.000000
vn -1.000000 0.000000 0.000000
vn -1.000000 0.000000 0.000000
vn -1.000000 0.000000 0.000000
vn -1.000000 0.000000 0.000000
vn 1.000000 0.000000 0.000000
vn 1.000000 0.000000 0.000000
vn 1.000000 0.000000 0.000000
vn 1.000000 0.000000 0.000000
vn -0.000000 0.707107 0.707107
vn -0.000000 0.707107 0.707107
vn -0.000000 0.707107 0.707107
vn -0.000000 0.707107 0.707107
vn -0.000000 -0.707107 -0.707107
vn -0.000000 -0.707107 -0.707107
vn -0.000000 -0.707107 -0.707107
vn -0.000000 -0.707107 -0.707107
vn -0.000000 -0.707107 0.707107
vn -0.000000 -0.707107 0.707107
vn -0.000000 -0.707107 0.707107
vn -0.000000 -0.707107 0.707107
vn -0.000000 0.707107 -0.707107
vn -0.000000 0.707107 -0.707107
vn -0.000000 0.707107 -0.707107
vn -0.000000 0.707107 -0.707107
vn -1.000000 0.000000 0.000000
vn -1.000000 0.000000 0.000000
vn -1.000000 0.000000 0.000000
vn -1.000000 0.000000 0.000000
vn 1.000000 0.000000 0.000000
vn 1.000000 0.000000 0.000000
vn 1.000000 0.000000 0.000000
vn 1.000000 0.000000 0.000000
vn -0.000000 1.000000 0.000000
vn -0.000000 1.000000 0.000000
vn -0.000000 1.000000 0.000000
vn -0.000000 1.000000 0.000000
vn -0.000000 -1.000000 0.000000
vn -0.000000 -1.000000 0.000000
vn -0.000000 -1.000000 0.000000
vn -0.000000 -1.000000 0.000000
vn -0.000000 0.000000 1.000000
vn -0.000000 0.000000 1.000000
vn -0.000000 0.000000 1.000000
vn -0.000000 0.000000 1.000000
vn -0.000000 0.000000 -1.000000
vn -0.000000 0.000000 -1.000000
vn -0.000000 0.000000 -1.000000
vn -0.000000 0.000000 -1.000000
vn -0.923880 -0.382683 0.000000
vn -0.923880 -0.382683 0.000000
vn -0.923880 -0.382683 0.000000
vn -0.923880 -0.382683 0.000000
vn 0.923880 0.382683 0.000000
vn 0.923880 0.382683 0.000000
vn 0.923880 0.382683 0.000000
vn 0.923880 0.382683 0.000000
vn -0.382683 0.923880 0.000000
vn -0.382683 0.923880 0.000000
vn -0.382683 0.923880 0.000000
vn -0.382683 0.923880 0.000000
vn 0.382683 -0.923880 0.000000
vn 0.382683 -0.923880 0.000000
vn 0.382683 -0.923880 0.000000
vn 0.382683 -0.923880 0.000000
vn -0.000000 0.000000 1.000000
vn -0.000000 0.000000 1.000000
vn -0.000000 0.000000 1.000000
vn -0.000000 0.000000 1.000000
vn -0.000000 0.000000 -1.000000
vn -0.000000 0.000000 -1.000000
vn -0.000000 0.000000 -1.000000
vn -0.000000 0.000000 -1.000000
vn -0.923880 -0.382683 0.000000
vn -0.923880 -0.382683 0.000000
vn -0.923880 -0.382683 0.000000
vn -0.923880 -0.382683 0.000000
vn 0.923880 0.382683 0.000000
vn 0.923880 0.382683 0.000000
vn 0.923880 0.382683 0.000000
vn 0.923880 0.382683 0.000000
vn -0.382683 0.923880 0.000000
vn -0.382683 0.923880 0.000000
vn -0.382683 0.923880 0.000000
vn -0.382683 0.923880 0.000000
vn 0.382683 -0.923880 0.000000
vn 0.382683 -0.923880 0.000000
vn 0.382683 -0.923880 0.000000
vn 0.382683 -0.923880 0.000000
vn -0.000000 0.000000 1.000000
vn -0.000000 0.000000 1.000000
vn -0.000000 0.000000 1.000000
vn -0.000000 0.000000 1.000000
vn -0.000000 0.000000 -1.000000
vn -0.000000 0.000000 -1.000000
vn -0.000000 0.000000 -1.000000
vn -0.000000 0.000000 -1.000000
vn -0.707107 -0.707107 0.000000
vn -0.707107 -0.707107 0.000000
vn -0.707107 -0.707107 0.000000
vn -0.707107 -0.707107 0.000000
vn 0.707107 0.707107 0.000000
vn 0.707107 0.707107 0.000000
vn 0.707107 0.707107 0.000000
vn 0.707107 0.707107 0.000000
vn -0.707107 0.707107 0.000000
vn -0.707107 0.707107 0.000000
vn -0.707107 0.707107 0.000000
vn -0.707107 0.707107 0.000000
vn 0.707107 -0.707107 0.000000
vn 0.707107 -0.707107 0.000000
vn 0.707107 -0.707107 0.000000
vn 0.707107 -0.707107 0.000000
vn -0.000000 0.000000 1.000000
vn -0.000000 0.000000 1.000000
vn -0.000000 0.000000 1.000000
vn -0.000000 0.000000 1.000000
vn -0.000000 0.000000 -1.000000
vn -0.000000 0.000000 -1.000000
vn -0.000000 0.000000 -1.000000
vn -0.000000 0.000000 -1.000000
vn -1.000000 0.000000 0.000000
vn -1.000000 0.000000 0.000000
vn -1.000000 0.000000 0.000000
vn -1.000000 0.000000 0.000000
vn 1.000000 0.000000 0.000000
vn 1.000000 0.000000 0.000000
vn 1.000000 0.000000 0.000000
vn 1.000000 0.000000 0.000000
vn -0.000000 1.000000 0.000000
vn -0.000000 1.000000 0.000000
vn -0.000000 1.000000 0.000000
vn -0.000000 1.000000 0.000000
vn -0.000000 -1.000000 0.000000
vn -0.000000 -1.000000 0.000000
vn -0.000000 -1.000000 0.000000
vn -0.000000 -1.000000 0.000000
vn -0.000000 0.000000 1.000000
vn -0.000000 0.000000 1.000000
vn -0.000000 0.000000 1.000000
vn -0.000000 0.000000 1.000000
vn -0.000000 0.000000 -1.000000
vn -0.000000 0.000000 -1.000000
vn -0.000000 0.000000 -1.000000
vn -0.000000 0.000000 -1.000000
vn -0.707107 -0.707107 0.000000
vn -0.707107 -0.707107 0.000000
vn -0.707107 -0.707107 0.000000
vn -0.707107 -0.707107 0.000000
vn 0.707107 0.707107 0.000000
vn 0.707107 0.707107 0.000000
vn 0.707107 0.707107 0.000000
vn 0.707107 0.707107 0.000000
vn -0.707107 0.707107 0.000000
vn -0.707107 0.707107 0.000000
vn -0.707107 0.707107 0.000000
vn -0.707107 0.707107 0.000000
vn 0.707107 -0.707107 0.000000
vn 0.707107 -0.707107 0.000000
vn 0.707107 -0.707107 0.000000
vn 0.707107 -0.707107 0.000000
vn -0.000000 0.000000 1.000000
vn -0.000000 0.000000 1.000000
vn -0.000000 0.000000 1.000000
vn -0.000000 0.000000 1.000000
vn -0.000000 0.000000 -1.000000
vn -0.000000 0.000000 -1.000000
vn -0.000000 0.000000 -1.000000
vn -0.000000 0.000000 -1.000000
vn -0.707107 -0.707107 0.000000
vn -0.707107 -0.707107 0.000000
vn -0.707107 -0.707107 0.000000
vn -0.707107 -0.707107 0.000000
vn 0.707107 0.707107 0.000000
vn 0.707107 0.707107 0.000000
vn 0.707107 0.707107 0.000000
vn 0.707107 0.707107 0.000000
vn -0.707107 0.707107 0.000000
vn -0.707107 0.707107 0.000000
vn -0.707107 0.707107 0.000000
vn -0.707107 0.707107 0.000000
vn 0.707107 -0.707107 0.000000
vn 0.707107 -0.707107 0.000000
vn 0.707107 -0.707107 0.000000
vn 0.707107 -0.707107 0.000000
vn -0.000000 0.000000 1.000000
vn -0.000000 0.000000 1.000000
vn -0.000000 0.000000 1.000000
vn -0.000000 0.000000 1.000000
vn -0.000000 0.000000 -1.000000
vn -0.000000 0.000000 -1.000000
vn -0.000000 0.000000 -1.000000
vn -0.000000 0.000000 -1.000000
vn -1.000000 0.000000 0.000000
vn -1.000000 0.000000 0.000000
vn -1.000000 0.000000 0.000000
vn -1.000000 0.000000 0.000000
vn 1.000000 0.000000 0.000000
vn 1.000000 0.000000 0.000000
vn 1.000000 0.000000 0.000000
vn 1.000000 0.000000 0.000000
vn -0.000000 1.000000 0.000000
vn -0.000000 1.000000 0.000000
vn -0.000000 1.000000 0.000000
vn -0.000000 1.000000 0.000000
vn -0.000000 -1.000000 0.000000
vn -0.000000 -1.000000 0.000000
vn -0.000000 -1.000000 0.000000
vn -0.000000 -1.000000 0.000000
vn -0.000000 0.000000 1.000000
vn -0.000000 0.000000 1.000000
vn -0.000000 0.000000 1.000000
vn -0.000000 0.000000 1.000000
vn -0.000000 0.000000 -1.000000
vn -0.000000 0.000000 -1.000000
vn -0.000000 0.000000 -1.000000
vn -0.000000 0.000000 -1.000000
vn -0.707107 -0.707107 0.000000
vn -0.707107 -0.707107 0.000000
vn -0.707107 -0.707107 0.000000
vn -0.707107 -0.707107 0.000000
vn 0.707107 0.707107 0.000000
vn 0.707107 0.707107 0.000000
vn 0.707107 0.707107 0.000000
vn 0.707107 0.707107 0.000000
vn -0.707107 0.707107 0.000000
vn -0.707107 0.707107 0.000000
vn -0.707107 0.707107 0.000000
vn -0.707107 0.707107 0.000000
vn 0.707107 -0.707107 0.000000
vn 0.707107 -0.707107 0.000000
vn 0.707107 -0.707107 0.000000
vn 0.707107 -0.707107 0.000000
vn -0.000000 0.000000 1.000000
vn -0.000000 0.000000 1.000000
vn -0.000000 0.000000 1.000000
vn -0.000000 0.000000 1.000000
vn -0.000000 0.000000 -1.000000
vn -0.000000 0.000000 -1.000000
vn -0.000000 0.000000 -1.000000
vn -0.000000 0.000000 -1.000000
vn -1.000000 0.000000 0.000000
vn -1.000000 0.000000 0.000000
vn -1.000000 0.000000 0.000000
vn -1.000000 0.000000 0.000000
vn 1.000000 0.000000 0.000000
vn 1.000000 0.000000 0.000000
vn 1.000000 0.000000 0.000000
vn 1.000000 0.000000 0.000000
vn -0.000000 1.000000 0.000000
vn -0.000000 1.000000 0.000000
vn -0.000000 1.000000 0.000000
vn -0.000000 1.000000 0.000000
vn -0.000000 -1.000000 0.000000
vn -0.000000 -1.000000 0.000000
vn -0.000000 -1.000000 0.000000
vn -0.000000 -1.000000 0.000000
vn -0.000000 0.000000 1.000000
vn -0.000000 0.000000 1.000000
vn -0.000000 0.000000 1.000000
vn -0.000000 0.000000 1.000000
vn -0.000000 0.000000 -1.000000
vn -0.000000 0.000000 -1.000000
vn -0.000000 0.000000 -1.000000
vn -0.000000 0.000000 -1.000000
vn -1.000000 0.000000 0.000000
vn -1.000000 0.000000 0.000000
vn -1.000000 0.000000 0.000000
vn -1.000000 0.000000 0.000000
vn 1.000000 0.000000 0.000000
vn 1.000000 0.000000 0.000000
vn 1.000000 0.000000 0.000000
vn 1.000000 0.000000 0.000000
vn -0.000000 1.000000 0.000000
vn -0.000000 1.000000 0.000000
vn -0.000000 1.000000 0.000000
vn -0.000000 1.000000 0.000000
vn -0.000000 -1.000000 0.000000
vn -0.000000 -1.000000 0.000000
vn -0.000000 -1.000000 0.000000
vn -0.000000 -1.000000 0.000000
vn -0.000000 0.000000 1.000000
vn -0.000000 0.000000 1.000000
vn -0.000000 0.000000 1.000000
vn -0.000000 0.000000 1.000000
vn -0.000000 0.000000 -1.000000
vn -0.000000 0.000000 -1.000000
vn -0.000000 0.000000 -1.000000
vn -0.000000 0.000000 -1.000000
vn -0.707107 -0.707107 0.000000
vn -0.707107 -0.707107 0.000000
vn -0.707107 -0.707107 0.000000
vn -0.707107 -0.707107 0.000000
vn 0.707107 0.707107 0.000000
vn 0.707107 0.707107 0.000000
vn 0.707107 0.707107 0.000000
vn 0.707107 0.707107 0.000000
vn -0.707107 0.707107 0.000000
vn -0.707107 0.707107 0.000000
vn -0.707107 0.707107 0.000000
vn -0.707107 0.707107 0.000000
vn 0.707107 -0.707107 0.000000
vn 0.707107 -0.707107 0.000000
vn 0.707107 -0.707107 0.000000
vn 0.707107 -0.707107 0.000000
vn -0.000000 0.000000 1.000000
vn -0.000000 0.000000 1.000000
vn -0.000000 0.000000 1.000000
vn -0.000000 0.000000 1.000000
vn -0.000000 0.000000 -1.000000
vn -0.000000 0.000000 -1.000000
vn -0.000000 0.000000 -1.000000
vn -0.000000 0.000000 -1.000000
vn -0.707107 -0.707107 0.000000
vn -0.707107 -0.707107 0.000000
vn -0.707107 -0.707107 0.000000
vn -0.707107 -0.707107 0.000000
vn 0.707107 0.707107 0.000000
vn 0.707107 0.707107 0.000000
vn 0.707107 0.707107 0.000000
vn 0.707107 0.707107 0.000000
vn -0.707107 0.707107 0.000000
vn -0.707107 0.707107 0.000000
vn -0.707107 0.707107 0.000000
vn -0.707107 0.707107 0.000000
vn 0.707107 -0.707107 0.000000
vn 0.707107 -0.707107 0.000000
vn 0.707107 -0.707107 0.000000
vn 0.707107 -0.707107 0.000000
vn -0.000000 0.000000 1.000000
vn -0.000000 0.000000 1.000000
vn -0.000000 0.000000 1.000000
vn -0.000000 0.000000 1.000000
vn -0.000000 0.000000 -1.000000
vn -0.000000 0.000000 -1.000000
vn -0.000000 0.000000 -1.000000
vn -0.000000 0.000000 -1.000000
vn -1.000000 0.000000 0.000000
vn -1.000000 0.000000 0.000000
vn -1.000000 0.000000 0.000000
vn -1.000000 0.000000 0.000000
vn 1.000000 0.000000 0.000000
vn 1.000000 0.000000 0.000000
vn 1.000000 0.000000 0.000000
vn 1.000000 0.000000 0.000000
vn -0.000000 1.000000 0.000000
vn -0.000000 1.000000 0.000000
vn -0.000000 1.000000 0.000000
vn -0.000000 1.000000 0.000000
vn -0.000000 -1.000000 0.000000
vn -0.000000 -1.000000 0.000000
vn -0.000000 -1.000000 0.000000
vn -0.000000 -1.000000 0.000000
vn -0.000000 0.000000 1.000000
vn -0.000000 0.000000 1.000000
vn -0.000000 0.000000 1.000000
vn -0.000000 0.000000 1.000000
vn -0.000000 0.000000 -1.000000
vn -0.000000 0.000000 -1.000000
vn -0.000000 0.000000 -1.000000
vn -0.000000 0.000000 -1.000000
vn -1.000000 0.000000 0.000000
vn -1.000000 0.000000 0.000000
vn -1.000000 0.000000 0.000000
vn -1.000000 0.000000 0.000000
vn 1.000000 0.000000 0.000000
vn 1.000000 0.000000 0.000000
vn 1.000000 0.000000 0.000000
vn 1.000000 0.000000 0.000000
vn -0.000000 1.000000 0.000000
vn -0.000000 1.000000 0.000000
vn -0.000000 1.000000 0.000000
vn -0.000000 1.000000 0.000000
vn -0.000000 -1.000000 0.000000
vn -0.000000 -1.000000 0.000000
vn -0.000000 -1.000000 0.000000
vn -0.000000 -1.000000 0.000000
vn -0.000000 0.000000 1.000000
vn -0.000000 0.000000 1.000000
vn -0.000000 0.000000 1.000000
vn -0.000000 0.000000 1.000000
vn -0.000000 0.000000 -1.000000
vn -0.000000 0.000000 -1.000000
vn -0.000000 0.000000 -1.000000
vn -0.000000 0.000000 -1.000000
vn -1.000000 0.000000 0.000000
vn -1.000000 0.000000 0.000000
vn -1.000000 0.000000 0.000000
vn -1.000000 0.000000 0.000000
vn 1.000000 0.000000 0.000000
vn 1.000000 0.000000 0.000000
vn 1.000000 0.000000 0.000000
vn 1.000000 0.000000 0.000000
vn -0.000000 1.000000 0.000000
vn -0.000000 1.000000 0.000000
vn -0.000000 1.000000 0.000000
vn -0.000000 1.000000 0.000000
vn -0.000000 -1.000000 0.000000
vn -0.000000 -1.000000 0.000000
vn -0.000000 -1.000000 0.000000
vn -0.000000 -1.000000 0.000000
vn -0.000000 0.000000 1.000000
vn -0.000000 0.000000 1.000000
vn -0.000000 0.000000 1.000000
vn -0.000000 0.000000 1.000000
vn -0.000000 0.000000 -1.000000
vn -0.000000 0.000000 -1.000000
vn -0.000000 0.000000 -1.000000
vn -0.000000 0.000000 -1.000000
vn -1.000000 0.000000 0.000000
vn -1.000000 0.000000 0.000000
vn -1.000000 0.000000 0.000000
vn -1.000000 0.000000 0.000000
vn 1.000000 0.000000 0.000000
vn 1.000000 0.000000 0.000000
vn 1.000000 0.000000 0.000000
vn 1.000000 0.000000 0.000000
vn -0.000000 1.000000 0.000000
vn -0.000000 1.000000 0.000000
vn -0.000000 1.000000 0.000000
vn -0.000000 1.000000 0.000000
vn -0.000000 -1.000000 0.000000
vn -0.000000 -1.000000 0.000000
vn -0.000000 -1.000000 0.000000
vn -0.000000 -1.000000 0.000000
vn -0.000000 0.000000 1.000000
vn -0.000000 0.000000 1.000000
vn -0.000000 0.000000 1.000000
vn -0.000000 0.000000 1.000000
vn -0.000000 0.000000 -1.000000
vn -0.000000 0.000000 -1.000000
vn -0.000000 0.000000 -1.000000
vn -0.000000 0.000000 -1.000000
vn -0.707107 -0.707107 0.000000
vn -0.707107 -0.707107 0.000000
vn -0.707107 -0.707107 0.000000
vn -0.707107 -0.707107 0.000000
vn 0.707107 0.707107 0.000000
vn 0.707107 0.707107 0.000000
vn 0.707107 0.707107 0.000000
vn 0.707107 0.707107 0.000000
vn -0.707107 0.707107 0.000000
vn -0.707107 0.707107 0.000000
vn -0.707107 0.707107 0.000000
vn -0.707107 0.707107 0.000000
vn 0.707107 -0.707107 0.000000
vn 0.707107 -0.707107 0.000000
vn 0.707107 -0.707107 0.000000
vn 0.707107 -0.707107 0.000000
vn -0.000000 0.000000 1.000000
vn -0.000000 0.000000 1.000000
vn -0.000000 0.000000 1.000000
vn -0.000000 0.000000 1.000000
vn -0.000000 0.000000 -1.000000
vn -0.000000 0.000000 -1.000000
vn -0.000000 0.000000 -1.000000
vn -0.000000 0.000000 -1.000000
vn -1.000000 0.000000 0.000000
vn -1.000000 0.000000 0.000000
vn -1.000000 0.000000 0.000000
vn -1.000000 0.000000 0.000000
vn 1.000000 0.000000 0.000000
vn 1.000000 0.000000 0.000000
vn 1.000000 0.000000 0.000000
vn 1.000000 0.000000 0.000000
vn -0.000000 1.000000 0.000000
vn -0.000000 1.000000 0.000000
vn -0.000000 1.000000 0.000000
vn -0.000000 1.000000 0.000000
vn -0.000000 -1.000000 0.000000
vn -0.000000 -1.000000 0.000000
vn -0.000000 -1.000000 0.000000
vn -0.000000 -1.000000 0.000000
vn -0.000000 0.000000 1.000000
vn -0.000000 0.000000 1.000000
vn -0.000000 0.000000 1.000000
vn -0.000000 0.000000 1.000000
vn -0.000000 0.000000 -1.000000
vn -0.000000 0.000000 -1.000000
vn -0.000000 0.000000 -1.000000
vn -0.000000 0.000000 -1.000000
vn -1.000000 0.000000 0.000000
vn -1.000000 0.000000 0.000000
vn -1.000000 0.000000 0.000000
vn -1.000000 0.000000 0.000000
vn 1.000000 0.000000 0.000000
vn 1.000000 0.000000 0.000000
vn 1.000000 0.000000 0.000000
vn 1.000000 0.000000 0.000000
vn -0.000000 1.000000 0.000000
vn -0.000000 1.000000 0.000000
vn -0.000000 1.000000 0.000000
vn -0.000000 1.000000 0.000000
vn -0.000000 -1.000000 0.000000
vn -0.000000 -1.000000 0.000000
vn -0.000000 -1.000000 0.000000
vn -0.000000 -1.000000 0.000000
vn -0.000000 0.000000 1.000000
vn -0.000000 0.000000 1.000000
vn -0.000000 0.000000 1.000000
vn -0.000000 0.000000 1.000000
vn -0.000000 0.000000 -1.000000
vn -0.000000 0.000000 -1.000000
vn -0.000000 0.000000 -1.000000
vn -0.000000 0.000000 -1.000000
vn -0.707107 -0.707107 0.000000
vn -0.707107 -0.707107 0.000000
vn -0.707107 -0.707107 0.000000
vn -0.707107 -0.707107 0.000000
vn 0.707107 0.707107 0.000000
vn 0.707107 0.707107 0.000000
vn 0.707107 0.707107 0.000000
vn 0.707107 0.707107 0.000000
vn -0.707107 0.707107 0.000000
vn -0.707107 0.707107 0.000000
vn -0.707107 0.707107 0.000000
vn -0.707107 0.707107 0.000000
vn 0.707107 -0.707107 0.000000
vn 0.707107 -0.707107 0.000000
vn 0.707107 -0.707107 0.000000
vn 0.707107 -0.707107 0.000000
vn -0.000000 0.000000 1.000000
vn -0.000000 0.000000 1.000000
vn -0.000000 0.000000 1.000000
vn -0.000000 0.000000 1.000000
vn -0.000000 0.000000 -1.000000
vn -0.000000 0.000000 -1.000000
vn -0.000000 0.000000 -1.000000
vn -0.000000 0.000000 -1.000000
vn -0.923880 0.382683 0.000000
vn -0.923880 0.382683 0.000000
vn -0.923880 0.382683 0.000000
vn -0.923880 0.382683 0.000000
vn 0.923880 -0.382683 0.000000
vn 0.923880 -0.382683 0.000000
vn 0.923880 -0.382683 0.000000
vn 0.923880 -0.382683 0.000000
vn 0.382683 0.923880 0.000000
vn 0.382683 0.923880 0.000000
vn 0.382683 0.923880 0.000000
vn 0.382683 0.923880 0.000000
vn -0.382683 -0.923880 0.000000
vn -0.382683 -0.923880 0.000000
vn -0.382683 -0.923880 0.000000
vn -0.382683 -0.923880 0.000000
vn -0.000000 0.000000 1.000000
vn -0.000000 0.000000 1.000000
vn -0.000000 0.000000 1.000000
vn -0.000000 0.000000 1.000000
vn -0.000000 0.000000 -1.000000
vn -0.000000 0.000000 -1.000000
vn -0.000000 0.000000 -1.000000
vn -0.000000 0.000000 -1.000000
vn -0.923880 -0.382683 0.000000
vn -0.923880 -0.382683 0.000000
vn -0.923880 -0.382683 0.000000
vn -0.923880 -0.382683 0.000000
vn 0.923880 0.382683 0.000000
vn 0.923880 0.382683 0.000000
vn 0.923880 0.382683 0.000000
vn 0.923880 0.382683 0.000000
vn -0.382683 0.923880 0.000000
vn -0.382683 0.923880 0.000000
vn -0.382683 0.923880 0.000000
vn -0.382683 0.923880 0.000000
vn 0.382683 -0.923880 0.000000
vn 0.382683 -0.923880 0.000000
vn 0.382683 -0.923880 0.000000
vn 0.382683 -0.923880 0.000000
vn -0.000000 0.000000 1.000000
vn -0.000000 0.000000 1.000000
vn -0.000000 0.000000 1.000000
vn -0.000000 0.000000 1.000000
vn -0.000000 0.000000 -1.000000
vn -0.000000 0.000000 -1.000000
vn -0.000000 0.000000 -1.000000
vn -0.000000 0.000000 -1.000000
vn -1.000000 0.000000 0.000000
vn -1.000000 0.000000 0.000000
vn -1.000000 0.000000 0.000000
vn -1.000000 0.000000 0.000000
vn 1.000000 0.000000 0.000000
vn 1.000000 0.000000 0.000000
vn 1.000000 0.000000 0.000000
vn 1.000000 0.000000 0.000000
vn -0.000000 0.923880 0.382683
vn -0.000000 0.923880 0.382683
vn -0.000000 0.923880 0.382683
vn -0.000000 0.923880 0.382683
vn -0.000000 -0.923880 -0.382683
vn -0.000000 -0.923880 -0.382683
vn -0.000000 -0.923880 -0.382683
vn -0.000000 -0.923880 -0.382683
vn -0.000000 -0.382683 0.923880
vn -0.000000 -0.382683 0.923880
vn -0.000000 -0.382683 0.923880
vn -0.000000 -0.382683 0.923880
vn -0.000000 0.382683 -0.923880
vn -0.000000 0.382683 -0.923880
vn -0.000000 0.382683 -0.923880
vn -0.000000 0.382683 -0.923880
vn -1.000000 0.000000 0.000000
vn -1.000000 0.000000 0.000000
vn -1.000000 0.000000 0.000000
vn -1.000000 0.000000 0.000000
vn 1.000000 0.000000 0.000000
vn 1.000000 0.000000 0.000000
vn 1.000000 0.000000 0.000000
vn 1.000000 0.000000 0.000000
vn -0.000000 0.923880 -0.382683
vn -0.000000 0.923880 -0.382683
vn -0.000000 0.923880 -0.382683
vn -0.000000 0.923880 -0.382683
vn -0.000000 -0.923880 0.382683
vn -0.000000 -0.923880 0.382683
vn -0.000000 -0.923880 0.382683
vn -0.000000 -0.923880 0.382683
vn -0.000000 0.382683 0.923880
vn -0.000000 0.382683 0.923880
vn -0.000000 0.382683 0.923880
vn -0.000000 0.382683 0.923880
vn -0.000000 -0.382683 -0.923880
vn -0.000000 -0.382683 -0.923880
vn -0.000000 -0.382683 -0.923880
vn -0.000000 -0.382683 -0.923880
vn -1.000000 0.000000 0.000000
vn -1.000000 0.000000 0.000000
vn -1.000000 0.000000 0.000000
vn -1.000000 0.000000 0.000000
vn 1.000000 0.000000 0.000000
vn 1.000000 0.000000 0.000000
vn 1.000000 0.000000 0.000000
vn 1.000000 0.000000 0.000000
vn -0.000000 0.923880 0.382683
vn -0.000000 0.923880 0.382683
vn -0.000000 0.923880 0.382683
vn -0.000000 0.923880 0.382683
vn -0.000000 -0.923880 -0.382683
vn -0.000000 -0.923880 -0.382683
vn -0.000000 -0.923880 -0.382683
vn -0.000000 -0.923880 -0.382683
vn -0.000000 -0.382683 0.923880
vn -0.000000 -0.382683 0.923880
vn -0.000000 -0.382683 0.923880
vn -0.000000 -0.382683 0.923880
vn -0.000000 0.382683 -0.923880
vn -0.000000 0.382683 -0.923880
vn -0.000000 0.382683 -0.923880
vn -0.000000 0.382683 -0.923880
vn -1.000000 0.000000 0.000000
vn -1.000000 0.000000 0.000000
vn -1.000000 0.000000 0.000000
vn -1.000000 0.000000 0.000000
vn 1.000000 0.000000 0.000000
vn 1.000000 0.000000 0.000000
vn 1.000000 0.000000 0.000000
vn 1.000000 0.000000 0.000000
vn -0.000000 1.000000 0.000000
vn -0.000000 1.000000 0.000000
vn -0.000000 1.000000 0.000000
vn -0.000000 1.000000 0.000000
vn -0.000000 -1.000000 0.000000
vn -0.000000 -1.000000 0.000000
vn -0.000000 -1.000000 0.000000
vn -0.000000 -1.000000 0.000000
vn -0.000000 0.000000 1.000000
vn -0.000000 0.000000 1.000000
vn -0.000000 0.000000 1.000000
vn -0.000000 0.000000 1.000000
vn -0.000000 0.000000 -1.000000
vn -0.000000 0.000000 -1.000000
vn -0.000000 0.000000 -1.000000
vn -0.000000 0.000000 -1.000000
vn -1.000000 0.000000 0.000000
vn -1.000000 0.000000 0.000000
vn -1.000000 0.000000 0.000000
vn -1.000000 0.000000 0.000000
vn 1.000000 0.000000 0.000000
vn 1.000000 0.000000 0.000000
vn 1.000000 0.000000 0.000000
vn 1.000000 0.000000 0.000000
vn -0.000000 1.000000 0.000000
vn -0.000000 1.000000 0.000000
vn -0.000000 1.000000 0.000000
vn -0.000000 1.000000 0.000000
vn -0.000000 -1.000000 0.000000
vn -0.000000 -1.000000 0.000000
vn -0.000000 -1.000000 0.000000
vn -0.000000 -1.000000 0.000000
vn -0.000000 0.000000 1.000000
vn -0.000000 0.000000 1.000000
vn -0.000000 0.000000 1.000000
vn -0.000000 0.000000 1.000000
vn -0.000000 0.000000 -1.000000
vn -0.000000 0.000000 -1.000000
vn -0.000000 0.000000 -1.000000
vn -0.000000 0.000000 -1.000000
vn -1.000000 0.000000 0.000000
vn -1.000000 0.000000 0.000000
vn -1.000000 0.000000 0.000000
vn -1.000000 0.000000 0.000000
vn 1.000000 0.000000 0.000000
vn 1.000000 0.000000 0.000000
vn 1.000000 0.000000 0.000000
vn 1.000000 0.000000 0.000000
vn -0.000000 1.000000 0.000000
vn -0.000000 1.000000 0.000000
vn -0.000000 1.000000 0.000000
vn -0.000000 1.000000 0.000000
vn -0.000000 -1.000000 0.000000
vn -0.000000 -1.000000 0.000000
vn -0.000000 -1.000000 0.000000
vn -0.000000 -1.000000 0.000000
vn -0.000000 0.000000 1.000000
vn -0.000000 0.000000 1.000000
vn -0.000000 0.000000 1.000000
vn -0.000000 0.000000 1.000000
vn -0.000000 0.000000 -1.000000
vn -0.000000 0.000000 -1.000000
vn -0.000000 0.000000 -1.000000
vn -0.000000 0.000000 -1.000000
vn -1.000000 0.000000 0.000000
vn -1.000000 0.000000 0.000000
vn -1.000000 0.000000 0.000000
vn -1.000000 0.000000 0.000000
vn 1.000000 0.000000 0.000000
vn 1.000000 0.000000 0.000000
vn 1.000000 0.000000 0.000000
vn 1.000000 0.000000 0.000000
vn -0.000000 0.923880 0.382683
vn -0.000000 0.923880 0.382683
vn -0.000000 0.923880 0.382683
vn -0.000000 0.923880 0.382683
vn -0.000000 -0.923880 -0.382683
vn -0.000000 -0.923880 -0.382683
vn -0.000000 -0.923880 -0.382683
vn -0.000000 -0.923880 -0.382683
vn -0.000000 -0.382683 0.923880
vn -0.000000 -0.382683 0.923880
vn -0.000000 -0.382683 0.923880
vn -0.000000 -0.382683 0.923880
vn -0.000000 0.382683 -0.923880
vn -0.000000 0.382683 -0.923880
vn -0.000000 0.382683 -0.923880
vn -0.000000 0.382683 -0.923880
vn -1.000000 0.000000 0.000000
vn -1.000000 0.000000 0.000000
vn -1.000000 0.000000 0.000000
vn -1.000000 0.000000 0.000000
vn 1.000000 0.000000 0.000000
vn 1.000000 0.000000 0.000000
vn 1.000000 0.000000 0.000000
vn 1.000000 0.000000 0.000000
vn -0.000000 0.923880 0.382683
vn -0.000000 0.923880 0.382683
vn -0.000000 0.923880 0.382683
vn -0.000000 0.923880 0.382683
vn -0.000000 -0.923880 -0.382683
vn -0.000000 -0.923880 -0.382683
vn -0.000000 -0.923880 -0.382683
vn -0.000000 -0.923880 -0.382683
vn -0.000000 -0.382683 0.923880
vn -0.000000 -0.382683 0.923880
vn -0.000000 -0.382683 0.923880
vn -0.000000 -0.382683 0.923880
vn -0.000000 0.382683 -0.923880
vn -0.000000 0.382683 -0.923880
vn -0.000000 0.382683 -0.923880
vn -0.000000 0.382683 -0.923880
vn -1.000000 0.000000 0.000000
vn -1.000000 0.000000 0.000000
vn -1.000000 0.000000 0.000000
vn -1.000000 0.000000 0.000000
vn 1.000000 0.000000 0.000000
vn 1.000000 0.000000 0.000000
vn 1.000000 0.000000 0.000000
vn 1.000000 0.000000 0.000000
vn -0.000000 0.923880 -0.382683
vn -0.000000 0.923880 -0.382683
vn -0.000000 0.923880 -0.382683
vn -0.000000 0.923880 -0.382683
vn -0.000000 -0.923880 0.382683
vn -0.000000 -0.923880 0.382683
vn -0.000000 -0.923880 0.382683
vn -0.000000 -0.923880 0.382683
vn -0.000000 0.382683 0.923880
vn -0.000000 0.382683 0.923880
vn -0.000000 0.382683 0.923880
vn -0.000000 0.382683 0.923880
vn -0.000000 -0.382683 -0.923880
vn -0.000000 -0.382683 -0.923880
vn -0.000000 -0.382683 -0.923880
vn -0.000000 -0.382683 -0.923880
vn -1.000000 0.000000 0.000000
vn -1.000000 0.000000 0.000000
vn -1.000000 0.000000 0.000000
vn -1.000000 0.000000 0.000000
vn 1.000000 0.000000 0.000000
vn 1.000000 0.000000 0.000000
vn 1.000000 0.000000 0.000000
vn 1.000000 0.000000 0.000000
vn -0.000000 1.000000 0.000000
vn -0.000000 1.000000 0.000000
vn -0.000000 1.000000 0.000000
vn -0.000000 1.000000 0.000000
vn -0.000000 -1.000000 0.000000
vn -0.000000 -1.000000 0.000000
vn -0.000000 -1.000000 0.000000
vn -0.000000 -1.000000 0.000000
vn -0.000000 0.000000 1.000000
vn -0.000000 0.000000 1.000000
vn -0.000000 0.000000 1.000000
vn -0.000000 0.000000 1.000000
vn -0.000000 0.000000 -1.000000
vn -0.000000 0.000000 -1.000000
vn -0.000000 0.000000 -1.000000
vn -0.000000 0.000000 -1.000000
vn -1.000000 0.000000 0.000000
vn -1.000000 0.000000 0.000000
vn -1.000000 0.000000 0.000000
vn -1.000000 0.000000 0.000000
vn 1.000000 0.000000 0.000000
vn 1.000000 0.000000 0.000000
vn 1.000000 0.000000 0.000000
vn 1.000000 0.000000 0.000000
vn -0.000000 0.707107 0.707107
vn -0.000000 0.707107 0.707107
vn -0.000000 0.707107 0.707107
vn -0.000000 0.707107 0.707107
vn -0.000000 -0.707107 -0.707107
vn -0.000000 -0.707107 -0.707107
vn -0.000000 -0.707107 -0.707107
vn -0.000000 -0.707107 -0.707107
vn -0.000000 -0.707107 0.707107
vn -0.000000 -0.707107 0.707107
vn -0.000000 -0.707107 0.707107
vn -0.000000 -0.707107 0.707107
vn -0.000000 0.707107 -0.707107
vn -0.000000 0.707107 -0.707107
vn -0.000000 0.707107 -0.707107
vn -0.000000 0.707107 -0.707107
vn -1.000000 0.000000 0.000000
vn -1.000000 0.000000 0.000000
vn -1.000000 0.000000 0.000000
vn -1.000000 0.000000 0.000000
vn 1.000000 0.000000 0.000000
vn 1.000000 0.000000 0.000000
vn 1.000000 0.000000 0.000000
vn 1.000000 0.000000 0.000000
vn -0.000000 0.923880 -0.382683
vn -0.000000 0.923880 -0.382683
vn -0.000000 0.923880 -0.382683
vn -0.000000 0.923880 -0.382683
vn -0.000000 -0.923880 0.382683
vn -0.000000 -0.923880 0.382683
vn -0.000000 -0.923880 0.382683
vn -0.000000 -0.923880 0.382683
vn -0.000000 0.382683 0.923880
vn -0.000000 0.382683 0.923880
vn -0.000000 0.382683 0.923880
vn -0.000000 0.382683 0.923880
vn -0.000000 -0.382683 -0.923880
vn -0.000000 -0.382683 -0.923880
vn -0.000000 -0.382683 -0.923880
vn -0.000000 -0.382683 -0.923880
vn -1.000000 0.000000 0.000000
vn -1.000000 0.000000 0.000000
vn -1.000000 0.000000 0.000000
vn -1.000000 0.000000 0.000000
vn 1.000000 0.000000 0.000000
vn 1.000000 0.000000 0.000000
vn 1.000000 0.000000 0.000000
vn 1.000000 0.000000 0.000000
vn -0.000000 1.000000 0.000000
vn -0.000000 1.000000 0.000000
vn -0.000000 1.000000 0.000000
vn -0.000000 1.000000 0.000000
vn -0.000000 -1.000000 0.000000
vn -0.000000 -1.000000 0.000000
vn -0.000000 -1.000000 0.000000
vn -0.000000 -1.000000 0.000000
vn -0.000000 0.000000 1.000000
vn -0.000000 0.000000 1.000000
vn -0.000000 0.000000 1.000000
vn -0.000000 0.000000 1.000000
vn -0.000000 0.000000 -1.000000
vn -0.000000 0.000000 -1.000000
vn -0.000000 0.000000 -1.000000
vn -0.000000 0.000000 -1.000000
vn -1.000000 0.000000 0.000000
vn -1.000000 0.000000 0.000000
vn -1.000000 0.000000 0.000000
vn -1.000000 0.000000 0.000000
vn 1.000000 0.000000 0.000000
vn 1.000000 0.000000 0.000000
vn 1.000000 0.000000 0.000000
vn 1.000000 0.000000 0.000000
vn -0.000000 1.000000 0.000000
vn -0.000000 1.000000 0.000000
vn -0.000000 1.000000 0.000000
vn -0.000000 1.000000 0.000000
vn -0.000000 -1.000000 0.000000
vn -0.000000 -1.000000 0.000000
vn -0.000000 -1.000000 0.000000
vn -0.000000 -1.000000 0.000000
vn -0.000000 0.000000 1.000000
vn -0.000000 0.000000 1.000000
vn -0.000000 0.000000 1.000000
vn -0.000000 0.000000 1.000000
vn -0.000000 0.000000 -1.000000
vn -0.000000 0.000000 -1.000000
vn -0.000000 0.000000 -1.000000
vn -0.000000 0.000000 -1.000000
vn -1.000000 0.000000 0.000000
vn -1.000000 0.000000 0.000000
vn -1.000000 0.000000 0.000000
vn -1.000000 0.000000 0.000000
vn 1.000000 0.000000 0.000000
vn 1.000000 0.000000 0.000000
vn 1.000000 0.000000 0.000000
vn 1.000000 0.000000 0.000000
vn -0.000000 1.000000 0.000000
vn -0.000000 1.000000 0.000000
vn -0.000000 1.000000 0.000000
vn -0.000000 1.000000 0.000000
vn -0.000000 -1.000000 0.000000
vn -0.000000 -1.000000 0.000000
vn -0.000000 -1.000000 0.000000
vn -0.000000 -1.000000 0.000000
vn -0.000000 0.000000 1.000000
vn -0.000000 0.000000 1.000000
vn -0.000000 0.000000 1.000000
vn -0.000000 0.000000 1.000000
vn -0.000000 0.000000 -1.000000
vn -0.000000 0.000000 -1.000000
vn -0.000000 0.000000 -1.000000
vn -0.000000 0.000000 -1.000000
vn -1.000000 0.000000 0.000000
vn -1.000000 0.000000 0.000000
vn -1.000000 0.000000 0.000000
vn -1.000000 0.000000 0.000000
vn 1.000000 0.000000 0.000000
vn 1.000000 0.000000 0.000000
vn 1.000000 0.000000 0.000000
vn 1.000000 0.000000 0.000000
vn -0.000000 1.000000 0.000000
vn -0.000000 1.000000 0.000000
vn -0.000000 1.000000 0.000000
vn -0.000000 1.000000 0.000000
vn -0.000000 -1.000000 0.000000
vn -0.000000 -1.000000 0.000000
vn -0.000000 -1.000000 0.000000
vn -0.000000 -1.000000 0.000000
vn -0.000000 0.000000 1.000000
vn -0.000000 0.000000 1.000000
vn -0.000000 0.000000 1.000000
vn -0.000000 0.000000 1.000000
vn -0.000000 0.000000 -1.000000
vn -0.000000 0.000000 -1.000000
vn -0.000000 0.000000 -1.000000
vn -0.000000 0.000000 -1.000000
vn -1.000000 0.000000 0.000000
vn -1.000000 0.000000 0.000000
vn -1.000000 0.000000 0.000000
vn -1.000000 0.000000 0.000000
vn 1.000000 0.000000 0.000000
vn 1.000000 0.000000 0.000000
vn 1.000000 0.000000 0.000000
vn 1.000000 0.000000 0.000000
vn -0.000000 1.000000 0.000000
vn -0.000000 1.000000 0.000000
vn -0.000000 1.000000 0.000000
vn -0.000000 1.000000 0.000000
vn -0.000000 -1.000000 0.000000
vn -0.000000 -1.000000 0.000000
vn -0.000000 -1.000000 0.000000
vn -0.000000 -1.000000 0.000000
vn -0.000000 0.000000 1.000000
vn -0.000000 0.000000 1.000000
vn -0.000000 0.000000 1.000000
vn -0.000000 0.000000 1.000000
vn -0.000000 0.000000 -1.000000
vn -0.000000 0.000000 -1.000000
vn -0.000000 0.000000 -1.000000
vn -0.000000 0.000000 -1.000000
vn -1.000000 0.000000 0.000000
vn -1.000000 0.000000 0.000000
vn -1.000000 0.000000 0.000000
vn -1.000000 0.000000 0.000000
vn 1.000000 0.000000 0.000000
vn 1.000000 0.000000 0.000000
vn 1.000000 0.000000 0.000000
vn 1.000000 0.000000 0.000000
vn -0.000000 1.000000 0.000000
vn -0.000000 1.000000 0.000000
vn -0.000000 1.000000 0.000000
vn -0.000000 1.000000 0.000000
vn -0.000000 -1.000000 0.000000
vn -0.000000 -1.000000 0.000000
vn -0.000000 -1.000000 0.000000
vn -0.000000 -1.000000 0.000000
vn -0.000000 0.000000 1.000000
vn -0.000000 0.000000 1.000000
vn -0.000000 0.000000 1.000000
vn -0.000000 0.000000 1.000000
vn -0.000000 0.000000 -1.000000
vn -0.000000 0.000000 -1.000000
vn -0.000000 0.000000 -1.000000
vn -0.000000 0.000000 -1.000000
vn -1.000000 0.000000 0.000000
vn -1.000000 0.000000 0.000000
vn -1.000000 0.000000 0.000000
vn -1.000000 0.000000 0.000000
vn 1.000000 0.000000 0.000000
vn 1.000000 0.000000 0.000000
vn 1.000000 0.000000 0.000000
vn 1.000000 0.000000 0.000000
vn -0.000000 1.000000 0.000000
vn -0.000000 1.000000 0.000000
vn -0.000000 1.000000 0.000000
vn -0.000000 1.000000 0.000000
vn -0.000000 -1.000000 0.000000
vn -0.000000 -1.000000 0.000000
vn -0.000000 -1.000000 0.000000
vn -0.000000 -1.000000 0.000000
vn -0.000000 0.000000 1.000000
vn -0.000000 0.000000 1.000000
vn -0.000000 0.000000 1.000000
vn -0.000000 0.000000 1.000000
vn -0.000000 0.000000 -1.000000
vn -0.000000 0.000000 -1.000000
vn -0.000000 0.000000 -1.000000
vn -0.000000 0.000000 -1.000000
vn -1.000000 0.000000 0.000000
vn -1.000000 0.000000 0.000000
vn -1.000000 0.000000 0.000000
vn -1.000000 0.000000 0.000000
vn 1.000000 0.000000 0.000000
vn 1.000000 0.000000 0.000000
vn 1.000000 0.000000 0.000000
vn 1.000000 0.000000 0.000000
vn -0.000000 0.923880 -0.382683
vn -0.000000 0.923880 -0.382683
vn -0.000000 0.923880 -0.382683
vn -0.000000 0.923880 -0.382683
vn -0.000000 -0.923880 0.382683
vn -0.000000 -0.923880 0.382683
vn -0.000000 -0.923880 0.382683
vn -0.000000 -0.923880 0.382683
vn -0.000000 0.382683 0.923880
vn -0.000000 0.382683 0.923880
vn -0.000000 0.382683 0.923880
vn -0.000000 0.382683 0.923880
vn -0.000000 -0.382683 -0.923880
vn -0.000000 -0.382683 -0.923880
vn -0.000000 -0.382683 -0.923880
vn -0.000000 -0.382683 -0.923880
vn -1.000000 0.000000 0.000000
vn -1.000000 0.000000 0.000000
vn -1.000000 0.000000 0.000000
vn -1.000000 0.000000 0.000000
vn 1.000000 0.000000 0.000000
vn 1.000000 0.000000 0.000000
vn 1.000000 0.000000 0.000000
vn 1.000000 0.000000 0.000000
vn -0.000000 0.707107 0.707107
vn -0.000000 0.707107 0.707107
vn -0.000000 0.707107 0.707107
vn -0.000000 0.707107 0.707107
vn -0.000000 -0.707107 -0.707107
vn -0.000000 -0.707107 -0.707107
vn -0.000000 -0.707107 -0.707107
vn -0.000000 -0.707107 -0.707107
vn -0.000000 -0.707107 0.707107
vn -0.000000 -0.707107 0.707107
vn -0.000000 -0.707107 0.707107
vn -0.000000 -0.707107 0.707107
vn -0.000000 0.707107 -0.707107
vn -0.000000 0.707107 -0.707107
vn -0.000000 0.707107 -0.707107
vn -0.000000 0.707107 -0.707107
vn -1.000000 0.000000 0.000000
vn -1.000000 0.000000 0.000000
vn -1.000000 0.000000 0.000000
vn -1.000000 0.000000 0.000000
vn 1.000000 0.000000 0.000000
vn 1.000000 0.000000 0.000000
vn 1.000000 0.000000 0.000000
vn 1.000000 0.000000 0.000000
vn -0.000000 0.923880 -0.382683
vn -0.000000 0.923880 -0.382683
vn -0.000000 0.923880 -0.382683
vn -0.000000 0.923880 -0.382683
vn -0.000000 -0.923880 0.382683
vn -0.000000 -0.923880 0.382683
vn -0.000000 -0.923880 0.382683
vn -0.000000 -0.923880 0.382683
vn -0.000000 0.382683 0.923880
vn -0.000000 0.382683 0.923880
vn -0.000000 0.382683 0.923880
vn -0.000000 0.382683 0.923880
vn -0.000000 -0.382683 -0.923880
vn -0.000000 -0.382683 -0.923880
vn -0.000000 -0.382683 -0.923880
vn -0.000000 -0.382683 -0.923880
vn -1.000000 0.000000 0.000000
vn -1.000000 0.000000 0.000000
vn -1.000000 0.000000 0.000000
vn -1.000000 0.000000 0.000000
vn 1.000000 0.000000 0.000000
vn 1.000000 0.000000 0.000000
vn 1.000000 0.000000 0.000000
vn 1.000000 0.000000 0.000000
vn -0.000000 0.923880 0.382683
vn -0.000000 0.923880 0.382683
vn -0.000000 0.923880 0.382683
vn -0.000000 0.923880 0.382683
vn -0.000000 -0.923880 -0.382683
vn -0.000000 -0.923880 -0.382683
vn -0.000000 -0.923880 -0.382683
vn -0.000000 -0.923880 -0.382683
vn -0.000000 -0.382683 0.923880
vn -0.000000 -0.382683 0.923880
vn -0.000000 -0.382683 0.923880
vn -0.000000 -0.382683 0.923880
vn -0.000000 0.382683 -0.923880
vn -0.000000 0.382683 -0.923880
vn -0.000000 0.382683 -0.923880
vn -0.000000 0.382683 -0.923880
vn -1.000000 0.000000 0.000000
vn -1.000000 0.000000 0.000000
vn -1.000000 0.000000 0.000000
vn -1.000000 0.000000 0.000000
vn 1.000000 0.000000 0.000000
vn 1.000000 0.000000 0.000000
vn 1.000000 0.000000 0.000000
vn 1.000000 0.000000 0.000000
vn -0.000000 0.923880 0.382683
vn -0.000000 0.923880 0.382683
vn -0.000000 0.923880 0.382683
vn -0.000000 0.923880 0.382683
vn -0.000000 -0.923880 -0.382683
vn -0.000000 -0.923880 -0.382683
vn -0.000000 -0.923880 -0.382683
vn -0.000000 -0.923880 -0.382683
vn -0.000000 -0.382683 0.923880
vn -0.000000 -0.382683 0.923880
vn -0.000000 -0.382683 0.923880
vn -0.000000 -0.382683 0.923880
vn -0.000000 0.382683 -0.923880
vn -0.000000 0.382683 -0.923880
vn -0.000000 0.382683 -0.923880
vn -0.000000 0.382683 -0.923880
vn -1.000000 0.000000 0.000000
vn -1.000000 0.000000 0.000000
vn -1.000000 0.000000 0.000000
vn -1.000000 0.000000 0.000000
vn 1.000000 0.000000 0.000000
vn 1.000000 0.000000 0.000000
vn 1.000000 0.000000 0.000000
vn 1.000000 0.000000 0.000000
vn -0.000000 1.000000 0.000000
vn -0.000000 1.000000 0.000000
vn -0.000000 1.000000 0.000000
vn -0.000000 1.000000 0.000000
vn -0.000000 -1.000000 0.000000
vn -0.000000 -1.000000 0.000000
vn -0.000000 -1.000000 0.000000
vn -0.000000 -1.000000 0.000000
vn -0.000000 0.000000 1.000000
vn -0.000000 0.000000 1.000000
vn -0.000000 0.000000 1.000000
vn -0.000000 0.000000 1.000000
vn -0.000000 0.000000 -1.000000
vn -0.000000 0.000000 -1.000000
vn -0.000000 0.000000 -1.000000
vn -0.000000 0.000000 -1.000000
vn -1.000000 0.000000 0.000000
vn -1.000000 0.000000 0.000000
vn -1.000000 0.000000 0.000000
vn -1.000000 0.000000 0.000000
vn 1.000000 0.000000 0.000000
vn 1.000000 0.000000 0.000000
vn 1.000000 0.000000 0.000000
vn 1.000000 0.000000 0.000000
vn -0.000000 1.000000 0.000000
vn -0.000000 1.000000 0.000000
vn -0.000000 1.000000 0.000000
vn -0.000000 1.000000 0.000000
vn -0.000000 -1.000000 0.000000
vn -0.000000 -1.000000 0.000000
vn -0.000000 -1.000000 0.000000
vn -0.000000 -1.000000 0.000000
vn -0.000000 0.000000 1.000000
vn -0.000000 0.000000 1.000000
vn -0.000000 0.000000 1.000000
vn -0.000000 0.000000 1.000000
vn -0.000000 0.000000 -1.000000
vn -0.000000 0.000000 -1.000000
vn -0.000000 0.000000 -1.000000
vn -0.000000 0.000000 -1.000000
vn -1.000000 0.000000 0.000000
vn -1.000000 0.000000 0.000000
vn -1.000000 0.000000 0.000000
vn -1.000000 0.000000 0.000000
vn 1.000000 0.000000 0.000000
vn 1.000000 0.000000 0.000000
vn 1.000000 0.000000 0.000000
vn 1.000000 0.000000 0.000000
vn -0.000000 1.000000 0.000000
vn -0.000000 1.000000 0.000000
vn -0.000000 1.000000 0.000000
vn -0.000000 1.000000 0.000000
vn -0.000000 -1.000000 0.000000
vn -0.000000 -1.000000 0.000000
vn -0.000000 -1.000000 0.000000
vn -0.000000 -1.000000 0.000000
vn -0.000000 0.000000 1.000000
vn -0.000000 0.000000 1.000000
vn -0.000000 0.000000 1.000000
vn -0.000000 0.000000 1.000000
vn -0.000000 0.000000 -1.000000
vn -0.000000 0.000000 -1.000000
vn -0.000000 0.000000 -1.000000
vn -0.000000 0.000000 -1.000000
vn -1.000000 0.000000 0.000000
vn -1.000000 0.000000 0.000000
vn -1.000000 0.000000 0.000000
vn -1.000000 0.000000 0.000000
vn 1.000000 0.000000 0.000000
vn 1.000000 0.000000 0.000000
vn 1.000000 0.000000 0.000000
vn 1.000000 0.000000 0.000000
vn -0.000000 0.923880 -0.382683
vn -0.000000 0.923880 -0.382683
vn -0.000000 0.923880 -0.382683
vn -0.000000 0.923880 -0.382683
vn -0.000000 -0.923880 0.382683
vn -0.000000 -0.923880 0.382683
vn -0.000000 -0.923880 0.382683
vn -0.000000 -0.923880 0.382683
vn -0.000000 0.382683 0.923880
vn -0.000000 0.382683 0.923880
vn -0.000000 0.382683 0.923880
vn -0.000000 0.382683 0.923880
vn -0.000000 -0.382683 -0.923880
vn -0.000000 -0.382683 -0.923880
vn -0.000000 -0.382683 -0.923880
vn -0.000000 -0.382683 -0.923880
vn -1.000000 0.000000 0.000000
vn -1.000000 0.000000 0.000000
vn -1.000000 0.000000 0.000000
vn -1.000000 0.000000 0.000000
vn 1.000000 0.000000 0.000000
vn 1.000000 0.000000 0.000000
vn 1.000000 0.000000 0.000000
vn 1.000000 0.000000 0.000000
vn -0.000000 0.923880 -0.382683
vn -0.000000 0.923880 -0.382683
vn -0.000000 0.923880 -0.382683
vn -0.000000 0.923880 -0.382683
vn -0.000000 -0.923880 0.382683
vn -0.000000 -0.923880 0.382683
vn -0.000000 -0.923880 0.382683
vn -0.000000 -0.923880 0.382683
vn -0.000000 0.382683 0.923880
vn -0.000000 0.382683 0.923880
vn -0.000000 0.382683 0.923880
vn -0.000000 0.382683 0.923880
vn -0.000000 -0.382683 -0.923880
vn -0.000000 -0.382683 -0.923880
vn -0.000000 -0.382683 -0.923880
vn -0.000000 -0.382683 -0.923880
vn -1.000000 0.000000 0.000000
vn -1.000000 0.000000 0.000000
vn -1.000000 0.000000 0.000000
vn -1.000000 0.000000 0.000000
vn 1.000000 0.000000 0.000000
vn 1.000000 0.000000 0.000000
vn 1.000000 0.000000 0.000000
vn 1.000000 0.000000 0.000000
vn -0.000000 1.000000 0.000000
vn -0.000000 1.000000 0.000000
vn -0.000000 1.000000 0.000000
vn -0.000000 1.000000 0.000000
vn -0.000000 -1.000000 0.000000
vn -0.000000 -1.000000 0.000000
vn -0.000000 -1.000000 0.000000
vn -0.000000 -1.000000 0.000000
vn -0.000000 0.000000 1.000000
vn -0.000000 0.000000 1.000000
vn -0.000000 0.000000 1.000000
vn -0.000000 0.000000 1.000000
vn -0.000000 0.000000 -1.000000
vn -0.000000 0.000000 -1.000000
vn -0.000000 0.000000 -1.000000
vn -0.000000 0.000000 -1.000000
vn -1.000000 0.000000 0.000000
vn -1.000000 0.000000 0.000000
vn -1.000000 0.000000 0.000000
vn -1.000000 0.000000 0.000000
vn 1.000000 0.000000 0.000000
vn 1.000000 0.000000 0.000000
vn 1.000000 0.000000 0.000000
vn 1.000000 0.000000 0.000000
vn -0.000000 0.923880 0.382683
vn -0.000000 0.923880 0.382683
vn -0.000000 0.923880 0.382683
vn -0.000000 0.923880 0.382683
vn -0.000000 -0.923880 -0.382683
vn -0.000000 -0.923880 -0.382683
vn -0.000000 -0.923880 -0.382683
vn -0.000000 -0.923880 -0.382683
vn -0.000000 -0.382683 0.923880
vn -0.000000 -0.382683 0.923880
vn -0.000000 -0.382683 0.923880
vn -0.000000 -0.382683 0.923880
vn -0.000000 0.382683 -0.923880
vn -0.000000 0.382683 -0.923880
vn -0.000000 0.382683 -0.923880
vn -0.000000 0.382683 -0.923880
vn -0.999848 0.017452 0.000000
vn -0.999848 0.017452 0.000000
vn -0.999848 0.017452 0.000000
vn -0.999848 0.017452 0.000000
vn 0.999848 -0.017452 0.000000
vn 0.999848 -0.017452 0.000000
vn 0.999848 -0.017452 0.000000
vn 0.999848 -0.017452 0.000000
vn 0.012341 0.706999 0.707107
vn 0.012341 0.706999 0.707107
vn 0.012341 0.706999 0.707107
vn 0.012341 0.706999 0.707107
vn -0.012341 -0.706999 -0.707107
vn -0.012341 -0.706999 -0.707107
vn -0.012341 -0.706999 -0.707107
vn -0.012341 -0.706999 -0.707107
vn -0.012341 -0.706999 0.707107
vn -0.012341 -0.706999 0.707107
vn -0.012341 -0.706999 0.707107
vn -0.012341 -0.706999 0.707107
vn 0.012341 0.706999 -0.707107
vn 0.012341 0.706999 -0.707107
vn 0.012341 0.706999 -0.707107
vn 0.012341 0.706999 -0.707107
vn -0.999848 0.017452 0.000000
vn -0.999848 0.017452 0.000000
vn -0.999848 0.017452 0.000000
vn -0.999848 0.017452 0.000000
vn 0.999848 -0.017452 0.000000
vn 0.999848 -0.017452 0.000000
vn 0.999848 -0.017452 0.000000
vn 0.999848 -0.017452 0.000000
vn 0.012341 0.706999 0.707107
vn 0.012341 0.706999 0.707107
vn 0.012341 0.706999 0.707107
vn 0.012341 0.706999 0.707107
vn -0.012341 -0.706999 -0.707107
vn -0.012341 -0.706999 -0.707107
vn -0.012341 -0.706999 -0.707107
vn -0.012341 -0.706999 -0.707107
vn -0.012341 -0.706999 0.707107
vn -0.012341 -0.706999 0.707107
vn -0.012341 -0.706999 0.707107
vn -0.012341 -0.706999 0.707107
vn 0.012341 0.706999 -0.707107
vn 0.012341 0.706999 -0.707107
vn 0.012341 0.706999 -0.707107
vn 0.012341 0.706999 -0.707107
vn -0.999848 0.017452 0.000000
vn -0.999848 0.017452 0.000000
vn -0.999848 0.017452 0.000000
vn -0.999848 0.017452 0.000000
vn 0.999848 -0.017452 0.000000
vn 0.999848 -0.017452 0.000000
vn 0.999848 -0.017452 0.000000
vn 0.999848 -0.017452 0.000000
vn 0.017452 0.999848 0.000000
vn 0.017452 0.999848 0.000000
vn 0.017452 0.999848 0.000000
vn 0.017452 0.999848 0.000000
vn -0.017452 -0.999848 0.000000
vn -0.017452 -0.999848 0.000000
vn -0.017452 -0.999848 0.000000
vn -0.017452 -0.999848 0.000000
vn -0.000000 0.000000 1.000000
vn -0.000000 0.000000 1.000000
vn -0.000000 0.000000 1.000000
vn -0.000000 0.000000 1.000000
vn -0.000000 0.000000 -1.000000
vn -0.000000 0.000000 -1.000000
vn -0.000000 0.000000 -1.000000
vn -0.000000 0.000000 -1.000000
vn -0.999848 0.017452 -0.000000
vn -0.999848 0.017452 -0.000000
vn -0.999848 0.017452 -0.000000
vn -0.999848 0.017452 -0.000000
vn 0.999848 -0.017452 0.000000
vn 0.999848 -0.017452 0.000000
vn 0.999848 -0.017452 0.000000
vn 0.999848 -0.017452 0.000000
vn 0.016124 0.923739 -0.382683
vn 0.016124 0.923739 -0.382683
vn 0.016124 0.923739 -0.382683
vn 0.016124 0.923739 -0.382683
vn -0.016124 -0.923739 0.382683
vn -0.016124 -0.923739 0.382683
vn -0.016124 -0.923739 0.382683
vn -0.016124 -0.923739 0.382683
vn 0.006679 0.382625 0.923880
vn 0.006679 0.382625 0.923880
vn 0.006679 0.382625 0.923880
vn 0.006679 0.382625 0.923880
vn -0.006679 -0.382625 -0.923880
vn -0.006679 -0.382625 -0.923880
vn -0.006679 -0.382625 -0.923880
vn -0.006679 -0.382625 -0.923880
vn -0.999848 0.017452 -0.000000
vn -0.999848 0.017452 -0.000000
vn -0.999848 0.017452 -0.000000
vn -0.999848 0.017452 -0.000000
vn 0.999848 -0.017452 0.000000
vn 0.999848 -0.017452 0.000000
vn 0.999848 -0.017452 0.000000
vn 0.999848 -0.017452 0.000000
vn 0.016124 0.923739 -0.382683
vn 0.016124 0.923739 -0.382683
vn 0.016124 0.923739 -0.382683
vn 0.016124 0.923739 -0.382683
vn -0.016124 -0.923739 0.382683
vn -0.016124 -0.923739 0.382683
vn -0.016124 -0.923739 0.382683
vn -0.016124 -0.923739 0.382683
vn 0.006679 0.382625 0.923880
vn 0.006679 0.382625 0.923880
vn 0.006679 0.382625 0.923880
vn 0.006679 0.382625 0.923880
vn -0.006679 -0.382625 -0.923880
vn -0.006679 -0.382625 -0.923880
vn -0.006679 -0.382625 -0.923880
vn -0.006679 -0.382625 -0.923880
vn -0.999848 0.017452 0.000000
vn -0.999848 0.017452 0.000000
vn -0.999848 0.017452 0.000000
vn -0.999848 0.017452 0.000000
vn 0.999848 -0.017452 0.000000
vn 0.999848 -0.017452 0.000000
vn 0.999848 -0.017452 0.000000
vn 0.999848 -0.017452 0.000000
vn 0.017452 0.999848 0.000000
vn 0.017452 0.999848 0.000000
vn 0.017452 0.999848 0.000000
vn 0.017452 0.999848 0.000000
vn -0.017452 -0.999848 0.000000
vn -0.017452 -0.999848 0.000000
vn -0.017452 -0.999848 0.000000
vn -0.017452 -0.999848 0.000000
vn -0.000000 0.000000 1.000000
vn -0.000000 0.000000 1.000000
vn -0.000000 0.000000 1.000000
vn -0.000000 0.000000 1.000000
vn -0.000000 0.000000 -1.000000
vn -0.000000 0.000000 -1.000000
vn -0.000000 0.000000 -1.000000
vn -0.000000 0.000000 -1.000000
vn -0.999848 0.017452 0.000000
vn -0.999848 0.017452 0.000000
vn -0.999848 0.017452 0.000000
vn -0.999848 0.017452 0.000000
vn 0.999848 -0.017452 0.000000
vn 0.999848 -0.017452 0.000000
vn 0.999848 -0.017452 0.000000
vn 0.999848 -0.017452 0.000000
vn 0.017452 0.999848 0.000000
vn 0.017452 0.999848 0.000000
vn 0.017452 0.999848 0.000000
vn 0.017452 0.999848 0.000000
vn -0.017452 -0.999848 0.000000
vn -0.017452 -0.999848 0.000000
vn -0.017452 -0.999848 0.000000
vn -0.017452 -0.999848 0.000000
vn -0.000000 0.000000 1.000000
vn -0.000000 0.000000 1.000000
vn -0.000000 0.000000 1.000000
vn -0.000000 0.000000 1.000000
vn -0.000000 0.000000 -1.000000
vn -0.000000 0.000000 -1.000000
vn -0.000000 0.000000 -1.000000
vn -0.000000 0.000000 -1.000000
vn -0.999848 0.017452 -0.000000
vn -0.999848 0.017452 -0.000000
vn -0.999848 0.017452 -0.000000
vn -0.999848 0.017452 -0.000000
vn 0.999848 -0.017452 0.000000
vn 0.999848 -0.017452 0.000000
vn 0.999848 -0.017452 0.000000
vn 0.999848 -0.017452 0.000000
vn 0.016124 0.923739 -0.382683
vn 0.016124 0.923739 -0.382683
vn 0.016124 0.923739 -0.382683
vn 0.016124 0.923739 -0.382683
vn -0.016124 -0.923739 0.382683
vn -0.016124 -0.923739 0.382683
vn -0.016124 -0.923739 0.382683
vn -0.016124 -0.923739 0.382683
vn 0.006679 0.382625 0.923880
vn 0.006679 0.382625 0.923880
vn 0.006679 0.382625 0.923880
vn 0.006679 0.382625 0.923880
vn -0.006679 -0.382625 -0.923880
vn -0.006679 -0.382625 -0.923880
vn -0.006679 -0.382625 -0.923880
vn -0.006679 -0.382625 -0.923880
vn -0.999848 0.017452 0.000000
vn -0.999848 0.017452 0.000000
vn -0.999848 0.017452 0.000000
vn -0.999848 0.017452 0.000000
vn 0.999848 -0.017452 0.000000
vn 0.999848 -0.017452 0.000000
vn 0.999848 -0.017452 0.000000
vn 0.999848 -0.017452 0.000000
vn 0.017452 0.999848 0.000000
vn 0.017452 0.999848 0.000000
vn 0.017452 0.999848 0.000000
vn 0.017452 0.999848 0.000000
vn -0.017452 -0.999848 0.000000
vn -0.017452 -0.999848 0.000000
vn -0.017452 -0.999848 0.000000
vn -0.017452 -0.999848 0.000000
vn -0.000000 0.000000 1.000000
vn -0.000000 0.000000 1.000000
vn -0.000000 0.000000 1.000000
vn -0.000000 0.000000 1.000000
vn -0.000000 0.000000 -1.000000
vn -0.000000 0.000000 -1.000000
vn -0.000000 0.000000 -1.000000
vn -0.000000 0.000000 -1.000000
vn -1.000000 0.000000 0.000000
vn -1.000000 0.000000 0.000000
vn -1.000000 0.000000 0.000000
vn -1.000000 0.000000 0.000000
vn 1.000000 0.000000 0.000000
vn 1.000000 0.000000 0.000000
vn 1.000000 0.000000 0.000000
vn 1.000000 0.000000 0.000000
vn -0.000000 1.000000 0.000000
vn -0.000000 1.000000 0.000000
vn -0.000000 1.000000 0.000000
vn -0.000000 1.000000 0.000000
vn -0.000000 -1.000000 0.000000
vn -0.000000 -1.000000 0.000000
vn -0.000000 -1.000000 0.000000
vn -0.000000 -1.000000 0.000000
vn -0.000000 0.000000 1.000000
vn -0.000000 0.000000 1.000000
vn -0.000000 0.000000 1.000000
vn -0.000000 0.000000 1.000000
vn -0.000000 0.000000 -1.000000
vn -0.000000 0.000000 -1.000000
vn -0.000000 0.000000 -1.000000
vn -0.000000 0.000000 -1.000000
vn -0.923880 -0.382683 0.000000
vn -0.923880 -0.382683 0.000000
vn -0.923880 -0.382683 0.000000
vn -0.923880 -0.382683 0.000000
vn 0.923880 0.382683 0.000000
vn 0.923880 0.382683 0.000000
vn 0.923880 0.382683 0.000000
vn 0.923880 0.382683 0.000000
vn -0.382683 0.923880 0.000000
vn -0.382683 0.923880 0.000000
vn -0.382683 0.923880 0.000000
vn -0.382683 0.923880 0.000000
vn 0.382683 -0.923880 0.000000
vn 0.382683 -0.923880 0.000000
vn 0.382683 -0.923880 0.000000
vn 0.382683 -0.923880 0.000000
vn -0.000000 0.000000 1.000000
vn -0.000000 0.000000 1.000000
vn -0.000000 0.000000 1.000000
vn -0.000000 0.000000 1.000000
vn -0.000000 0.000000 -1.000000
vn -0.000000 0.000000 -1.000000
vn -0.000000 0.000000 -1.000000
vn -0.000000 0.000000 -1.000000
vn -0.923880 -0.382683 0.000000
vn -0.923880 -0.382683 0.000000
vn -0.923880 -0.382683 0.000000
vn -0.923880 -0.382683 0.000000
vn 0.923880 0.382683 0.000000
vn 0.923880 0.382683 0.000000
vn 0.923880 0.382683 0.000000
vn 0.923880 0.382683 0.000000
vn -0.382683 0.923880 0.000000
vn -0.382683 0.923880 0.000000
vn -0.382683 0.923880 0.000000
vn -0.382683 0.923880 0.000000
vn 0.382683 -0.923880 0.000000
vn 0.382683 -0.923880 0.000000
vn 0.382683 -0.923880 0.000000
vn 0.382683 -0.923880 0.000000
vn -0.000000 0.000000 1.000000
vn -0.000000 0.000000 1.000000
vn -0.000000 0.000000 1.000000
vn -0.000000 0.000000 1.000000
vn -0.000000 0.000000 -1.000000
vn -0.000000 0.000000 -1.000000
vn -0.000000 0.000000 -1.000000
vn -0.000000 0.000000 -1.000000
vn -0.923880 0.000000 -0.382683
vn -0.923880 0.000000 -0.382683
vn -0.923880 0.000000 -0.382683
vn -0.923880 0.000000 -0.382683
vn 0.923880 0.000000 0.382683
vn 0.923880 0.000000 0.382683
vn 0.923880 0.000000 0.382683
vn 0.923880 0.000000 0.382683
vn -0.000000 1.000000 0.000000
vn -0.000000 1.000000 0.000000
vn -0.000000 1.000000 0.000000
vn -0.000000 1.000000 0.000000
vn -0.000000 -1.000000 0.000000
vn -0.000000 -1.000000 0.000000
vn -0.000000 -1.000000 0.000000
vn -0.000000 -1.000000 0.000000
vn -0.382683 0.000000 0.923880
vn -0.382683 0.000000 0.923880
vn -0.382683 0.000000 0.923880
vn -0.382683 0.000000 0.923880
vn 0.382683 0.000000 -0.923880
vn 0.382683 0.000000 -0.923880
vn 0.382683 0.000000 -0.923880
vn 0.382683 0.000000 -0.923880
vn -0.923880 0.000000 -0.382683
vn -0.923880 0.000000 -0.382683
vn -0.923880 0.000000 -0.382683
vn -0.923880 0.000000 -0.382683
vn 0.923880 0.000000 0.382683
vn 0.923880 0.000000 0.382683
vn 0.923880 0.000000 0.382683
vn 0.923880 0.000000 0.382683
vn -0.000000 1.000000 0.000000
vn -0.000000 1.000000 0.000000
vn -0.000000 1.000000 0.000000
vn -0.000000 1.000000 0.000000
vn -0.000000 -1.000000 0.000000
vn -0.000000 -1.000000 0.000000
vn -0.000000 -1.000000 0.000000
vn -0.000000 -1.000000 0.000000
vn -0.382683 0.000000 0.923880
vn -0.382683 0.000000 0.923880
vn -0.382683 0.000000 0.923880
vn -0.382683 0.000000 0.923880
vn 0.382683 0.000000 -0.923880
vn 0.382683 0.000000 -0.923880
vn 0.382683 0.000000 -0.923880
vn 0.382683 0.000000 -0.923880
vn -1.000000 0.000000 0.000000
vn -1.000000 0.000000 0.000000
vn -1.000000 0.000000 0.000000
vn -1.000000 0.000000 0.000000
vn 1.000000 0.000000 0.000000
vn 1.000000 0.000000 0.000000
vn 1.000000 0.000000 0.000000
vn 1.000000 0.000000 0.000000
vn -0.000000 1.000000 0.000000
vn -0.000000 1.000000 0.000000
vn -0.000000 1.000000 0.000000
vn -0.000000 1.000000 0.000000
vn -0.000000 -1.000000 0.000000
vn -0.000000 -1.000000 0.000000
vn -0.000000 -1.000000 0.000000
vn -0.000000 -1.000000 0.000000
vn -0.000000 0.000000 1.000000
vn -0.000000 0.000000 1.000000
vn -0.000000 0.000000 1.000000
vn -0.000000 0.000000 1.000000
vn -0.000000 0.000000 -1.000000
vn -0.000000 0.000000 -1.000000
vn -0.000000 0.000000 -1.000000
vn -0.000000 0.000000 -1.000000
vn -0.707107 -0.707107 0.000000
vn -0.707107 -0.707107 0.000000
vn -0.707107 -0.707107 0.000000
vn -0.707107 -0.707107 0.000000
vn 0.707107 0.707107 0.000000
vn 0.707107 0.707107 0.000000
vn 0.707107 0.707107 0.000000
vn 0.707107 0.707107 0.000000
vn -0.707107 0.707107 0.000000
vn -0.707107 0.707107 0.000000
vn -0.707107 0.707107 0.000000
vn -0.707107 0.707107 0.000000
vn 0.707107 -0.707107 0.000000
vn 0.707107 -0.707107 0.000000
vn 0.707107 -0.707107 0.000000
vn 0.707107 -0.707107 0.000000
vn -0.000000 0.000000 1.000000
vn -0.000000 0.000000 1.000000
vn -0.000000 0.000000 1.000000
vn -0.000000 0.000000 1.000000
vn -0.000000 0.000000 -1.000000
vn -0.000000 0.000000 -1.000000
vn -0.000000 0.000000 -1.000000
vn -0.000000 0.000000 -1.000000
vn -1.000000 0.000000 0.000000
vn -1.000000 0.000000 0.000000
vn -1.000000 0.000000 0.000000
vn -1.000000 0.000000 0.000000
vn 1.000000 0.000000 0.000000
vn 1.000000 0.000000 0.000000
vn 1.000000 0.000000 0.000000
vn 1.000000 0.000000 0.000000
vn -0.000000 1.000000 0.000000
vn -0.000000 1.000000 0.000000
vn -0.000000 1.000000 0.000000
vn -0.000000 1.000000 0.000000
vn -0.000000 -1.000000 0.000000
vn -0.000000 -1.000000 0.000000
vn -0.000000 -1.000000 0.000000
vn -0.000000 -1.000000 0.000000
vn -0.000000 0.000000 1.000000
vn -0.000000 0.000000 1.000000
vn -0.000000 0.000000 1.000000
vn -0.000000 0.000000 1.000000
vn -0.000000 0.000000 -1.000000
vn -0.000000 0.000000 -1.000000
vn -0.000000 0.000000 -1.000000
vn -0.000000 0.000000 -1.000000
vn -1.000000 0.000000 0.000000
vn -1.000000 0.000000 0.000000
vn -1.000000 0.000000 0.000000
vn -1.000000 0.000000 0.000000
vn 1.000000 0.000000 0.000000
vn 1.000000 0.000000 0.000000
vn 1.000000 0.000000 0.000000
vn 1.000000 0.000000 0.000000
vn -0.000000 0.923880 0.382683
vn -0.000000 0.923880 0.382683
vn -0.000000 0.923880 0.382683
vn -0.000000 0.923880 0.382683
vn -0.000000 -0.923880 -0.382683
vn -0.000000 -0.923880 -0.382683
vn -0.000000 -0.923880 -0.382683
vn -0.000000 -0.923880 -0.382683
vn -0.000000 -0.382683 0.923880
vn -0.000000 -0.382683 0.923880
vn -0.000000 -0.382683 0.923880
vn -0.000000 -0.382683 0.923880
vn -0.000000 0.382683 -0.923880
vn -0.000000 0.382683 -0.923880
vn -0.000000 0.382683 -0.923880
vn -0.000000 0.382683 -0.923880
vn -1.000000 0.000000 0.000000
vn -1.000000 0.000000 0.000000
vn -1.000000 0.000000 0.000000
vn -1.000000 0.000000 0.000000
vn 1.000000 0.000000 0.000000
vn 1.000000 0.000000 0.000000
vn 1.000000 0.000000 0.000000
vn 1.000000 0.000000 0.000000
vn -0.000000 1.000000 0.000000
vn -0.000000 1.000000 0.000000
vn -0.000000 1.000000 0.000000
vn -0.000000 1.000000 0.000000
vn -0.000000 -1.000000 0.000000
vn -0.000000 -1.000000 0.000000
vn -0.000000 -1.000000 0.000000
vn -0.000000 -1.000000 0.000000
vn -0.000000 0.000000 1.000000
vn -0.000000 0.000000 1.000000
vn -0.000000 0.000000 1.000000
vn -0.000000 0.000000 1.000000
vn -0.000000 0.000000 -1.000000
vn -0.000000 0.000000 -1.000000
vn -0.000000 0.000000 -1.000000
vn -0.000000 0.000000 -1.000000
vn -1.000000 0.000000 0.000000
vn -1.000000 0.000000 0.000000
vn -1.000000 0.000000 0.000000
vn -1.000000 0.000000 0.000000
vn 1.000000 0.000000 0.000000
vn 1.000000 0.000000 0.000000
vn 1.000000 0.000000 0.000000
vn 1.000000 0.000000 0.000000
vn -0.000000 1.000000 0.000000
vn -0.000000 1.000000 0.000000
vn -0.000000 1.000000 0.000000
vn -0.000000 1.000000 0.000000
vn -0.000000 -1.000000 0.000000
vn -0.000000 -1.000000 0.000000
vn -0.000000 -1.000000 0.000000
vn -0.000000 -1.000000 0.000000
vn -0.000000 0.000000 1.000000
vn -0.000000 0.000000 1.000000
vn -0.000000 0.000000 1.000000
vn -0.000000 0.000000 1.000000
vn -0.000000 0.000000 -1.000000
vn -0.000000 0.000000 -1.000000
vn -0.000000 0.000000 -1.000000
vn -0.000000 0.000000 -1.000000
vn -1.000000 0.000000 0.000000
vn -1.000000 0.000000 0.000000
vn -1.000000 0.000000 0.000000
vn -1.000000 0.000000 0.000000
vn 1.000000 0.000000 0.000000
vn 1.000000 0.000000 0.000000
vn 1.000000 0.000000 0.000000
vn 1.000000 0.000000 0.000000
vn -0.000000 1.000000 0.000000
vn -0.000000 1.000000 0.000000
vn -0.000000 1.000000 0.000000
vn -0.000000 1.000000 0.000000
vn -0.000000 -1.000000 0.000000
vn -0.000000 -1.000000 0.000000
vn -0.000000 -1.000000 0.000000
vn -0.000000 -1.000000 0.000000
vn -0.000000 0.000000 1.000000
vn -0.000000 0.000000 1.000000
vn -0.000000 0.000000 1.000000
vn -0.000000 0.000000 1.000000
vn -0.000000 0.000000 -1.000000
vn -0.000000 0.000000 -1.000000
vn -0.000000 0.000000 -1.000000
vn -0.000000 0.000000 -1.000000
vn -1.000000 0.000000 0.000000
vn -1.000000 0.000000 0.000000
vn -1.000000 0.000000 0.000000
vn -1.000000 0.000000 0.000000
vn 1.000000 0.000000 0.000000
vn 1.000000 0.000000 0.000000
vn 1.000000 0.000000 0.000000
vn 1.000000 0.000000 0.000000
vn -0.000000 1.000000 0.000000
vn -0.000000 1.000000 0.000000
vn -0.000000 1.000000 0.000000
vn -0.000000 1.000000 0.000000
vn -0.000000 -1.000000 0.000000
vn -0.000000 -1.000000 0.000000
vn -0.000000 -1.000000 0.000000
vn -0.000000 -1.000000 0.000000
vn -0.000000 0.000000 1.000000
vn -0.000000 0.000000 1.000000
vn -0.000000 0.000000 1.000000
vn -0.000000 0.000000 1.000000
vn -0.000000 0.000000 -1.000000
vn -0.000000 0.000000 -1.000000
vn -0.000000 0.000000 -1.000000
vn -0.000000 0.000000 -1.000000
vn -0.923880 0.382683 0.000000
vn -0.923880 0.382683 0.000000
vn -0.923880 0.382683 0.000000
vn -0.923880 0.382683 0.000000
vn 0.923880 -0.382683 0.000000
vn 0.923880 -0.382683 0.000000
vn 0.923880 -0.382683 0.000000
vn 0.923880 -0.382683 0.000000
vn 0.382683 0.923880 0.000000
vn 0.382683 0.923880 0.000000
vn 0.382683 0.923880 0.000000
vn 0.382683 0.923880 0.000000
vn -0.382683 -0.923880 0.000000
vn -0.382683 -0.923880 0.000000
vn -0.382683 -0.923880 0.000000
vn -0.382683 -0.923880 0.000000
vn -0.000000 0.000000 1.000000
vn -0.000000 0.000000 1.000000
vn -0.000000 0.000000 1.000000
vn -0.000000 0.000000 1.000000
vn -0.000000 0.000000 -1.000000
vn -0.000000 0.000000 -1.000000
vn -0.000000 0.000000 -1.000000
vn -0.000000 0.000000 -1.000000
vn -0.923880 0.382683 0.000000
vn -0.923880 0.382683 0.000000
vn -0.923880 0.382683 0.000000
vn -0.923880 0.382683 0.000000
vn 0.923880 -0.382683 0.000000
vn 0.923880 -0.382683 0.000000
vn 0.923880 -0.382683 0.000000
vn 0.923880 -0.382683 0.000000
vn 0.382683 0.923880 0.000000
vn 0.382683 0.923880 0.000000
vn 0.382683 0.923880 0.000000
vn 0.382683 0.923880 0.000000
vn -0.382683 -0.923880 0.000000
vn -0.382683 -0.923880 0.000000
vn -0.382683 -0.923880 0.000000
vn -0.382683 -0.923880 0.000000
vn -0.000000 0.000000 1.000000
vn -0.000000 0.000000 1.000000
vn -0.000000 0.000000 1.000000
vn -0.000000 0.000000 1.000000
vn -0.000000 0.000000 -1.000000
vn -0.000000 0.000000 -1.000000
vn -0.000000 0.000000 -1.000000
vn -0.000000 0.000000 -1.000000
vn -1.000000 0.000000 0.000000
vn -1.000000 0.000000 0.000000
vn -1.000000 0.000000 0.000000
vn -1.000000 0.000000 0.000000
vn 1.000000 0.000000 0.000000
vn 1.000000 0.000000 0.000000
vn 1.000000 0.000000 0.000000
vn 1.000000 0.000000 0.000000
vn -0.000000 1.000000 0.000000
vn -0.000000 1.000000 0.000000
vn -0.000000 1.000000 0.000000
vn -0.000000 1.000000 0.000000
vn -0.000000 -1.000000 0.000000
vn -0.000000 -1.000000 0.000000
vn -0.000000 -1.000000 0.000000
vn -0.000000 -1.000000 0.000000
vn -0.000000 0.000000 1.000000
vn -0.000000 0.000000 1.000000
vn -0.000000 0.000000 1.000000
vn -0.000000 0.000000 1.000000
vn -0.000000 0.000000 -1.000000
vn -0.000000 0.000000 -1.000000
vn -0.000000 0.000000 -1.000000
vn -0.000000 0.000000 -1.000000
vn -0.707107 0.707107 0.000000
vn -0.707107 0.707107 0.000000
vn -0.707107 0.707107 0.000000
vn -0.707107 0.707107 0.000000
vn 0.707107 -0.707107 0.000000
vn 0.707107 -0.707107 0.000000
vn 0.707107 -0.707107 0.000000
vn 0.707107 -0.707107 0.000000
vn 0.707107 0.707107 0.000000
vn 0.707107 0.707107 0.000000
vn 0.707107 0.707107 0.000000
vn 0.707107 0.707107 0.000000
vn -0.707107 -0.707107 0.000000
vn -0.707107 -0.707107 0.000000
vn -0.707107 -0.707107 0.000000
vn -0.707107 -0.707107 0.000000
vn -0.000000 0.000000 1.000000
vn -0.000000 0.000000 1.000000
vn -0.000000 0.000000 1.000000
vn -0.000000 0.000000 1.000000
vn -0.000000 0.000000 -1.000000
vn -0.000000 0.000000 -1.000000
vn -0.000000 0.000000 -1.000000
vn -0.000000 0.000000 -1.000000
vn -0.923880 0.000000 0.382683
vn -0.923880 0.000000 0.382683
vn -0.923880 0.000000 0.382683
vn -0.923880 0.000000 0.382683
vn 0.923880 0.000000 -0.382683
vn 0.923880 0.000000 -0.382683
vn 0.923880 0.000000 -0.382683
vn 0.923880 0.000000 -0.382683
vn -0.000000 1.000000 0.000000
vn -0.000000 1.000000 0.000000
vn -0.000000 1.000000 0.000000
vn -0.000000 1.000000 0.000000
vn -0.000000 -1.000000 0.000000
vn -0.000000 -1.000000 0.000000
vn -0.000000 -1.000000 0.000000
vn -0.000000 -1.000000 0.000000
vn 0.382683 0.000000 0.923880
vn 0.382683 0.000000 0.923880
vn 0.382683 0.000000 0.923880
vn 0.382683 0.000000 0.923880
vn -0.382683 0.000000 -0.923880
vn -0.382683 0.000000 -0.923880
vn -0.382683 0.000000 -0.923880
vn -0.382683 0.000000 -0.923880
vn -0.923880 0.000000 0.382683
vn -0.923880 0.000000 0.382683
vn -0.923880 0.000000 0.382683
vn -0.923880 0.000000 0.382683
vn 0.923880 0.000000 -0.382683
vn 0.923880 0.000000 -0.382683
vn 0.923880 0.000000 -0.382683
vn 0.923880 0.000000 -0.382683
vn -0.000000 1.000000 0.000000
vn -0.000000 1.000000 0.000000
vn -0.000000 1.000000 0.000000
vn -0.000000 1.000000 0.000000
vn -0.000000 -1.000000 0.000000
vn -0.000000 -1.000000 0.000000
vn -0.000000 -1.000000 0.000000
vn -0.000000 -1.000000 0.000000
vn 0.382683 0.000000 0.923880
vn 0.382683 0.000000 0.923880
vn 0.382683 0.000000 0.923880
vn 0.382683 0.000000 0.923880
vn -0.382683 0.000000 -0.923880
vn -0.382683 0.000000 -0.923880
vn -0.382683 0.000000 -0.923880
vn -0.382683 0.000000 -0.923880
vn -1.000000 0.000000 0.000000
vn -1.000000 0.000000 0.000000
vn -1.000000 0.000000 0.000000
vn -1.000000 0.000000 0.000000
vn 1.000000 0.000000 0.000000
vn 1.000000 0.000000 0.000000
vn 1.000000 0.000000 0.000000
vn 1.000000 0.000000 0.000000
vn -0.000000 1.000000 0.000000
vn -0.000000 1.000000 0.000000
vn -0.000000 1.000000 0.000000
vn -0.000000 1.000000 0.000000
vn -0.000000 -1.000000 0.000000
vn -0.000000 -1.000000 0.000000
vn -0.000000 -1.000000 0.000000
vn -0.000000 -1.000000 0.000000
vn -0.000000 0.000000 1.000000
vn -0.000000 0.000000 1.000000
vn -0.000000 0.000000 1.000000
vn -0.000000 0.000000 1.000000
vn -0.000000 0.000000 -1.000000
vn -0.000000 0.000000 -1.000000
vn -0.000000 0.000000 -1.000000
vn -0.000000 0.000000 -1.000000
vn -1.000000 0.000000 0.000000
vn -1.000000 0.000000 0.000000
vn -1.000000 0.000000 0.000000
vn -1.000000 0.000000 0.000000
vn 1.000000 0.000000 0.000000
vn 1.000000 0.000000 0.000000
vn 1.000000 0.000000 0.000000
vn 1.000000 0.000000 0.000000
vn -0.000000 0.923880 0.382683
vn -0.000000 0.923880 0.382683
vn -0.000000 0.923880 0.382683
vn -0.000000 0.923880 0.382683
vn -0.000000 -0.923880 -0.382683
vn -0.000000 -0.923880 -0.382683
vn -0.000000 -0.923880 -0.382683
vn -0.000000 -0.923880 -0.382683
vn -0.000000 -0.382683 0.923880
vn -0.000000 -0.382683 0.923880
vn -0.000000 -0.382683 0.923880
vn -0.000000 -0.382683 0.923880
vn -0.000000 0.382683 -0.923880
vn -0.000000 0.382683 -0.923880
vn -0.000000 0.382683 -0.923880
vn -0.000000 0.382683 -0.923880
vn -1.000000 0.000000 0.000000
vn -1.000000 0.000000 0.000000
vn -1.000000 0.000000 0.000000
vn -1.000000 0.000000 0.000000
vn 1.000000 0.000000 0.000000
vn 1.000000 0.000000 0.000000
vn 1.000000 0.000000 0.000000
vn 1.000000 0.000000 0.000000
vn -0.000000 1.000000 0.000000
vn -0.000000 1.000000 0.000000
vn -0.000000 1.000000 0.000000
vn -0.000000 1.000000 0.000000
vn -0.000000 -1.000000 0.000000
vn -0.000000 -1.000000 0.000000
vn -0.000000 -1.000000 0.000000
vn -0.000000 -1.000000 0.000000
vn -0.000000 0.000000 1.000000
vn -0.000000 0.000000 1.000000
vn -0.000000 0.000000 1.000000
vn -0.000000 0.000000 1.000000
vn -0.000000 0.000000 -1.000000
vn -0.000000 0.000000 -1.000000
vn -0.000000 0.000000 -1.000000
vn -0.000000 0.000000 -1.000000
vn -0.923880 0.000000 0.382683
vn -0.923880 0.000000 0.382683
vn -0.923880 0.000000 0.382683
vn -0.923880 0.000000 0.382683
vn 0.923880 0.000000 -0.382683
vn 0.923880 0.000000 -0.382683
vn 0.923880 0.000000 -0.382683
vn 0.923880 0.000000 -0.382683
vn -0.000000 1.000000 0.000000
vn -0.000000 1.000000 0.000000
vn -0.000000 1.000000 0.000000
vn -0.000000 1.000000 0.000000
vn -0.000000 -1.000000 0.000000
vn -0.000000 -1.000000 0.000000
vn -0.000000 -1.000000 0.000000
vn -0.000000 -1.000000 0.000000
vn 0.382683 0.000000 0.923880
vn 0.382683 0.000000 0.923880
vn 0.382683 0.000000 0.923880
vn 0.382683 0.000000 0.923880
vn -0.382683 0.000000 -0.923880
vn -0.382683 0.000000 -0.923880
vn -0.382683 0.000000 -0.923880
vn -0.382683 0.000000 -0.923880
vn -0.923880 0.000000 -0.382683
vn -0.923880 0.000000 -0.382683
vn -0.923880 0.000000 -0.382683
vn -0.923880 0.000000 -0.382683
vn 0.923880 0.000000 0.382683
vn 0.923880 0.000000 0.382683
vn 0.923880 0.000000 0.382683
vn 0.923880 0.000000 0.382683
vn -0.000000 1.000000 0.000000
vn -0.000000 1.000000 0.000000
vn -0.000000 1.000000 0.000000
vn -0.000000 1.000000 0.000000
vn -0.000000 -1.000000 0.000000
vn -0.000000 -1.000000 0.000000
vn -0.000000 -1.000000 0.000000
vn -0.000000 -1.000000 0.000000
vn -0.382683 0.000000 0.923880
vn -0.382683 0.000000 0.923880
vn -0.382683 0.000000 0.923880
vn -0.382683 0.000000 0.923880
vn 0.382683 0.000000 -0.923880
vn 0.382683 0.000000 -0.923880
vn 0.382683 0.000000 -0.923880
vn 0.382683 0.000000 -0.923880
vn -1.000000 0.000000 0.000000
vn -1.000000 0.000000 0.000000
vn -1.000000 0.000000 0.000000
vn -1.000000 0.000000 0.000000
vn 1.000000 0.000000 0.000000
vn 1.000000 0.000000 0.000000
vn 1.000000 0.000000 0.000000
vn 1.000000 0.000000 0.000000
vn -0.000000 1.000000 0.000000
vn -0.000000 1.000000 0.000000
vn -0.000000 1.000000 0.000000
vn -0.000000 1.000000 0.000000
vn -0.000000 -1.000000 0.000000
vn -0.000000 -1.000000 0.000000
vn -0.000000 -1.000000 0.000000
vn -0.000000 -1.000000 0.000000
vn -0.000000 0.000000 1.000000
vn -0.000000 0.000000 1.000000
vn -0.000000 0.000000 1.000000
vn -0.000000 0.000000 1.000000
vn -0.000000 0.000000 -1.000000
vn -0.000000 0.000000 -1.000000
vn -0.000000 0.000000 -1.000000
vn -0.000000 0.000000 -1.000000
f 1/1/1 2/2/2 3/3/3
f 3/3/3 2/2/2 4/4/4
f 5/5/5 6/6/6 7/7/7
f 7/7/7 6/6/6 8/8/8
f 9/9/9 10/10/10 11/11/11
f 11/11/11 10/10/10 12/12/12
f 13/13/13 14/14/14 15/15/15
f 15/15/15 14/14/14 16/16/16
f 17/17/17 18/18/18 19/19/19
f 19/19/19 18/18/18 20/20/20
f 21/21/21 22/22/22 23/23/23
f 23/23/23 22/22/22 24/24/24
f 25/25/25 26/26/26 27/27/27
f 27/27/27 26/26/26 28/28/28
f 29/29/29 30/30/30 31/31/31
f 31/31/31 30/30/30 32/32/32
f 33/33/33 34/34/34 35/35/35
f 35/35/35 34/34/34 36/36/36
f 37/37/37 38/38/38 39/39/39
f 39/39/39 38/38/38 40/40/40
f 41/41/41 42/42/42 43/43/43
f 43/43/43 42/42/42 44/44/44
f 45/45/45 46/46/46 47/47/47
f 47/47/47 46/46/46 48/48/48
f 49/49/49 50/50/50 51/51/51
f 51/51/51 50/50/50 52/52/52
f 53/53/53 54/54/54 55/55/55
f 55/55/55 54/54/54 56/56/56
f 57/57/57 58/58/58 59/59/59
f 59/59/59 58/58/58 60/60/60
f 61/61/61 62/62/62 63/63/63
f 63/63/63 62/62/62 64/64/64
f 65/65/65 66/66/66 67/67/67
f 67/67/67 66/66/66 68/68/68
f 69/69/69 70/70/70 71/71/71
f 71/71/71 70/70/70 72/72/72
f 73/73/73 74/74/74 75/75/75
f 75/75/75 74/74/74 76/76/76
f 77/77/77 78/78/78 79/79/79
f 79/79/79 78/78/78 80/80/80
f 81/81/81 82/82/82 83/83/83
f 83/83/83 82/82/82 84/84/84
f 85/85/85 86/86/86 87/87/87
f 87/87/87 86/86/86 88/88/88
f 89/89/89 90/90/90 91/91/91
f 91/91/91 90/90/90 92/92/92
f 93/93/93 94/94/94 95/95/95
f 95/95/95 94/94/94 96/96/96
f 97/97/97 98/98/98 99/99/99
f 99/99/99 98/98/98 100/100/100
f 101/101/101 102/102/102 103/103/103
f 103/103/103 102/102/102 104/104/104
f 105/105/105 106/106/106 107/107/107
f 107/107/107 106/106/106 108/108/108
f 109/109/109 110/110/110 111/111/111
f 111/111/111 110/110/110 112/112/112
f 113/113/113 114/114/114 115/115/115
f 115/115/115 114/114/114 116/116/116
f 117/117/117 118/118/118 119/119/119
f 119/119/119 118/118/118 120/120/120
f 121/121/121 122/122/122 123/123/123
f 123/123/123 122/122/122 124/124/124
f 125/125/125 126/126/126 127/127/127
f 127/127/127 126/126/126 128/128/128
f 129/129/129 130/130/130 131/131/131
f 131/131/131 130/130/130 132/132/132
f 133/133/133 134/134/134 135/135/135
f 135/135/135 134/134/134 136/136/136
f 137/137/137 138/138/138 139/139/139
f 139/139/139 138/138/138 140/140/140
f 141/141/141 142/142/142 143/143/143
f 143/143/143 142/142/142 144/144/144
f 145/145/145 146/146/146 147/147/147
f 147/147/147 146/146/146 148/148/148
f 149/149/149 150/150/150 151/151/151
f 151/151/151 150/150/150 152/152/152
f 153/153/153 154/154/154 155/155/155
f 155/155/155 154/154/154 156/156/156
f 157/157/157 158/158/158 159/159/159
f 159/159/159 158/158/158 160/160/160
f 161/161/161 162/162/162 163/163/163
f 163/163/163 162/162/162 164/164/164
f 165/165/165 166/166/166 167/167/167
f 167/167/167 166/166/166 168/168/168
f 169/169/169 170/170/170 171/171/171
f 171/171/171 170/170/170 172/172/172
f 173/173/173 174/174/174 175/175/175
f 175/175/175 174/174/174 176/176/176
f 177/177/177 178/178/178 179/179/179
f 179/179/179 178/178/178 180/180/180
f 181/181/181 182/182/182 183/183/183
f 183/183/183 182/182/182 184/184/184
f 185/185/185 186/186/186 187/187/187
f 187/187/187 186/186/186 188/188/188
f 189/189/189 190/190/190 191/191/191
f 191/191/191 190/190/190 192/192/192
f 193/193/193 194/194/194 195/195/195
f 195/195/195 194/194/194 196/196/196
f 197/197/197 198/198/198 199/199/199
f 199/199/199 198/198/198 200/200/200
f 201/201/201 202/202/202 203/203/203
f 203/203/203 202/202/202 204/204/204
f 205/205/205 206/206/206 207/207/207
f 207/207/207 206/206/206 208/208/208
f 209/209/209 210/210/210 211/211/211
f 211/211/211 210/210/210 212/212/212
f 213/213/213 214/214/214 215/215/215
f 215/215/215 214/214/214 216/216/216
f 217/217/217 218/218/218 219/219/219
f 219/219/219 218/218/218 220/220/220
f 221/221/221 222/222/222 223/223/223
f 223/223/223 222/222/222 224/224/224
f 225/225/225 226/226/226 227/227/227
f 227/227/227 226/226/226 228/228/228
f 229/229/229 230/230/230 231/231/231
f 231/231/231 230/230/230 232/232/232
f 233/233/233 234/234/234 235/235/235
f 235/235/235 234/234/234 236/236/236
f 237/237/237 238/238/238 239/239/239
f 239/239/239 238/238/238 240/240/240
f 241/241/241 242/242/242 243/243/243
f 243/243/243 242/242/242 244/244/244
f 245/245/245 246/246/246 247/247/247
f 247/247/247 246/246/246 248/248/248
f 249/249/249 250/250/250 251/251/251
f 251/251/251 250/250/250 252/252/252
f 253/253/253 254/254/254 255/255/255
f 255/255/255 254/254/254 256/256/256
f 257/257/257 258/258/258 259/259/259
f 259/259/259 258/258/258 260/260/260
f 261/261/261 262/262/262 263/263/263
f 263/263/263 262/262/262 264/264/264
f 265/265/265 266/266/266 267/267/267
f 267/267/267 266/266/266 268/268/268
f 269/269/269 270/270/270 271/271/271
f 271/271/271 270/270/270 272/272/272
f 273/273/273 274/274/274 275/275/275
f 275/275/275 274/274/274 276/276/276
f 277/277/277 278/278/278 279/279/279
f 279/279/279 278/278/278 280/280/280
f 281/281/281 282/282/282 283/283/283
f 283/283/283 282/282/282 284/284/284
f 285/285/285 286/286/286 287/287/287
f 287/287/287 286/286/286 288/288/288
f 289/289/289 290/290/290 291/291/291
f 291/291/291 290/290/290 292/292/292
f 293/293/293 294/294/294 295/295/295
f 295/295/295 294/294/294 296/296/296
f 297/297/297 298/298/298 299/299/299
f 299/299/299 298/298/298 300/300/300
f 301/301/301 302/302/302 303/303/303
f 303/303/303 302/302/302 304/304/304
f 305/305/305 306/306/306 307/307/307
f 307/307/307 306/306/306 308/308/308
f 309/309/309 310/310/310 311/311/311
f 311/311/311 310/310/310 312/312/312
f 313/313/313 314/314/314 315/315/315
f 315/315/315 314/314/314 316/316/316
f 317/317/317 318/318/318 319/319/319
f 319/319/319 318/318/318 320/320/320
f 321/321/321 322/322/322 323/323/323
f 323/323/323 322/322/322 324/324/324
f 325/325/325 326/326/326 327/327/327
f 327/327/327 326/326/326 328/328/328
f 329/329/329 330/330/330 331/331/331
f 331/331/331 330/330/330 332/332/332
f 333/333/333 334/334/334 335/335/335
f 335/335/335 334/334/334 336/336/336
f 337/337/337 338/338/338 339/339/339
f 339/339/339 338/338/338 340/340/340
f 341/341/341 342/342/342 343/343/343
f 343/343/343 342/342/342 344/344/344
f 345/345/345 346/346/346 347/347/347
f 347/347/347 346/346/346 348/348/348
f 349/349/349 350/350/350 351/351/351
f 351/351/351 350/350/350 352/352/352
f 353/353/353 354/354/354 355/355/355
f 355/355/355 354/354/354 356/356/356
f 357/357/357 358/358/358 359/359/359
f 359/359/359 358/358/358 360/360/360
f 361/361/361 362/362/362 363/363/363
f 363/363/363 362/362/362 364/364/364
f 365/365/365 366/366/366 367/367/367
f 367/367/367 366/366/366 368/368/368
f 369/369/369 370/370/370 371/371/371
f 371/371/371 370/370/370 372/372/372
f 373/373/373 374/374/374 375/375/375
f 375/375/375 374/374/374 376/376/376
f 377/377/377 378/378/378 379/379/379
f 379/379/379 378/378/378 380/380/380
f 381/381/381 382/382/382 383/383/383
f 383/383/383 382/382/382 384/384/384
f 385/385/385 386/386/386 387/387/387
f 387/387/387 386/386/386 388/388/388
f 389/389/389 390/390/390 391/391/391
f 391/391/391 390/390/390 392/392/392
f 393/393/393 394/394/394 395/395/395
f 395/395/395 394/394/394 396/396/396
f 397/397/397 398/398/398 399/399/399
f 399/399/399 398/398/398 400/400/400
f 401/401/401 402/402/402 403/403/403
f 403/403/403 402/402/402 404/404/404
f 405/405/405 406/406/406 407/407/407
f 407/407/407 406/406/406 408/408/408
f 409/409/409 410/410/410 411/411/411
f 411/411/411 410/410/410 412/412/412
f 413/413/413 414/414/414 415/415/415
f 415/415/415 414/414/414 416/416/416
f 417/417/417 418/418/418 419/419/419
f 419/419/419 418/418/418 420/420/420
f 421/421/421 422/422/422 423/423/423
f 423/423/423 422/422/422 424/424/424
f 425/425/425 426/426/426 427/427/427
f 427/427/427 426/426/426 428/428/428
f 429/429/429 430/430/430 431/431/431
f 431/431/431 430/430/430 432/432/432
f 433/433/433 434/434/434 435/435/435
f 435/435/435 434/434/434 436/436/436
f 437/437/437 438/438/438 439/439/439
f 439/439/439 438/438/438 440/440/440
f 441/441/441 442/442/442 443/443/443
f 443/443/443 442/442/442 444/444/444
f 445/445/445 446/446/446 447/447/447
f 447/447/447 446/446/446 448/448/448
f 449/449/449 450/450/450 451/451/451
f 451/451/451 450/450/450 452/452/452
f 453/453/453 454/454/454 455/455/455
f 455/455/455 454/454/454 456/456/456
f 457/457/457 458/458/458 459/459/459
f 459/459/459 458/458/458 460/460/460
f 461/461/461 462/462/462 463/463/463
f 463/463/463 462/462/462 464/464/464
f 465/465/465 466/466/466 467/467/467
f 467/467/467 466/466/466 468/468/468
f 469/469/469 470/470/470 471/471/471
f 471/471/471 470/470/470 472/472/472
f 473/473/473 474/474/474 475/475/475
f 475/475/475 474/474/474 476/476/476
f 477/477/477 478/478/478 479/479/479
f 479/479/479 478/478/478 480/480/480
f 481/481/481 482/482/482 483/483/483
f 483/483/483 482/482/482 484/484/484
f 485/485/485 486/486/486 487/487/487
f 487/487/487 486/486/486 488/488/488
f 489/489/489 490/490/490 491/491/491
f 491/491/491 490/490/490 492/492/492
f 493/493/493 494/494/494 495/495/495
f 495/495/495 494/494/494 496/496/496
f 497/497/497 498/498/498 499/499/499
f 499/499/499 498/498/498 500/500/500
f 501/501/501 502/502/502 503/503/503
f 503/503/503 502/502/502 504/504/504
f 505/505/505 506/506/506 507/507/507
f 507/507/507 506/506/506 508/508/508
f 509/509/509 510/510/510 511/511/511
f 511/511/511 510/510/510 512/512/512
f 513/513/513 514/514/514 515/515/515
f 515/515/515 514/514/514 516/516/516
f 517/517/517 518/518/518 519/519/519
f 519/519/519 518/518/518 520/520/520
f 521/521/521 522/522/522 523/523/523
f 523/523/523 522/522/522 524/524/524
f 525/525/525 526/526/526 527/527/527
f 527/527/527 526/526/526 528/528/528
f 529/529/529 530/530/530 531/531/531
f 531/531/531 530/530/530 532/532/532
f 533/533/533 534/534/534 535/535/535
f 535/535/535 534/534/534 536/536/536
f 537/537/537 538/538/538 539/539/539
f 539/539/539 538/538/538 540/540/540
f 541/541/541 542/542/542 543/543/543
f 543/543/543 542/542/542 544/544/544
f 545/545/545 546/546/546 547/547/547
f 547/547/547 546/546/546 548/548/548
f 549/549/549 550/550/550 551/551/551
f 551/551/551 550/550/550 552/552/552
f 553/553/553 554/554/554 555/555/555
f 555/555/555 554/554/554 556/556/556
f 557/557/557 558/558/558 559/559/559
f 559/559/559 558/558/558 560/560/560
f 561/561/561 562/562/562 563/563/563
f 563/563/563 562/562/562 564/564/564
f 565/565/565 566/566/566 567/567/567
f 567/567/567 566/566/566 568/568/568
f 569/569/569 570/570/570 571/571/571
f 571/571/571 570/570/570 572/572/572
f 573/573/573 574/574/574 575/575/575
f 575/575/575 574/574/574 576/576/576
f 577/577/577 578/578/578 579/579/579
f 579/579/579 578/578/578 580/580/580
f 581/581/581 582/582/582 583/583/583
f 583/583/583 582/582/582 584/584/584
f 585/585/585 586/586/586 587/587/587
f 587/587/587 586/586/586 588/588/588
f 589/589/589 590/590/590 591/591/591
f 591/591/591 590/590/590 592/592/592
f 593/593/593 594/594/594 595/595/595
f 595/595/595 594/594/594 596/596/596
f 597/597/597 598/598/598 599/599/599
f 599/599/599 598/598/598 600/600/600
f 601/601/601 602/602/602 603/603/603
f 603/603/603 602/602/602 604/604/604
f 605/605/605 606/606/606 607/607/607
f 607/607/607 606/606/606 608/608/608
f 609/609/609 610/610/610 611/611/611
f 611/611/611 610/610/610 612/612/612
f 613/613/613 614/614/614 615/615/615
f 615/615/615 614/614/614 616/616/616
f 617/617/617 618/618/618 619/619/619
f 619/619/619 618/618/618 620/620/620
f 621/621/621 622/622/622 623/623/623
f 623/623/623 622/622/622 624/624/624
f 625/625/625 626/626/626 627/627/627
f 627/627/627 626/626/626 628/628/628
f 629/629/629 630/630/630 631/631/631
f 631/631/631 630/630/630 632/632/632
f 633/633/633 634/634/634 635/635/635
f 635/635/635 634/634/634 636/636/636
f 637/637/637 638/638/638 639/639/639
f 639/639/639 638/638/638 640/640/640
f 641/641/641 642/642/642 643/643/643
f 643/643/643 642/642/642 644/644/644
f 645/645/645 646/646/646 647/647/647
f 647/647/647 646/646/646 648/648/648
f 649/649/649 650/650/650 651/651/651
f 651/651/651 650/650/650 652/652/652
f 653/653/653 654/654/654 655/655/655
f 655/655/655 654/654/654 656/656/656
f 657/657/657 658/658/658 659/659/659
f 659/659/659 658/658/658 660/660/660
f 661/661/661 662/662/662 663/663/663
f 663/663/663 662/662/662 664/664/664
f 665/665/665 666/666/666 667/667/667
f 667/667/667 666/666/666 668/668/668
f 669/669/669 670/670/670 671/671/671
f 671/671/671 670/670/670 672/672/672
f 673/673/673 674/674/674 675/675/675
f 675/675/675 674/674/674 676/676/676
f 677/677/677 678/678/678 679/679/679
f 679/679/679 678/678/678 680/680/680
f 681/681/681 682/682/682 683/683/683
f 683/683/683 682/682/682 684/684/684
f 685/685/685 686/686/686 687/687/687
f 687/687/687 686/686/686 688/688/688
f 689/689/689 690/690/690 691/691/691
f 691/691/691 690/690/690 692/692/692
f 693/693/693 694/694/694 695/695/695
f 695/695/695 694/694/694 696/696/696
f 697/697/697 698/698/698 699/699/699
f 699/699/699 698/698/698 700/700/700
f 701/701/701 702/702/702 703/703/703
f 703/703/703 702/702/702 704/704/704
f 705/705/705 706/706/706 707/707/707
f 707/707/707 706/706/706 708/708/708
f 709/709/709 710/710/710 711/711/711
f 711/711/711 710/710/710 712/712/712
f 713/713/713 714/714/714 715/715/715
f 715/715/715 714/714/714 716/716/716
f 717/717/717 718/718/718 719/719/719
f 719/719/719 718/718/718 720/720/720
f 721/721/721 722/722/722 723/723/723
f 723/723/723 722/722/722 724/724/724
f 725/725/725 726/726/726 727/727/727
f 727/727/727 726/726/726 728/728/728
f 729/729/729 730/730/730 731/731/731
f 731/731/731 730/730/730 732/732/732
f 733/733/733 734/734/734 735/735/735
f 735/735/735 734/734/734 736/736/736
f 737/737/737 738/738/738 739/739/739
f 739/739/739 738/738/738 740/740/740
f 741/741/741 742/742/742 743/743/743
f 743/743/743 742/742/742 744/744/744
f 745/745/745 746/746/746 747/747/747
f 747/747/747 746/746/746 748/748/748
f 749/749/749 750/750/750 751/751/751
f 751/751/751 750/750/750 752/752/752
f 753/753/753 754/754/754 755/755/755
f 755/755/755 754/754/754 756/756/756
f 757/757/757 758/758/758 759/759/759
f 759/759/759 758/758/758 760/760/760
f 761/761/761 762/762/762 763/763/763
f 763/763/763 762/762/762 764/764/764
f 765/765/765 766/766/766 767/767/767
f 767/767/767 766/766/766 768/768/768
f 769/769/769 770/770/770 771/771/771
f 771/771/771 770/770/770 772/772/772
f 773/773/773 774/774/774 775/775/775
f 775/775/775 774/774/774 776/776/776
f 777/777/777 778/778/778 779/779/779
f 779/779/779 778/778/778 780/780/780
f 781/781/781 782/782/782 783/783/783
f 783/783/783 782/782/782 784/784/784
f 785/785/785 786/786/786 787/787/787
f 787/787/787 786/786/786 788/788/788
f 789/789/789 790/790/790 791/791/791
f 791/791/791 790/790/790 792/792/792
f 793/793/793 794/794/794 795/795/795
f 795/795/795 794/794/794 796/796/796
f 797/797/797 798/798/798 799/799/799
f 799/799/799 798/798/798 800/800/800
f 801/801/801 802/802/802 803/803/803
f 803/803/803 802/802/802 804/804/804
f 805/805/805 806/806/806 807/807/807
f 807/807/807 806/806/806 808/808/808
f 809/809/809 810/810/810 811/811/811
f 811/811/811 810/810/810 812/812/812
f 813/813/813 814/814/814 815/815/815
f 815/815/815 814/814/814 816/816/816
f 817/817/817 818/818/818 819/819/819
f 819/819/819 818/818/818 820/820/820
f 821/821/821 822/822/822 823/823/823
f 823/823/823 822/822/822 824/824/824
f 825/825/825 826/826/826 827/827/827
f 827/827/827 826/826/826 828/828/828
f 829/829/829 830/830/830 831/831/831
f 831/831/831 830/830/830 832/832/832
f 833/833/833 834/834/834 835/835/835
f 835/835/835 834/834/834 836/836/836
f 837/837/837 838/838/838 839/839/839
f 839/839/839 838/838/838 840/840/840
f 841/841/841 842/842/842 843/843/843
f 843/843/843 842/842/842 844/844/844
f 845/845/845 846/846/846 847/847/847
f 847/847/847 846/846/846 848/848/848
f 849/849/849 850/850/850 851/851/851
f 851/851/851 850/850/850 852/852/852
f 853/853/853 854/854/854 855/855/855
f 855/855/855 854/854/854 856/856/856
f 857/857/857 858/858/858 859/859/859
f 859/859/859 858/858/858 860/860/860
f 861/861/861 862/862/862 863/863/863
f 863/863/863 862/862/862 864/864/864
f 865/865/865 866/866/866 867/867/867
f 867/867/867 866/866/866 868/868/868
f 869/869/869 870/870/870 871/871/871
f 871/871/871 870/870/870 872/872/872
f 873/873/873 874/874/874 875/875/875
f 875/875/875 874/874/874 876/876/876
f 877/877/877 878/878/878 879/879/879
f 879/879/879 878/878/878 880/880/880
f 881/881/881 882/882/882 883/883/883
f 883/883/883 882/882/882 884/884/884
f 885/885/885 886/886/886 887/887/887
f 887/887/887 886/886/886 888/888/888
f 889/889/889 890/890/890 891/891/891
f 891/891/891 890/890/890 892/892/892
f 893/893/893 894/894/894 895/895/895
f 895/895/895 894/894/894 896/896/896
f 897/897/897 898/898/898 899/899/899
f 899/899/899 898/898/898 900/900/900
f 901/901/901 902/902/902 903/903/903
f 903/903/903 902/902/902 904/904/904
f 905/905/905 906/906/906 907/907/907
f 907/907/907 906/906/906 908/908/908
f 909/909/909 910/910/910 911/911/911
f 911/911/911 910/910/910 912/912/912
f 913/913/913 914/914/914 915/915/915
f 915/915/915 914/914/914 916/916/916
f 917/917/917 918/918/918 919/919/919
f 919/919/919 918/918/918 920/920/920
f 921/921/921 922/922/922 923/923/923
f 923/923/923 922/922/922 924/924/924
f 925/925/925 926/926/926 927/927/927
f 927/927/927 926/926/926 928/928/928
f 929/929/929 930/930/930 931/931/931
f 931/931/931 930/930/930 932/932/932
f 933/933/933 934/934/934 935/935/935
f 935/935/935 934/934/934 936/936/936
f 937/937/937 938/938/938 939/939/939
f 939/939/939 938/938/938 940/940/940
f 941/941/941 942/942/942 943/943/943
f 943/943/943 942/942/942 944/944/944
f 945/945/945 946/946/946 947/947/947
f 947/947/947 946/946/946 948/948/948
f 949/949/949 950/950/950 951/951/951
f 951/951/951 950/950/950 952/952/952
f 953/953/953 954/954/954 955/955/955
f 955/955/955 954/954/954 956/956/956
f 957/957/957 958/958/958 959/959/959
f 959/959/959 958/958/958 960/960/960
f 961/961/961 962/962/962 963/963/963
f 963/963/963 962/962/962 964/964/964
f 965/965/965 966/966/966 967/967/967
f 967/967/967 966/966/966 968/968/968
f 969/969/969 970/970/970 971/971/971
f 971/971/971 970/970/970 972/972/972
f 973/973/973 974/974/974 975/975/975
f 975/975/975 974/974/974 976/976/976
f 977/977/977 978/978/978 979/979/979
f 979/979/979 978/978/978 980/980/980
f 981/981/981 982/982/982 983/983/983
f 983/983/983 982/982/982 984/984/984
f 985/985/985 986/986/986 987/987/987
f 987/987/987 986/986/986 988/988/988
f 989/989/989 990/990/990 991/991/991
f 991/991/991 990/990/990 992/992/992
f 993/993/993 994/994/994 995/995/995
f 995/995/995 994/994/994 996/996/996
f 997/997/997 998/998/998 999/999/999
f 999/999/999 998/998/998 1000/1000/1000
f 1001/1001/1001 1002/1002/1002 1003/1003/1003
f 1003/1003/1003 1002/1002/1002 1004/1004/1004
f 1005/1005/1005 1006/1006/1006 1007/1007/1007
f 1007/1007/1007 1006/1006/1006 1008/1008/1008
f 1009/1009/1009 1010/1010/1010 1011/1011/1011
f 1011/1011/1011 1010/1010/1010 1012/1012/1012
f 1013/1013/1013 1014/1014/1014 1015/1015/1015
f 1015/1015/1015 1014/1014/1014 1016/1016/1016
f 1017/1017/1017 1018/1018/1018 1019/1019/1019
f 1019/1019/1019 1018/1018/1018 1020/1020/1020
f 1021/1021/1021 1022/1022/1022 1023/1023/1023
f 1023/1023/1023 1022/1022/1022 1024/1024/1024
f 1025/1025/1025 1026/1026/1026 1027/1027/1027
f 1027/1027/1027 1026/1026/1026 1028/1028/1028
f 1029/1029/1029 1030/1030/1030 1031/1031/1031
f 1031/1031/1031 1030/1030/1030 1032/1032/1032
f 1033/1033/1033 1034/1034/1034 1035/1035/1035
f 1035/1035/1035 1034/1034/1034 1036/1036/1036
f 1037/1037/1037 1038/1038/1038 1039/1039/1039
f 1039/1039/1039 1038/1038/1038 1040/1040/1040
f 1041/1041/1041 1042/1042/1042 1043/1043/1043
f 1043/1043/1043 1042/1042/1042 1044/1044/1044
f 1045/1045/1045 1046/1046/1046 1047/1047/1047
f 1047/1047/1047 1046/1046/1046 1048/1048/1048
f 1049/1049/1049 1050/1050/1050 1051/1051/1051
f 1051/1051/1051 1050/1050/1050 1052/1052/1052
f 1053/1053/1053 1054/1054/1054 1055/1055/1055
f 1055/1055/1055 1054/1054/1054 1056/1056/1056
f 1057/1057/1057 1058/1058/1058 1059/1059/1059
f 1059/1059/1059 1058/1058/1058 1060/1060/1060
f 1061/1061/1061 1062/1062/1062 1063/1063/1063
f 1063/1063/1063 1062/1062/1062 1064/1064/1064
f 1065/1065/1065 1066/1066/1066 1067/1067/1067
f 1067/1067/1067 1066/1066/1066 1068/1068/1068
f 1069/1069/1069 1070/1070/1070 1071/1071/1071
f 1071/1071/1071 1070/1070/1070 1072/1072/1072
f 1073/1073/1073 1074/1074/1074 1075/1075/1075
f 1075/1075/1075 1074/1074/1074 1076/1076/1076
f 1077/1077/1077 1078/1078/1078 1079/1079/1079
f 1079/1079/1079 1078/1078/1078 1080/1080/1080
f 1081/1081/1081 1082/1082/1082 1083/1083/1083
f 1083/1083/1083 1082/1082/1082 1084/1084/1084
f 1085/1085/1085 1086/1086/1086 1087/1087/1087
f 1087/1087/1087 1086/1086/1086 1088/1088/1088
f 1089/1089/1089 1090/1090/1090 1091/1091/1091
f 1091/1091/1091 1090/1090/1090 1092/1092/1092
f 1093/1093/1093 1094/1094/1094 1095/1095/1095
f 1095/1095/1095 1094/1094/1094 1096/1096/1096
f 1097/1097/1097 1098/1098/1098 1099/1099/1099
f 1099/1099/1099 1098/1098/1098 1100/1100/1100
f 1101/1101/1101 1102/1102/1102 1103/1103/1103
f 1103/1103/1103 1102/1102/1102 1104/1104/1104
f 1105/1105/1105 1106/1106/1106 1107/1107/1107
f 1107/1107/1107 1106/1106/1106 1108/1108/1108
f 1109/1109/1109 1110/1110/1110 1111/1111/1111
f 1111/1111/1111 1110/1110/1110 1112/1112/1112
f 1113/1113/1113 1114/1114/1114 1115/1115/1115
f 1115/1115/1115 1114/1114/1114 1116/1116/1116
f 1117/1117/1117 1118/1118/1118 1119/1119/1119
f 1119/1119/1119 1118/1118/1118 1120/1120/1120
f 1121/1121/1121 1122/1122/1122 1123/1123/1123
f 1123/1123/1123 1122/1122/1122 1124/1124/1124
f 1125/1125/1125 1126/1126/1126 1127/1127/1127
f 1127/1127/1127 1126/1126/1126 1128/1128/1128
f 1129/1129/1129 1130/1130/1130 1131/1131/1131
f 1131/1131/1131 1130/1130/1130 1132/1132/1132
f 1133/1133/1133 1134/1134/1134 1135/1135/1135
f 1135/1135/1135 1134/1134/1134 1136/1136/1136
f 1137/1137/1137 1138/1138/1138 1139/1139/1139
f 1139/1139/1139 1138/1138/1138 1140/1140/1140
f 1141/1141/1141 1142/1142/1142 1143/1143/1143
f 1143/1143/1143 1142/1142/1142 1144/1144/1144
f 1145/1145/1145 1146/1146/1146 1147/1147/1147
f 1147/1147/1147 1146/1146/1146 1148/1148/1148
f 1149/1149/1149 1150/1150/1150 1151/1151/1151
f 1151/1151/1151 1150/1150/1150 1152/1152/1152
f 1153/1153/1153 1154/1154/1154 1155/1155/1155
f 1155/1155/1155 1154/1154/1154 1156/1156/1156
f 1157/1157/1157 1158/1158/1158 1159/1159/1159
f 1159/1159/1159 1158/1158/1158 1160/1160/1160
f 1161/1161/1161 1162/1162/1162 1163/1163/1163
f 1163/1163/1163 1162/1162/1162 1164/1164/1164
f 1165/1165/1165 1166/1166/1166 1167/1167/1167
f 1167/1167/1167 1166/1166/1166 1168/1168/1168
f 1169/1169/1169 1170/1170/1170 1171/1171/1171
f 1171/1171/1171 1170/1170/1170 1172/1172/1172
f 1173/1173/1173 1174/1174/1174 1175/1175/1175
f 1175/1175/1175 1174/1174/1174 1176/1176/1176
f 1177/1177/1177 1178/1178/1178 1179/1179/1179
f 1179/1179/1179 1178/1178/1178 1180/1180/1180
f 1181/1181/1181 1182/1182/1182 1183/1183/1183
f 1183/1183/1183 1182/1182/1182 1184/1184/1184
f 1185/1185/1185 1186/1186/1186 1187/1187/1187
f 1187/1187/1187 1186/1186/1186 1188/1188/1188
f 1189/1189/1189 1190/1190/1190 1191/1191/1191
f 1191/1191/1191 1190/1190/1190 1192/1192/1192
f 1193/1193/1193 1194/1194/1194 1195/1195/1195
f 1195/1195/1195 1194/1194/1194 1196/1196/1196
f 1197/1197/1197 1198/1198/1198 1199/1199/1199
f 1199/1199/1199 1198/1198/1198 1200/1200/1200
f 1201/1201/1201 1202/1202/1202 1203/1203/1203
f 1203/1203/1203 1202/1202/1202 1204/1204/1204
f 1205/1205/1205 1206/1206/1206 1207/1207/1207
f 1207/1207/1207 1206/1206/1206 1208/1208/1208
f 1209/1209/1209 1210/1210/1210 1211/1211/1211
f 1211/1211/1211 1210/1210/1210 1212/1212/1212
f 1213/1213/1213 1214/1214/1214 1215/1215/1215
f 1215/1215/1215 1214/1214/1214 1216/1216/1216
f 1217/1217/1217 1218/1218/1218 1219/1219/1219
f 1219/1219/1219 1218/1218/1218 1220/1220/1220
f 1221/1221/1221 1222/1222/1222 1223/1223/1223
f 1223/1223/1223 1222/1222/1222 1224/1224/1224
f 1225/1225/1225 1226/1226/1226 1227/1227/1227
f 1227/1227/1227 1226/1226/1226 1228/1228/1228
f 1229/1229/1229 1230/1230/1230 1231/1231/1231
f 1231/1231/1231 1230/1230/1230 1232/1232/1232
f 1233/1233/1233 1234/1234/1234 1235/1235/1235
f 1235/1235/1235 1234/1234/1234 1236/1236/1236
f 1237/1237/1237 1238/1238/1238 1239/1239/1239
f 1239/1239/1239 1238/1238/1238 1240/1240/1240
f 1241/1241/1241 1242/1242/1242 1243/1243/1243
f 1243/1243/1243 1242/1242/1242 1244/1244/1244
f 1245/1245/1245 1246/1246/1246 1247/1247/1247
f 1247/1247/1247 1246/1246/1246 1248/1248/1248
f 1249/1249/1249 1250/1250/1250 1251/1251/1251
f 1251/1251/1251 1250/1250/1250 1252/1252/1252
f 1253/1253/1253 1254/1254/1254 1255/1255/1255
f 1255/1255/1255 1254/1254/1254 1256/1256/1256
f 1257/1257/1257 1258/1258/1258 1259/1259/1259
f 1259/1259/1259 1258/1258/1258 1260/1260/1260
f 1261/1261/1261 1262/1262/1262 1263/1263/1263
f 1263/1263/1263 1262/1262/1262 1264/1264/1264
f 1265/1265/1265 1266/1266/1266 1267/1267/1267
f 1267/1267/1267 1266/1266/1266 1268/1268/1268
f 1269/1269/1269 1270/1270/1270 1271/1271/1271
f 1271/1271/1271 1270/1270/1270 1272/1272/1272
f 1273/1273/1273 1274/1274/1274 1275/1275/1275
f 1275/1275/1275 1274/1274/1274 1276/1276/1276
f 1277/1277/1277 1278/1278/1278 1279/1279/1279
f 1279/1279/1279 1278/1278/1278 1280/1280/1280
f 1281/1281/1281 1282/1282/1282 1283/1283/1283
f 1283/1283/1283 1282/1282/1282 1284/1284/1284
f 1285/1285/1285 1286/1286/1286 1287/1287/1287
f 1287/1287/1287 1286/1286/1286 1288/1288/1288
f 1289/1289/1289 1290/1290/1290 1291/1291/1291
f 1291/1291/1291 1290/1290/1290 1292/1292/1292
f 1293/1293/1293 1294/1294/1294 1295/1295/1295
f 1295/1295/1295 1294/1294/1294 1296/1296/1296
f 1297/1297/1297 1298/1298/1298 1299/1299/1299
f 1299/1299/1299 1298/1298/1298 1300/1300/1300
f 1301/1301/1301 1302/1302/1302 1303/1303/1303
f 1303/1303/1303 1302/1302/1302 1304/1304/1304
f 1305/1305/1305 1306/1306/1306 1307/1307/1307
f 1307/1307/1307 1306/1306/1306 1308/1308/1308
f 1309/1309/1309 1310/1310/1310 1311/1311/1311
f 1311/1311/1311 1310/1310/1310 1312/1312/1312
f 1313/1313/1313 1314/1314/1314 1315/1315/1315
f 1315/1315/1315 1314/1314/1314 1316/1316/1316
f 1317/1317/1317 1318/1318/1318 1319/1319/1319
f 1319/1319/1319 1318/1318/1318 1320/1320/1320
f 1321/1321/1321 1322/1322/1322 1323/1323/1323
f 1323/1323/1323 1322/1322/1322 1324/1324/1324
f 1325/1325/1325 1326/1326/1326 1327/1327/1327
f 1327/1327/1327 1326/1326/1326 1328/1328/1328
f 1329/1329/1329 1330/1330/1330 1331/1331/1331
f 1331/1331/1331 1330/1330/1330 1332/1332/1332
f 1333/1333/1333 1334/1334/1334 1335/1335/1335
f 1335/1335/1335 1334/1334/1334 1336/1336/1336
f 1337/1337/1337 1338/1338/1338 1339/1339/1339
f 1339/1339/1339 1338/1338/1338 1340/1340/1340
f 1341/1341/1341 1342/1342/1342 1343/1343/1343
f 1343/1343/1343 1342/1342/1342 1344/1344/1344
f 1345/1345/1345 1346/1346/1346 1347/1347/1347
f 1347/1347/1347 1346/1346/1346 1348/1348/1348
f 1349/1349/1349 1350/1350/1350 1351/1351/1351
f 1351/1351/1351 1350/1350/1350 1352/1352/1352
f 1353/1353/1353 1354/1354/1354 1355/1355/1355
f 1355/1355/1355 1354/1354/1354 1356/1356/1356
f 1357/1357/1357 1358/1358/1358 1359/1359/1359
f 1359/1359/1359 1358/1358/1358 1360/1360/1360
f 1361/1361/1361 1362/1362/1362 1363/1363/1363
f 1363/1363/1363 1362/1362/1362 1364/1364/1364
f 1365/1365/1365 1366/1366/1366 1367/1367/1367
f 1367/1367/1367 1366/1366/1366 1368/1368/1368
f 1369/1369/1369 1370/1370/1370 1371/1371/1371
f 1371/1371/1371 1370/1370/1370 1372/1372/1372
f 1373/1373/1373 1374/1374/1374 1375/1375/1375
f 1375/1375/1375 1374/1374/1374 1376/1376/1376
f 1377/1377/1377 1378/1378/1378 1379/1379/1379
f 1379/1379/1379 1378/1378/1378 1380/1380/1380
f 1381/1381/1381 1382/1382/1382 1383/1383/1383
f 1383/1383/1383 1382/1382/1382 1384/1384/1384
f 1385/1385/1385 1386/1386/1386 1387/1387/1387
f 1387/1387/1387 1386/1386/1386 1388/1388/1388
f 1389/1389/1389 1390/1390/1390 1391/1391/1391
f 1391/1391/1391 1390/1390/1390 1392/1392/1392
f 1393/1393/1393 1394/1394/1394 1395/1395/1395
f 1395/1395/1395 1394/1394/1394 1396/1396/1396
f 1397/1397/1397 1398/1398/1398 1399/1399/1399
f 1399/1399/1399 1398/1398/1398 1400/1400/1400
f 1401/1401/1401 1402/1402/1402 1403/1403/1403
f 1403/1403/1403 1402/1402/1402 1404/1404/1404
f 1405/1405/1405 1406/1406/1406 1407/1407/1407
f 1407/1407/1407 1406/1406/1406 1408/1408/1408
f 1409/1409/1409 1410/1410/1410 1411/1411/1411
f 1411/1411/1411 1410/1410/1410 1412/1412/1412
f 1413/1413/1413 1414/1414/1414 1415/1415/1415
f 1415/1415/1415 1414/1414/1414 1416/1416/1416
f 1417/1417/1417 1418/1418/1418 1419/1419/1419
f 1419/1419/1419 1418/1418/1418 1420/1420/1420
f 1421/1421/1421 1422/1422/1422 1423/1423/1423
f 1423/1423/1423 1422/1422/1422 1424/1424/1424
f 1425/1425/1425 1426/1426/1426 1427/1427/1427
f 1427/1427/1427 1426/1426/1426 1428/1428/1428
f 1429/1429/1429 1430/1430/1430 1431/1431/1431
f 1431/1431/1431 1430/1430/1430 1432/1432/1432
f 1433/1433/1433 1434/1434/1434 1435/1435/1435
f 1435/1435/1435 1434/1434/1434 1436/1436/1436
f 1437/1437/1437 1438/1438/1438 1439/1439/1439
f 1439/1439/1439 1438/1438/1438 1440/1440/1440
f 1441/1441/1441 1442/1442/1442 1443/1443/1443
f 1443/1443/1443 1442/1442/1442 1444/1444/1444
f 1445/1445/1445 1446/1446/1446 1447/1447/1447
f 1447/1447/1447 1446/1446/1446 1448/1448/1448
f 1449/1449/1449 1450/1450/1450 1451/1451/1451
f 1451/1451/1451 1450/1450/1450 1452/1452/1452
f 1453/1453/1453 1454/1454/1454 1455/1455/1455
f 1455/1455/1455 1454/1454/1454 1456/1456/1456
f 1457/1457/1457 1458/1458/1458 1459/1459/1459
f 1459/1459/1459 1458/1458/1458 1460/1460/1460
f 1461/1461/1461 1462/1462/1462 1463/1463/1463
f 1463/1463/1463 1462/1462/1462 1464/1464/1464
f 1465/1465/1465 1466/1466/1466 1467/1467/1467
f 1467/1467/1467 1466/1466/1466 1468/1468/1468
f 1469/1469/1469 1470/1470/1470 1471/1471/1471
f 1471/1471/1471 1470/1470/1470 1472/1472/1472
f 1473/1473/1473 1474/1474/1474 1475/1475/1475
f 1475/1475/1475 1474/1474/1474 1476/1476/1476
f 1477/1477/1477 1478/1478/1478 1479/1479/1479
f 1479/1479/1479 1478/1478/1478 1480/1480/1480
f 1481/1481/1481 1482/1482/1482 1483/1483/1483
f 1483/1483/1483 1482/1482/1482 1484/1484/1484
f 1485/1485/1485 1486/1486/1486 1487/1487/1487
f 1487/1487/1487 1486/1486/1486 1488/1488/1488
f 1489/1489/1489 1490/1490/1490 1491/1491/1491
f 1491/1491/1491 1490/1490/1490 1492/1492/1492
f 1493/1493/1493 1494/1494/1494 1495/1495/1495
f 1495/1495/1495 1494/1494/1494 1496/1496/1496
f 1497/1497/1497 1498/1498/1498 1499/1499/1499
f 1499/1499/1499 1498/1498/1498 1500/1500/1500
f 1501/1501/1501 1502/1502/1502 1503/1503/1503
f 1503/1503/1503 1502/1502/1502 1504/1504/1504
f 1505/1505/1505 1506/1506/1506 1507/1507/1507
f 1507/1507/1507 1506/1506/1506 1508/1508/1508
f 1509/1509/1509 1510/1510/1510 1511/1511/1511
f 1511/1511/1511 1510/1510/1510 1512/1512/1512
f 1513/1513/1513 1514/1514/1514 1515/1515/1515
f 1515/1515/1515 1514/1514/1514 1516/1516/1516
f 1517/1517/1517 1518/1518/1518 1519/1519/1519
f 1519/1519/1519 1518/1518/1518 1520/1520/1520
f 1521/1521/1521 1522/1522/1522 1523/1523/1523
f 1523/1523/1523 1522/1522/1522 1524/1524/1524
f 1525/1525/1525 1526/1526/1526 1527/1527/1527
f 1527/1527/1527 1526/1526/1526 1528/1528/1528
f 1529/1529/1529 1530/1530/1530 1531/1531/1531
f 1531/1531/1531 1530/1530/1530 1532/1532/1532
f 1533/1533/1533 1534/1534/1534 1535/1535/1535
f 1535/1535/1535 1534/1534/1534 1536/1536/1536
f 1537/1537/1537 1538/1538/1538 1539/1539/1539
f 1539/1539/1539 1538/1538/1538 1540/1540/1540
f 1541/1541/1541 1542/1542/1542 1543/1543/1543
f 1543/1543/1543 1542/1542/1542 1544/1544/1544
f 1545/1545/1545 1546/1546/1546 1547/1547/1547
f 1547/1547/1547 1546/1546/1546 1548/1548/1548
f 1549/1549/1549 1550/1550/1550 1551/1551/1551
f 1551/1551/1551 1550/1550/1550 1552/1552/1552
f 1553/1553/1553 1554/1554/1554 1555/1555/1555
f 1555/1555/1555 1554/1554/1554 1556/1556/1556
f 1557/1557/1557 1558/1558/1558 1559/1559/1559
f 1559/1559/1559 1558/1558/1558 1560/1560/1560
f 1561/1561/1561 1562/1562/1562 1563/1563/1563
f 1563/1563/1563 1562/1562/1562 1564/1564/1564
f 1565/1565/1565 1566/1566/1566 1567/1567/1567
f 1567/1567/1567 1566/1566/1566 1568/1568/1568
f 1569/1569/1569 1570/1570/1570 1571/1571/1571
f 1571/1571/1571 1570/1570/1570 1572/1572/1572
f 1573/1573/1573 1574/1574/1574 1575/1575/1575
f 1575/1575/1575 1574/1574/1574 1576/1576/1576
f 1577/1577/1577 1578/1578/1578 1579/1579/1579
f 1579/1579/1579 1578/1578/1578 1580/1580/1580
f 1581/1581/1581 1582/1582/1582 1583/1583/1583
f 1583/1583/1583 1582/1582/1582 1584/1584/1584
f 1585/1585/1585 1586/1586/1586 1587/1587/1587
f 1587/1587/1587 1586/1586/1586 1588/1588/1588
f 1589/1589/1589 1590/1590/1590 1591/1591/1591
f 1591/1591/1591 1590/1590/1590 1592/1592/1592
f 1593/1593/1593 1594/1594/1594 1595/1595/1595
f 1595/1595/1595 1594/1594/1594 1596/1596/1596
f 1597/1597/1597 1598/1598/1598 1599/1599/1599
f 1599/1599/1599 1598/1598/1598 1600/1600/1600
f 1601/1601/1601 1602/1602/1602 1603/1603/1603
f 1603/1603/1603 1602/1602/1602 1604/1604/1604
f 1605/1605/1605 1606/1606/1606 1607/1607/1607
f 1607/1607/1607 1606/1606/1606 1608/1608/1608
f 1609/1609/1609 1610/1610/1610 1611/1611/1611
f 1611/1611/1611 1610/1610/1610 1612/1612/1612
f 1613/1613/1613 1614/1614/1614 1615/1615/1615
f 1615/1615/1615 1614/1614/1614 1616/1616/1616
f 1617/1617/1617 1618/1618/1618 1619/1619/1619
f 1619/1619/1619 1618/1618/1618 1620/1620/1620
f 1621/1621/1621 1622/1622/1622 1623/1623/1623
f 1623/1623/1623 1622/1622/1622 1624/1624/1624
f 1625/1625/1625 1626/1626/1626 1627/1627/1627
f 1627/1627/1627 1626/1626/1626 1628/1628/1628
f 1629/1629/1629 1630/1630/1630 1631/1631/1631
f 1631/1631/1631 1630/1630/1630 1632/1632/1632
f 1633/1633/1633 1634/1634/1634 1635/1635/1635
f 1635/1635/1635 1634/1634/1634 1636/1636/1636
f 1637/1637/1637 1638/1638/1638 1639/1639/1639
f 1639/1639/1639 1638/1638/1638 1640/1640/1640
f 1641/1641/1641 1642/1642/1642 1643/1643/1643
f 1643/1643/1643 1642/1642/1642 1644/1644/1644
f 1645/1645/1645 1646/1646/1646 1647/1647/1647
f 1647/1647/1647 1646/1646/1646 1648/1648/1648
f 1649/1649/1649 1650/1650/1650 1651/1651/1651
f 1651/1651/1651 1650/1650/1650 1652/1652/1652
f 1653/1653/1653 1654/1654/1654 1655/1655/1655
f 1655/1655/1655 1654/1654/1654 1656/1656/1656
f 1657/1657/1657 1658/1658/1658 1659/1659/1659
f 1659/1659/1659 1658/1658/1658 1660/1660/1660
f 1661/1661/1661 1662/1662/1662 1663/1663/1663
f 1663/1663/1663 1662/1662/1662 1664/1664/1664
f 1665/1665/1665 1666/1666/1666 1667/1667/1667
f 1667/1667/1667 1666/1666/1666 1668/1668/1668
f 1669/1669/1669 1670/1670/1670 1671/1671/1671
f 1671/1671/1671 1670/1670/1670 1672/1672/1672
f 1673/1673/1673 1674/1674/1674 1675/1675/1675
f 1675/1675/1675 1674/1674/1674 1676/1676/1676
f 1677/1677/1677 1678/1678/1678 1679/1679/1679
f 1679/1679/1679 1678/1678/1678 1680/1680/1680
f 1681/1681/1681 1682/1682/1682 1683/1683/1683
f 1683/1683/1683 1682/1682/1682 1684/1684/1684
f 1685/1685/1685 1686/1686/1686 1687/1687/1687
f 1687/1687/1687 1686/1686/1686 1688/1688/1688
f 1689/1689/1689 1690/1690/1690 1691/1691/1691
f 1691/1691/1691 1690/1690/1690 1692/1692/1692
f 1693/1693/1693 1694/1694/1694 1695/1695/1695
f 1695/1695/1695 1694/1694/1694 1696/1696/1696
f 1697/1697/1697 1698/1698/1698 1699/1699/1699
f 1699/1699/1699 1698/1698/1698 1700/1700/1700
f 1701/1701/1701 1702/1702/1702 1703/1703/1703
f 1703/1703/1703 1702/1702/1702 1704/1704/1704
f 1705/1705/1705 1706/1706/1706 1707/1707/1707
f 1707/1707/1707 1706/1706/1706 1708/1708/1708
f 1709/1709/1709 1710/1710/1710 1711/1711/1711
f 1711/1711/1711 1710/1710/1710 1712/1712/1712
f 1713/1713/1713 1714/1714/1714 1715/1715/1715
f 1715/1715/1715 1714/1714/1714 1716/1716/1716
f 1717/1717/1717 1718/1718/1718 1719/1719/1719
f 1719/1719/1719 1718/1718/1718 1720/1720/1720
f 1721/1721/1721 1722/1722/1722 1723/1723/1723
f 1723/1723/1723 1722/1722/1722 1724/1724/1724
f 1725/1725/1725 1726/1726/1726 1727/1727/1727
f 1727/1727/1727 1726/1726/1726 1728/1728/1728
f 1729/1729/1729 1730/1730/1730 1731/1731/1731
f 1731/1731/1731 1730/1730/1730 1732/1732/1732
f 1733/1733/1733 1734/1734/1734 1735/1735/1735
f 1735/1735/1735 1734/1734/1734 1736/1736/1736
f 1737/1737/1737 1738/1738/1738 1739/1739/1739
f 1739/1739/1739 1738/1738/1738 1740/1740/1740
f 1741/1741/1741 1742/1742/1742 1743/1743/1743
f 1743/1743/1743 1742/1742/1742 1744/1744/1744
f 1745/1745/1745 1746/1746/1746 1747/1747/1747
f 1747/1747/1747 1746/1746/1746 1748/1748/1748
f 1749/1749/1749 1750/1750/1750 1751/1751/1751
f 1751/1751/1751 1750/1750/1750 1752/1752/1752
f 1753/1753/1753 1754/1754/1754 1755/1755/1755
f 1755/1755/1755 1754/1754/1754 1756/1756/1756
f 1757/1757/1757 1758/1758/1758 1759/1759/1759
f 1759/1759/1759 1758/1758/1758 1760/1760/1760
f 1761/1761/1761 1762/1762/1762 1763/1763/1763
f 1763/1763/1763 1762/1762/1762 1764/1764/1764
f 1765/1765/1765 1766/1766/1766 1767/1767/1767
f 1767/1767/1767 1766/1766/1766 1768/1768/1768
f 1769/1769/1769 1770/1770/1770 1771/1771/1771
f 1771/1771/1771 1770/1770/1770 1772/1772/1772
f 1773/1773/1773 1774/1774/1774 1775/1775/1775
f 1775/1775/1775 1774/1774/1774 1776/1776/1776
f 1777/1777/1777 1778/1778/1778 1779/1779/1779
f 1779/1779/1779 1778/1778/1778 1780/1780/1780
f 1781/1781/1781 1782/1782/1782 1783/1783/1783
f 1783/1783/1783 1782/1782/1782 1784/1784/1784
f 1785/1785/1785 1786/1786/1786 1787/1787/1787
f 1787/1787/1787 1786/1786/1786 1788/1788/1788
f 1789/1789/1789 1790/1790/1790 1791/1791/1791
f 1791/1791/1791 1790/1790/1790 1792/1792/1792
f 1793/1793/1793 1794/1794/1794 1795/1795/1795
f 1795/1795/1795 1794/1794/1794 1796/1796/1796
f 1797/1797/1797 1798/1798/1798 1799/1799/1799
f 1799/1799/1799 1798/1798/1798 1800/1800/1800
f 1801/1801/1801 1802/1802/1802 1803/1803/1803
f 1803/1803/1803 1802/1802/1802 1804/1804/1804
f 1805/1805/1805 1806/1806/1806 1807/1807/1807
f 1807/1807/1807 1806/1806/1806 1808/1808/1808
f 1809/1809/1809 1810/1810/1810 1811/1811/1811
f 1811/1811/1811 1810/1810/1810 1812/1812/1812
f 1813/1813/1813 1814/1814/1814 1815/1815/1815
f 1815/1815/1815 1814/1814/1814 1816/1816/1816
f 1817/1817/1817 1818/1818/1818 1819/1819/1819
f 1819/1819/1819 1818/1818/1818 1820/1820/1820
f 1821/1821/1821 1822/1822/1822 1823/1823/1823
f 1823/1823/1823 1822/1822/1822 1824/1824/1824
f 1825/1825/1825 1826/1826/1826 1827/1827/1827
f 1827/1827/1827 1826/1826/1826 1828/1828/1828
f 1829/1829/1829 1830/1830/1830 1831/1831/1831
f 1831/1831/1831 1830/1830/1830 1832/1832/1832
f 1833/1833/1833 1834/1834/1834 1835/1835/1835
f 1835/1835/1835 1834/1834/1834 1836/1836/1836
f 1837/1837/1837 1838/1838/1838 1839/1839/1839
f 1839/1839/1839 1838/1838/1838 1840/1840/1840
f 1841/1841/1841 1842/1842/1842 1843/1843/1843
f 1843/1843/1843 1842/1842/1842 1844/1844/1844
f 1845/1845/1845 1846/1846/1846 1847/1847/1847
f 1847/1847/1847 1846/1846/1846 1848/1848/1848
f 1849/1849/1849 1850/1850/1850 1851/1851/1851
f 1851/1851/1851 1850/1850/1850 1852/1852/1852
f 1853/1853/1853 1854/1854/1854 1855/1855/1855
f 1855/1855/1855 1854/1854/1854 1856/1856/1856
f 1857/1857/1857 1858/1858/1858 1859/1859/1859
f 1859/1859/1859 1858/1858/1858 1860/1860/1860
f 1861/1861/1861 1862/1862/1862 1863/1863/1863
f 1863/1863/1863 1862/1862/1862 1864/1864/1864
f 1865/1865/1865 1866/1866/1866 1867/1867/1867
f 1867/1867/1867 1866/1866/1866 1868/1868/1868
f 1869/1869/1869 1870/1870/1870 1871/1871/1871
f 1871/1871/1871 1870/1870/1870 1872/1872/1872
f 1873/1873/1873 1874/1874/1874 1875/1875/1875
f 1875/1875/1875 1874/1874/1874 1876/1876/1876
f 1877/1877/1877 1878/1878/1878 1879/1879/1879
f 1879/1879/1879 1878/1878/1878 1880/1880/1880
f 1881/1881/1881 1882/1882/1882 1883/1883/1883
f 1883/1883/1883 1882/1882/1882 1884/1884/1884
f 1885/1885/1885 1886/1886/1886 1887/1887/1887
f 1887/1887/1887 1886/1886/1886 1888/1888/1888
f 1889/1889/1889 1890/1890/1890 1891/1891/1891
f 1891/1891/1891 1890/1890/1890 1892/1892/1892
f 1893/1893/1893 1894/1894/1894 1895/1895/1895
f 1895/1895/1895 1894/1894/1894 1896/1896/1896
f 1897/1897/1897 1898/1898/1898 1899/1899/1899
f 1899/1899/1899 1898/1898/1898 1900/1900/1900
f 1901/1901/1901 1902/1902/1902 1903/1903/1903
f 1903/1903/1903 1902/1902/1902 1904/1904/1904
f 1905/1905/1905 1906/1906/1906 1907/1907/1907
f 1907/1907/1907 1906/1906/1906 1908/1908/1908
f 1909/1909/1909 1910/1910/1910 1911/1911/1911
f 1911/1911/1911 1910/1910/1910 1912/1912/1912
f 1913/1913/1913 1914/1914/1914 1915/1915/1915
f 1915/1915/1915 1914/1914/1914 1916/1916/1916
f 1917/1917/1917 1918/1918/1918 1919/1919/1919
f 1919/1919/1919 1918/1918/1918 1920/1920/1920
f 1921/1921/1921 1922/1922/1922 1923/1923/1923
f 1923/1923/1923 1922/1922/1922 1924/1924/1924
f 1925/1925/1925 1926/1926/1926 1927/1927/1927
f 1927/1927/1927 1926/1926/1926 1928/1928/1928
f 1929/1929/1929 1930/1930/1930 1931/1931/1931
f 1931/1931/1931 1930/1930/1930 1932/1932/1932
f 1933/1933/1933 1934/1934/1934 1935/1935/1935
f 1935/1935/1935 1934/1934/1934 1936/1936/1936
f 1937/1937/1937 1938/1938/1938 1939/1939/1939
f 1939/1939/1939 1938/1938/1938 1940/1940/1940
f 1941/1941/1941 1942/1942/1942 1943/1943/1943
f 1943/1943/1943 1942/1942/1942 1944/1944/1944
f 1945/1945/1945 1946/1946/1946 1947/1947/1947
f 1947/1947/1947 1946/1946/1946 1948/1948/1948
f 1949/1949/1949 1950/1950/1950 1951/1951/1951
f 1951/1951/1951 1950/1950/1950 1952/1952/1952
f 1953/1953/1953 1954/1954/1954 1955/1955/1955
f 1955/1955/1955 1954/1954/1954 1956/1956/1956
f 1957/1957/1957 1958/1958/1958 1959/1959/1959
f 1959/1959/1959 1958/1958/1958 1960/1960/1960
f 1961/1961/1961 1962/1962/1962 1963/1963/1963
f 1963/1963/1963 1962/1962/1962 1964/1964/1964
f 1965/1965/1965 1966/1966/1966 1967/1967/1967
f 1967/1967/1967 1966/1966/1966 1968/1968/1968
f 1969/1969/1969 1970/1970/1970 1971/1971/1971
f 1971/1971/1971 1970/1970/1970 1972/1972/1972
f 1973/1973/1973 1974/1974/1974 1975/1975/1975
f 1975/1975/1975 1974/1974/1974 1976/1976/1976
f 1977/1977/1977 1978/1978/1978 1979/1979/1979
f 1979/1979/1979 1978/1978/1978 1980/1980/1980
f 1981/1981/1981 1982/1982/1982 1983/1983/1983
f 1983/1983/1983 1982/1982/1982 1984/1984/1984
f 1985/1985/1985 1986/1986/1986 1987/1987/1987
f 1987/1987/1987 1986/1986/1986 1988/1988/1988
f 1989/1989/1989 1990/1990/1990 1991/1991/1991
f 1991/1991/1991 1990/1990/1990 1992/1992/1992
f 1993/1993/1993 1994/1994/1994 1995/1995/1995
f 1995/1995/1995 1994/1994/1994 1996/1996/1996
f 1997/1997/1997 1998/1998/1998 1999/1999/1999
f 1999/1999/1999 1998/1998/1998 2000/2000/2000
f 2001/2001/2001 2002/2002/2002 2003/2003/2003
f 2003/2003/2003 2002/2002/2002 2004/2004/2004
f 2005/2005/2005 2006/2006/2006 2007/2007/2007
f 2007/2007/2007 2006/2006/2006 2008/2008/2008
f 2009/2009/2009 2010/2010/2010 2011/2011/2011
f 2011/2011/2011 2010/2010/2010 2012/2012/2012
f 2013/2013/2013 2014/2014/2014 2015/2015/2015
f 2015/2015/2015 2014/2014/2014 2016/2016/2016
f 2017/2017/2017 2018/2018/2018 2019/2019/2019
f 2019/2019/2019 2018/2018/2018 2020/2020/2020
f 2021/2021/2021 2022/2022/2022 2023/2023/2023
f 2023/2023/2023 2022/2022/2022 2024/2024/2024
f 2025/2025/2025 2026/2026/2026 2027/2027/2027
f 2027/2027/2027 2026/2026/2026 2028/2028/2028
f 2029/2029/2029 2030/2030/2030 2031/2031/2031
f 2031/2031/2031 2030/2030/2030 2032/2032/2032
f 2033/2033/2033 2034/2034/2034 2035/2035/2035
f 2035/2035/2035 2034/2034/2034 2036/2036/2036
f 2037/2037/2037 2038/2038/2038 2039/2039/2039
f 2039/2039/2039 2038/2038/2038 2040/2040/2040
f 2041/2041/2041 2042/2042/2042 2043/2043/2043
f 2043/2043/2043 2042/2042/2042 2044/2044/2044
f 2045/2045/2045 2046/2046/2046 2047/2047/2047
f 2047/2047/2047 2046/2046/2046 2048/2048/2048
f 2049/2049/2049 2050/2050/2050 2051/2051/2051
f 2051/2051/2051 2050/2050/2050 2052/2052/2052
f 2053/2053/2053 2054/2054/2054 2055/2055/2055
f 2055/2055/2055 2054/2054/2054 2056/2056/2056
f 2057/2057/2057 2058/2058/2058 2059/2059/2059
f 2059/2059/2059 2058/2058/2058 2060/2060/2060
f 2061/2061/2061 2062/2062/2062 2063/2063/2063
f 2063/2063/2063 2062/2062/2062 2064/2064/2064
f 2065/2065/2065 2066/2066/2066 2067/2067/2067
f 2067/2067/2067 2066/2066/2066 2068/2068/2068
f 2069/2069/2069 2070/2070/2070 2071/2071/2071
f 2071/2071/2071 2070/2070/2070 2072/2072/2072
f 2073/2073/2073 2074/2074/2074 2075/2075/2075
f 2075/2075/2075 2074/2074/2074 2076/2076/2076
f 2077/2077/2077 2078/2078/2078 2079/2079/2079
f 2079/2079/2079 2078/2078/2078 2080/2080/2080
f 2081/2081/2081 2082/2082/2082 2083/2083/2083
f 2083/2083/2083 2082/2082/2082 2084/2084/2084
f 2085/2085/2085 2086/2086/2086 2087/2087/2087
f 2087/2087/2087 2086/2086/2086 2088/2088/2088
f 2089/2089/2089 2090/2090/2090 2091/2091/2091
f 2091/2091/2091 2090/2090/2090 2092/2092/2092
f 2093/2093/2093 2094/2094/2094 2095/2095/2095
f 2095/2095/2095 2094/2094/2094 2096/2096/2096
f 2097/2097/2097 2098/2098/2098 2099/2099/2099
f 2099/2099/2099 2098/2098/2098 2100/2100/2100
f 2101/2101/2101 2102/2102/2102 2103/2103/2103
f 2103/2103/2103 2102/2102/2102 2104/2104/2104
f 2105/2105/2105 2106/2106/2106 2107/2107/2107
f 2107/2107/2107 2106/2106/2106 2108/2108/2108
f 2109/2109/2109 2110/2110/2110 2111/2111/2111
f 2111/2111/2111 2110/2110/2110 2112/2112/2112
f 2113/2113/2113 2114/2114/2114 2115/2115/2115
f 2115/2115/2115 2114/2114/2114 2116/2116/2116
f 2117/2117/2117 2118/2118/2118 2119/2119/2119
f 2119/2119/2119 2118/2118/2118 2120/2120/2120
f 2121/2121/2121 2122/2122/2122 2123/2123/2123
f 2123/2123/2123 2122/2122/2122 2124/2124/2124
f 2125/2125/2125 2126/2126/2126 2127/2127/2127
f 2127/2127/2127 2126/2126/2126 2128/2128/2128
f 2129/2129/2129 2130/2130/2130 2131/2131/2131
f 2131/2131/2131 2130/2130/2130 2132/2132/2132
f 2133/2133/2133 2134/2134/2134 2135/2135/2135
f 2135/2135/2135 2134/2134/2134 2136/2136/2136
f 2137/2137/2137 2138/2138/2138 2139/2139/2139
f 2139/2139/2139 2138/2138/2138 2140/2140/2140
f 2141/2141/2141 2142/2142/2142 2143/2143/2143
f 2143/2143/2143 2142/2142/2142 2144/2144/2144
f 2145/2145/2145 2146/2146/2146 2147/2147/2147
f 2147/2147/2147 2146/2146/2146 2148/2148/2148
f 2149/2149/2149 2150/2150/2150 2151/2151/2151
f 2151/2151/2151 2150/2150/2150 2152/2152/2152
f 2153/2153/2153 2154/2154/2154 2155/2155/2155
f 2155/2155/2155 2154/2154/2154 2156/2156/2156
f 2157/2157/2157 2158/2158/2158 2159/2159/2159
f 2159/2159/2159 2158/2158/2158 2160/2160/2160
f 2161/2161/2161 2162/2162/2162 2163/2163/2163
f 2163/2163/2163 2162/2162/2162 2164/2164/2164
f 2165/2165/2165 2166/2166/2166 2167/2167/2167
f 2167/2167/2167 2166/2166/2166 2168/2168/2168
f 2169/2169/2169 2170/2170/2170 2171/2171/2171
f 2171/2171/2171 2170/2170/2170 2172/2172/2172
f 2173/2173/2173 2174/2174/2174 2175/2175/2175
f 2175/2175/2175 2174/2174/2174 2176/2176/2176
f 2177/2177/2177 2178/2178/2178 2179/2179/2179
f 2179/2179/2179 2178/2178/2178 2180/2180/2180
f 2181/2181/2181 2182/2182/2182 2183/2183/2183
f 2183/2183/2183 2182/2182/2182 2184/2184/2184
f 2185/2185/2185 2186/2186/2186 2187/2187/2187
f 2187/2187/2187 2186/2186/2186 2188/2188/2188
f 2189/2189/2189 2190/2190/2190 2191/2191/2191
f 2191/2191/2191 2190/2190/2190 2192/2192/2192
f 2193/2193/2193 2194/2194/2194 2195/2195/2195
f 2195/2195/2195 2194/2194/2194 2196/2196/2196
f 2197/2197/2197 2198/2198/2198 2199/2199/2199
f 2199/2199/2199 2198/2198/2198 2200/2200/2200
f 2201/2201/2201 2202/2202/2202 2203/2203/2203
f 2203/2203/2203 2202/2202/2202 2204/2204/2204
f 2205/2205/2205 2206/2206/2206 2207/2207/2207
f 2207/2207/2207 2206/2206/2206 2208/2208/2208
f 2209/2209/2209 2210/2210/2210 2211/2211/2211
f 2211/2211/2211 2210/2210/2210 2212/2212/2212
f 2213/2213/2213 2214/2214/2214 2215/2215/2215
f 2215/2215/2215 2214/2214/2214 2216/2216/2216
f 2217/2217/2217 2218/2218/2218 2219/2219/2219
f 2219/2219/2219 2218/2218/2218 2220/2220/2220
f 2221/2221/2221 2222/2222/2222 2223/2223/2223
f 2223/2223/2223 2222/2222/2222 2224/2224/2224
f 2225/2225/2225 2226/2226/2226 2227/2227/2227
f 2227/2227/2227 2226/2226/2226 2228/2228/2228
f 2229/2229/2229 2230/2230/2230 2231/2231/2231
f 2231/2231/2231 2230/2230/2230 2232/2232/2232
f 2233/2233/2233 2234/2234/2234 2235/2235/2235
f 2235/2235/2235 2234/2234/2234 2236/2236/2236
f 2237/2237/2237 2238/2238/2238 2239/2239/2239
f 2239/2239/2239 2238/2238/2238 2240/2240/2240
f 2241/2241/2241 2242/2242/2242 2243/2243/2243
f 2243/2243/2243 2242/2242/2242 2244/2244/2244
f 2245/2245/2245 2246/2246/2246 2247/2247/2247
f 2247/2247/2247 2246/2246/2246 2248/2248/2248
f 2249/2249/2249 2250/2250/2250 2251/2251/2251
f 2251/2251/2251 2250/2250/2250 2252/2252/2252
f 2253/2253/2253 2254/2254/2254 2255/2255/2255
f 2255/2255/2255 2254/2254/2254 2256/2256/2256
f 2257/2257/2257 2258/2258/2258 2259/2259/2259
f 2259/2259/2259 2258/2258/2258 2260/2260/2260
f 2261/2261/2261 2262/2262/2262 2263/2263/2263
f 2263/2263/2263 2262/2262/2262 2264/2264/2264
f 2265/2265/2265 2266/2266/2266 2267/2267/2267
f 2267/2267/2267 2266/2266/2266 2268/2268/2268
f 2269/2269/2269 2270/2270/2270 2271/2271/2271
f 2271/2271/2271 2270/2270/2270 2272/2272/2272
f 2273/2273/2273 2274/2274/2274 2275/2275/2275
f 2275/2275/2275 2274/2274/2274 2276/2276/2276
f 2277/2277/2277 2278/2278/2278 2279/2279/2279
f 2279/2279/2279 2278/2278/2278 2280/2280/2280
f 2281/2281/2281 2282/2282/2282 2283/2283/2283
f 2283/2283/2283 2282/2282/2282 2284/2284/2284
f 2285/2285/2285 2286/2286/2286 2287/2287/2287
f 2287/2287/2287 2286/2286/2286 2288/2288/2288
f 2289/2289/2289 2290/2290/2290 2291/2291/2291
f 2291/2291/2291 2290/2290/2290 2292/2292/2292
f 2293/2293/2293 2294/2294/2294 2295/2295/2295
f 2295/2295/2295 2294/2294/2294 2296/2296/2296
f 2297/2297/2297 2298/2298/2298 2299/2299/2299
f 2299/2299/2299 2298/2298/2298 2300/2300/2300
f 2301/2301/2301 2302/2302/2302 2303/2303/2303
f 2303/2303/2303 2302/2302/2302 2304/2304/2304
f 2305/2305/2305 2306/2306/2306 2307/2307/2307
f 2307/2307/2307 2306/2306/2306 2308/2308/2308
f 2309/2309/2309 2310/2310/2310 2311/2311/2311
f 2311/2311/2311 2310/2310/2310 2312/2312/2312
f 2313/2313/2313 2314/2314/2314 2315/2315/2315
f 2315/2315/2315 2314/2314/2314 2316/2316/2316
f 2317/2317/2317 2318/2318/2318 2319/2319/2319
f 2319/2319/2319 2318/2318/2318 2320/2320/2320
f 2321/2321/2321 2322/2322/2322 2323/2323/2323
f 2323/2323/2323 2322/2322/2322 2324/2324/2324
f 2325/2325/2325 2326/2326/2326 2327/2327/2327
f 2327/2327/2327 2326/2326/2326 2328/2328/2328
f 2329/2329/2329 2330/2330/2330 2331/2331/2331
f 2331/2331/2331 2330/2330/2330 2332/2332/2332
f 2333/2333/2333 2334/2334/2334 2335/2335/2335
f 2335/2335/2335 2334/2334/2334 2336/2336/2336
f 2337/2337/2337 2338/2338/2338 2339/2339/2339
f 2339/2339/2339 2338/2338/2338 2340/2340/2340
f 2341/2341/2341 2342/2342/2342 2343/2343/2343
f 2343/2343/2343 2342/2342/2342 2344/2344/2344
f 2345/2345/2345 2346/2346/2346 2347/2347/2347
f 2347/2347/2347 2346/2346/2346 2348/2348/2348
f 2349/2349/2349 2350/2350/2350 2351/2351/2351
f 2351/2351/2351 2350/2350/2350 2352/2352/2352
f 2353/2353/2353 2354/2354/2354 2355/2355/2355
f 2355/2355/2355 2354/2354/2354 2356/2356/2356
f 2357/2357/2357 2358/2358/2358 2359/2359/2359
f 2359/2359/2359 2358/2358/2358 2360/2360/2360
f 2361/2361/2361 2362/2362/2362 2363/2363/2363
f 2363/2363/2363 2362/2362/2362 2364/2364/2364
f 2365/2365/2365 2366/2366/2366 2367/2367/2367
f 2367/2367/2367 2366/2366/2366 2368/2368/2368
f 2369/2369/2369 2370/2370/2370 2371/2371/2371
f 2371/2371/2371 2370/2370/2370 2372/2372/2372
f 2373/2373/2373 2374/2374/2374 2375/2375/2375
f 2375/2375/2375 2374/2374/2374 2376/2376/2376
f 2377/2377/2377 2378/2378/2378 2379/2379/2379
f 2379/2379/2379 2378/2378/2378 2380/2380/2380
f 2381/2381/2381 2382/2382/2382 2383/2383/2383
f 2383/2383/2383 2382/2382/2382 2384/2384/2384
f 2385/2385/2385 2386/2386/2386 2387/2387/2387
f 2387/2387/2387 2386/2386/2386 2388/2388/2388
f 2389/2389/2389 2390/2390/2390 2391/2391/2391
f 2391/2391/2391 2390/2390/2390 2392/2392/2392
f 2393/2393/2393 2394/2394/2394 2395/2395/2395
f 2395/2395/2395 2394/2394/2394 2396/2396/2396
f 2397/2397/2397 2398/2398/2398 2399/2399/2399
f 2399/2399/2399 2398/2398/2398 2400/2400/2400
f 2401/2401/2401 2402/2402/2402 2403/2403/2403
f 2403/2403/2403 2402/2402/2402 2404/2404/2404
f 2405/2405/2405 2406/2406/2406 2407/2407/2407
f 2407/2407/2407 2406/2406/2406 2408/2408/2408
f 2409/2409/2409 2410/2410/2410 2411/2411/2411
f 2411/2411/2411 2410/2410/2410 2412/2412/2412
f 2413/2413/2413 2414/2414/2414 2415/2415/2415
f 2415/2415/2415 2414/2414/2414 2416/2416/2416
f 2417/2417/2417 2418/2418/2418 2419/2419/2419
f 2419/2419/2419 2418/2418/2418 2420/2420/2420
f 2421/2421/2421 2422/2422/2422 2423/2423/2423
f 2423/2423/2423 2422/2422/2422 2424/2424/2424
f 2425/2425/2425 2426/2426/2426 2427/2427/2427
f 2427/2427/2427 2426/2426/2426 2428/2428/2428
f 2429/2429/2429 2430/2430/2430 2431/2431/2431
f 2431/2431/2431 2430/2430/2430 2432/2432/2432
f 2433/2433/2433 2434/2434/2434 2435/2435/2435
f 2435/2435/2435 2434/2434/2434 2436/2436/2436
f 2437/2437/2437 2438/2438/2438 2439/2439/2439
f 2439/2439/2439 2438/2438/2438 2440/2440/2440
f 2441/2441/2441 2442/2442/2442 2443/2443/2443
f 2443/2443/2443 2442/2442/2442 2444/2444/2444
f 2445/2445/2445 2446/2446/2446 2447/2447/2447
f 2447/2447/2447 2446/2446/2446 2448/2448/2448
f 2449/2449/2449 2450/2450/2450 2451/2451/2451
f 2451/2451/2451 2450/2450/2450 2452/2452/2452
f 2453/2453/2453 2454/2454/2454 2455/2455/2455
f 2455/2455/2455 2454/2454/2454 2456/2456/2456
f 2457/2457/2457 2458/2458/2458 2459/2459/2459
f 2459/2459/2459 2458/2458/2458 2460/2460/2460
f 2461/2461/2461 2462/2462/2462 2463/2463/2463
f 2463/2463/2463 2462/2462/2462 2464/2464/2464
f 2465/2465/2465 2466/2466/2466 2467/2467/2467
f 2467/2467/2467 2466/2466/2466 2468/2468/2468
f 2469/2469/2469 2470/2470/2470 2471/2471/2471
f 2471/2471/2471 2470/2470/2470 2472/2472/2472
f 2473/2473/2473 2474/2474/2474 2475/2475/2475
f 2475/2475/2475 2474/2474/2474 2476/2476/2476
f 2477/2477/2477 2478/2478/2478 2479/2479/2479
f 2479/2479/2479 2478/2478/2478 2480/2480/2480
f 2481/2481/2481 2482/2482/2482 2483/2483/2483
f 2483/2483/2483 2482/2482/2482 2484/2484/2484
f 2485/2485/2485 2486/2486/2486 2487/2487/2487
f 2487/2487/2487 2486/2486/2486 2488/2488/2488
f 2489/2489/2489 2490/2490/2490 2491/2491/2491
f 2491/2491/2491 2490/2490/2490 2492/2492/2492
f 2493/2493/2493 2494/2494/2494 2495/2495/2495
f 2495/2495/2495 2494/2494/2494 2496/2496/2496
f 2497/2497/2497 2498/2498/2498 2499/2499/2499
f 2499/2499/2499 2498/2498/2498 2500/2500/2500
f 2501/2501/2501 2502/2502/2502 2503/2503/2503
f 2503/2503/2503 2502/2502/2502 2504/2504/2504
f 2505/2505/2505 2506/2506/2506 2507/2507/2507
f 2507/2507/2507 2506/2506/2506 2508/2508/2508
f 2509/2509/2509 2510/2510/2510 2511/2511/2511
f 2511/2511/2511 2510/2510/2510 2512/2512/2512
f 2513/2513/2513 2514/2514/2514 2515/2515/2515
f 2515/2515/2515 2514/2514/2514 2516/2516/2516
f 2517/2517/2517 2518/2518/2518 2519/2519/2519
f 2519/2519/2519 2518/2518/2518 2520/2520/2520
f 2521/2521/2521 2522/2522/2522 2523/2523/2523
f 2523/2523/2523 2522/2522/2522 2524/2524/2524
f 2525/2525/2525 2526/2526/2526 2527/2527/2527
f 2527/2527/2527 2526/2526/2526 2528/2528/2528
f 2529/2529/2529 2530/2530/2530 2531/2531/2531
f 2531/2531/2531 2530/2530/2530 2532/2532/2532
f 2533/2533/2533 2534/2534/2534 2535/2535/2535
f 2535/2535/2535 2534/2534/2534 2536/2536/2536
f 2537/2537/2537 2538/2538/2538 2539/2539/2539
f 2539/2539/2539 2538/2538/2538 2540/2540/2540
f 2541/2541/2541 2542/2542/2542 2543/2543/2543
f 2543/2543/2543 2542/2542/2542 2544/2544/2544
f 2545/2545/2545 2546/2546/2546 2547/2547/2547
f 2547/2547/2547 2546/2546/2546 2548/2548/2548
f 2549/2549/2549 2550/2550/2550 2551/2551/2551
f 2551/2551/2551 2550/2550/2550 2552/2552/2552
f 2553/2553/2553 2554/2554/2554 2555/2555/2555
f 2555/2555/2555 2554/2554/2554 2556/2556/2556
f 2557/2557/2557 2558/2558/2558 2559/2559/2559
f 2559/2559/2559 2558/2558/2558 2560/2560/2560
f 2561/2561/2561 2562/2562/2562 2563/2563/2563
f 2563/2563/2563 2562/2562/2562 2564/2564/2564
f 2565/2565/2565 2566/2566/2566 2567/2567/2567
f 2567/2567/2567 2566/2566/2566 2568/2568/2568
f 2569/2569/2569 2570/2570/2570 2571/2571/2571
f 2571/2571/2571 2570/2570/2570 2572/2572/2572
f 2573/2573/2573 2574/2574/2574 2575/2575/2575
f 2575/2575/2575 2574/2574/2574 2576/2576/2576
f 2577/2577/2577 2578/2578/2578 2579/2579/2579
f 2579/2579/2579 2578/2578/2578 2580/2580/2580
f 2581/2581/2581 2582/2582/2582 2583/2583/2583
f 2583/2583/2583 2582/2582/2582 2584/2584/2584
f 2585/2585/2585 2586/2586/2586 2587/2587/2587
f 2587/2587/2587 2586/2586/2586 2588/2588/2588
f 2589/2589/2589 2590/2590/2590 2591/2591/2591
f 2591/2591/2591 2590/2590/2590 2592/2592/2592
f 2593/2593/2593 2594/2594/2594 2595/2595/2595
f 2595/2595/2595 2594/2594/2594 2596/2596/2596
f 2597/2597/2597 2598/2598/2598 2599/2599/2599
f 2599/2599/2599 2598/2598/2598 2600/2600/2600
f 2601/2601/2601 2602/2602/2602 2603/2603/2603
f 2603/2603/2603 2602/2602/2602 2604/2604/2604
f 2605/2605/2605 2606/2606/2606 2607/2607/2607
f 2607/2607/2607 2606/2606/2606 2608/2608/2608
f 2609/2609/2609 2610/2610/2610 2611/2611/2611
f 2611/2611/2611 2610/2610/2610 2612/2612/2612
f 2613/2613/2613 2614/2614/2614 2615/2615/2615
f 2615/2615/2615 2614/2614/2614 2616/2616/2616
f 2617/2617/2617 2618/2618/2618 2619/2619/2619
f 2619/2619/2619 2618/2618/2618 2620/2620/2620
f 2621/2621/2621 2622/2622/2622 2623/2623/2623
f 2623/2623/2623 2622/2622/2622 2624/2624/2624
f 2625/2625/2625 2626/2626/2626 2627/2627/2627
f 2627/2627/2627 2626/2626/2626 2628/2628/2628
f 2629/2629/2629 2630/2630/2630 2631/2631/2631
f 2631/2631/2631 2630/2630/2630 2632/2632/2632
f 2633/2633/2633 2634/2634/2634 2635/2635/2635
f 2635/2635/2635 2634/2634/2634 2636/2636/2636
f 2637/2637/2637 2638/2638/2638 2639/2639/2639
f 2639/2639/2639 2638/2638/2638 2640/2640/2640
f 2641/2641/2641 2642/2642/2642 2643/2643/2643
f 2643/2643/2643 2642/2642/2642 2644/2644/2644
f 2645/2645/2645 2646/2646/2646 2647/2647/2647
f 2647/2647/2647 2646/2646/2646 2648/2648/2648
f 2649/2649/2649 2650/2650/2650 2651/2651/2651
f 2651/2651/2651 2650/2650/2650 2652/2652/2652
f 2653/2653/2653 2654/2654/2654 2655/2655/2655
f 2655/2655/2655 2654/2654/2654 2656/2656/2656
f 2657/2657/2657 2658/2658/2658 2659/2659/2659
f 2659/2659/2659 2658/2658/2658 2660/2660/2660
f 2661/2661/2661 2662/2662/2662 2663/2663/2663
f 2663/2663/2663 2662/2662/2662 2664/2664/2664
f 2665/2665/2665 2666/2666/2666 2667/2667/2667
f 2667/2667/2667 2666/2666/2666 2668/2668/2668
f 2669/2669/2669 2670/2670/2670 2671/2671/2671
f 2671/2671/2671 2670/2670/2670 2672/2672/2672
f 2673/2673/2673 2674/2674/2674 2675/2675/2675
f 2675/2675/2675 2674/2674/2674 2676/2676/2676
f 2677/2677/2677 2678/2678/2678 2679/2679/2679
f 2679/2679/2679 2678/2678/2678 2680/2680/2680
f 2681/2681/2681 2682/2682/2682 2683/2683/2683
f 2683/2683/2683 2682/2682/2682 2684/2684/2684
f 2685/2685/2685 2686/2686/2686 2687/2687/2687
f 2687/2687/2687 2686/2686/2686 2688/2688/2688
f 2689/2689/2689 2690/2690/2690 2691/2691/2691
f 2691/2691/2691 2690/2690/2690 2692/2692/2692
f 2693/2693/2693 2694/2694/2694 2695/2695/2695
f 2695/2695/2695 2694/2694/2694 2696/2696/2696
f 2697/2697/2697 2698/2698/2698 2699/2699/2699
f 2699/2699/2699 2698/2698/2698 2700/2700/2700
f 2701/2701/2701 2702/2702/2702 2703/2703/2703
f 2703/2703/2703 2702/2702/2702 2704/2704/2704
f 2705/2705/2705 2706/2706/2706 2707/2707/2707
f 2707/2707/2707 2706/2706/2706 2708/2708/2708
f 2709/2709/2709 2710/2710/2710 2711/2711/2711
f 2711/2711/2711 2710/2710/2710 2712/2712/2712
f 2713/2713/2713 2714/2714/2714 2715/2715/2715
f 2715/2715/2715 2714/2714/2714 2716/2716/2716
f 2717/2717/2717 2718/2718/2718 2719/2719/2719
f 2719/2719/2719 2718/2718/2718 2720/2720/2720
f 2721/2721/2721 2722/2722/2722 2723/2723/2723
f 2723/2723/2723 2722/2722/2722 2724/2724/2724
f 2725/2725/2725 2726/2726/2726 2727/2727/2727
f 2727/2727/2727 2726/2726/2726 2728/2728/2728
f 2729/2729/2729 2730/2730/2730 2731/2731/2731
f 2731/2731/2731 2730/2730/2730 2732/2732/2732
f 2733/2733/2733 2734/2734/2734 2735/2735/2735
f 2735/2735/2735 2734/2734/2734 2736/2736/2736
f 2737/2737/2737 2738/2738/2738 2739/2739/2739
f 2739/2739/2739 2738/2738/2738 2740/2740/2740
f 2741/2741/2741 2742/2742/2742 2743/2743/2743
f 2743/2743/2743 2742/2742/2742 2744/2744/2744
f 2745/2745/2745 2746/2746/2746 2747/2747/2747
f 2747/2747/2747 2746/2746/2746 2748/2748/2748
f 2749/2749/2749 2750/2750/2750 2751/2751/2751
f 2751/2751/2751 2750/2750/2750 2752/2752/2752
f 2753/2753/2753 2754/2754/2754 2755/2755/2755
f 2755/2755/2755 2754/2754/2754 2756/2756/2756
f 2757/2757/2757 2758/2758/2758 2759/2759/2759
f 2759/2759/2759 2758/2758/2758 2760/2760/2760
f 2761/2761/2761 2762/2762/2762 2763/2763/2763
f 2763/2763/2763 2762/2762/2762 2764/2764/2764
f 2765/2765/2765 2766/2766/2766 2767/2767/2767
f 2767/2767/2767 2766/2766/2766 2768/2768/2768
f 2769/2769/2769 2770/2770/2770 2771/2771/2771
f 2771/2771/2771 2770/2770/2770 2772/2772/2772
f 2773/2773/2773 2774/2774/2774 2775/2775/2775
f 2775/2775/2775 2774/2774/2774 2776/2776/2776
f 2777/2777/2777 2778/2778/2778 2779/2779/2779
f 2779/2779/2779 2778/2778/2778 2780/2780/2780
f 2781/2781/2781 2782/2782/2782 2783/2783/2783
f 2783/2783/2783 2782/2782/2782 2784/2784/2784
f 2785/2785/2785 2786/2786/2786 2787/2787/2787
f 2787/2787/2787 2786/2786/2786 2788/2788/2788
f 2789/2789/2789 2790/2790/2790 2791/2791/2791
f 2791/2791/2791 2790/2790/2790 2792/2792/2792
f 2793/2793/2793 2794/2794/2794 2795/2795/2795
f 2795/2795/2795 2794/2794/2794 2796/2796/2796
f 2797/2797/2797 2798/2798/2798 2799/2799/2799
f 2799/2799/2799 2798/2798/2798 2800/2800/2800
f 2801/2801/2801 2802/2802/2802 2803/2803/2803
f 2803/2803/2803 2802/2802/2802 2804/2804/2804
f 2805/2805/2805 2806/2806/2806 2807/2807/2807
f 2807/2807/2807 2806/2806/2806 2808/2808/2808
f 2809/2809/2809 2810/2810/2810 2811/2811/2811
f 2811/2811/2811 2810/2810/2810 2812/2812/2812
f 2813/2813/2813 2814/2814/2814 2815/2815/2815
f 2815/2815/2815 2814/2814/2814 2816/2816/2816
f 2817/2817/2817 2818/2818/2818 2819/2819/2819
f 2819/2819/2819 2818/2818/2818 2820/2820/2820
f 2821/2821/2821 2822/2822/2822 2823/2823/2823
f 2823/2823/2823 2822/2822/2822 2824/2824/2824
f 2825/2825/2825 2826/2826/2826 2827/2827/2827
f 2827/2827/2827 2826/2826/2826 2828/2828/2828
f 2829/2829/2829 2830/2830/2830 2831/2831/2831
f 2831/2831/2831 2830/2830/2830 2832/2832/2832
f 2833/2833/2833 2834/2834/2834 2835/2835/2835
f 2835/2835/2835 2834/2834/2834 2836/2836/2836
f 2837/2837/2837 2838/2838/2838 2839/2839/2839
f 2839/2839/2839 2838/2838/2838 2840/2840/2840
f 2841/2841/2841 2842/2842/2842 2843/2843/2843
f 2843/2843/2843 2842/2842/2842 2844/2844/2844
f 2845/2845/2845 2846/2846/2846 2847/2847/2847
f 2847/2847/2847 2846/2846/2846 2848/2848/2848
f 2849/2849/2849 2850/2850/2850 2851/2851/2851
f 2851/2851/2851 2850/2850/2850 2852/2852/2852
f 2853/2853/2853 2854/2854/2854 2855/2855/2855
f 2855/2855/2855 2854/2854/2854 2856/2856/2856
f 2857/2857/2857 2858/2858/2858 2859/2859/2859
f 2859/2859/2859 2858/2858/2858 2860/2860/2860
f 2861/2861/2861 2862/2862/2862 2863/2863/2863
f 2863/2863/2863 2862/2862/2862 2864/2864/2864
f 2865/2865/2865 2866/2866/2866 2867/2867/2867
f 2867/2867/2867 2866/2866/2866 2868/2868/2868
f 2869/2869/2869 2870/2870/2870 2871/2871/2871
f 2871/2871/2871 2870/2870/2870 2872/2872/2872
f 2873/2873/2873 2874/2874/2874 2875/2875/2875
f 2875/2875/2875 2874/2874/2874 2876/2876/2876
f 2877/2877/2877 2878/2878/2878 2879/2879/2879
f 2879/2879/2879 2878/2878/2878 2880/2880/2880
f 2881/2881/2881 2882/2882/2882 2883/2883/2883
f 2883/2883/2883 2882/2882/2882 2884/2884/2884
f 2885/2885/2885 2886/2886/2886 2887/2887/2887
f 2887/2887/2887 2886/2886/2886 2888/2888/2888
f 2889/2889/2889 2890/2890/2890 2891/2891/2891
f 2891/2891/2891 2890/2890/2890 2892/2892/2892
f 2893/2893/2893 2894/2894/2894 2895/2895/2895
f 2895/2895/2895 2894/2894/2894 2896/2896/2896
f 2897/2897/2897 2898/2898/2898 2899/2899/2899
f 2899/2899/2899 2898/2898/2898 2900/2900/2900
f 2901/2901/2901 2902/2902/2902 2903/2903/2903
f 2903/2903/2903 2902/2902/2902 2904/2904/2904
f 2905/2905/2905 2906/2906/2906 2907/2907/2907
f 2907/2907/2907 2906/2906/2906 2908/2908/2908
f 2909/2909/2909 2910/2910/2910 2911/2911/2911
f 2911/2911/2911 2910/2910/2910 2912/2912/2912
f 2913/2913/2913 2914/2914/2914 2915/2915/2915
f 2915/2915/2915 2914/2914/2914 2916/2916/2916
f 2917/2917/2917 2918/2918/2918 2919/2919/2919
f 2919/2919/2919 2918/2918/2918 2920/2920/2920
f 2921/2921/2921 2922/2922/2922 2923/2923/2923
f 2923/2923/2923 2922/2922/2922 2924/2924/2924
f 2925/2925/2925 2926/2926/2926 2927/2927/2927
f 2927/2927/2927 2926/2926/2926 2928/2928/2928
f 2929/2929/2929 2930/2930/2930 2931/2931/2931
f 2931/2931/2931 2930/2930/2930 2932/2932/2932
f 2933/2933/2933 2934/2934/2934 2935/2935/2935
f 2935/2935/2935 2934/2934/2934 2936/2936/2936
f 2937/2937/2937 2938/2938/2938 2939/2939/2939
f 2939/2939/2939 2938/2938/2938 2940/2940/2940
f 2941/2941/2941 2942/2942/2942 2943/2943/2943
f 2943/2943/2943 2942/2942/2942 2944/2944/2944
f 2945/2945/2945 2946/2946/2946 2947/2947/2947
f 2947/2947/2947 2946/2946/2946 2948/2948/2948
f 2949/2949/2949 2950/2950/2950 2951/2951/2951
f 2951/2951/2951 2950/2950/2950 2952/2952/2952
f 2953/2953/2953 2954/2954/2954 2955/2955/2955
f 2955/2955/2955 2954/2954/2954 2956/2956/2956
f 2957/2957/2957 2958/2958/2958 2959/2959/2959
f 2959/2959/2959 2958/2958/2958 2960/2960/2960
f 2961/2961/2961 2962/2962/2962 2963/2963/2963
f 2963/2963/2963 2962/2962/2962 2964/2964/2964
f 2965/2965/2965 2966/2966/2966 2967/2967/2967
f 2967/2967/2967 2966/2966/2966 2968/2968/2968
f 2969/2969/2969 2970/2970/2970 2971/2971/2971
f 2971/2971/2971 2970/2970/2970 2972/2972/2972
f 2973/2973/2973 2974/2974/2974 2975/2975/2975
f 2975/2975/2975 2974/2974/2974 2976/2976/2976
f 2977/2977/2977 2978/2978/2978 2979/2979/2979
f 2979/2979/2979 2978/2978/2978 2980/2980/2980
f 2981/2981/2981 2982/2982/2982 2983/2983/2983
f 2983/2983/2983 2982/2982/2982 2984/2984/2984
f 2985/2985/2985 2986/2986/2986 2987/2987/2987
f 2987/2987/2987 2986/2986/2986 2988/2988/2988
f 2989/2989/2989 2990/2990/2990 2991/2991/2991
f 2991/2991/2991 2990/2990/2990 2992/2992/2992
f 2993/2993/2993 2994/2994/2994 2995/2995/2995
f 2995/2995/2995 2994/2994/2994 2996/2996/2996
f 2997/2997/2997 2998/2998/2998 2999/2999/2999
f 2999/2999/2999 2998/2998/2998 3000/3000/3000
f 3001/3001/3001 3002/3002/3002 3003/3003/3003
f 3003/3003/3003 3002/3002/3002 3004/3004/3004
f 3005/3005/3005 3006/3006/3006 3007/3007/3007
f 3007/3007/3007 3006/3006/3006 3008/3008/3008
f 3009/3009/3009 3010/3010/3010 3011/3011/3011
f 3011/3011/3011 3010/3010/3010 3012/3012/3012
f 3013/3013/3013 3014/3014/3014 3015/3015/3015
f 3015/3015/3015 3014/3014/3014 3016/3016/3016
f 3017/3017/3017 3018/3018/3018 3019/3019/3019
f 3019/3019/3019 3018/3018/3018 3020/3020/3020
f 3021/3021/3021 3022/3022/3022 3023/3023/3023
f 3023/3023/3023 3022/3022/3022 3024/3024/3024
f 3025/3025/3025 3026/3026/3026 3027/3027/3027
f 3027/3027/3027 3026/3026/3026 3028/3028/3028
f 3029/3029/3029 3030/3030/3030 3031/3031/3031
f 3031/3031/3031 3030/3030/3030 3032/3032/3032
f 3033/3033/3033 3034/3034/3034 3035/3035/3035
f 3035/3035/3035 3034/3034/3034 3036/3036/3036
f 3037/3037/3037 3038/3038/3038 3039/3039/3039
f 3039/3039/3039 3038/3038/3038 3040/3040/3040
f 3041/3041/3041 3042/3042/3042 3043/3043/3043
f 3043/3043/3043 3042/3042/3042 3044/3044/3044
f 3045/3045/3045 3046/3046/3046 3047/3047/3047
f 3047/3047/3047 3046/3046/3046 3048/3048/3048
f 3049/3049/3049 3050/3050/3050 3051/3051/3051
f 3051/3051/3051 3050/3050/3050 3052/3052/3052
f 3053/3053/3053 3054/3054/3054 3055/3055/3055
f 3055/3055/3055 3054/3054/3054 3056/3056/3056
f 3057/3057/3057 3058/3058/3058 3059/3059/3059
f 3059/3059/3059 3058/3058/3058 3060/3060/3060
f 3061/3061/3061 3062/3062/3062 3063/3063/3063
f 3063/3063/3063 3062/3062/3062 3064/3064/3064
f 3065/3065/3065 3066/3066/3066 3067/3067/3067
f 3067/3067/3067 3066/3066/3066 3068/3068/3068
f 3069/3069/3069 3070/3070/3070 3071/3071/3071
f 3071/3071/3071 3070/3070/3070 3072/3072/3072
f 3073/3073/3073 3074/3074/3074 3075/3075/3075
f 3075/3075/3075 3074/3074/3074 3076/3076/3076
f 3077/3077/3077 3078/3078/3078 3079/3079/3079
f 3079/3079/3079 3078/3078/3078 3080/3080/3080
f 3081/3081/3081 3082/3082/3082 3083/3083/3083
f 3083/3083/3083 3082/3082/3082 3084/3084/3084
f 3085/3085/3085 3086/3086/3086 3087/3087/3087
f 3087/3087/3087 3086/3086/3086 3088/3088/3088
f 3089/3089/3089 3090/3090/3090 3091/3091/3091
f 3091/3091/3091 3090/3090/3090 3092/3092/3092
f 3093/3093/3093 3094/3094/3094 3095/3095/3095
f 3095/3095/3095 3094/3094/3094 3096/3096/3096
f 3097/3097/3097 3098/3098/3098 3099/3099/3099
f 3099/3099/3099 3098/3098/3098 3100/3100/3100
f 3101/3101/3101 3102/3102/3102 3103/3103/3103
f 3103/3103/3103 3102/3102/3102 3104/3104/3104
f 3105/3105/3105 3106/3106/3106 3107/3107/3107
f 3107/3107/3107 3106/3106/3106 3108/3108/3108
f 3109/3109/3109 3110/3110/3110 3111/3111/3111
f 3111/3111/3111 3110/3110/3110 3112/3112/3112
f 3113/3113/3113 3114/3114/3114 3115/3115/3115
f 3115/3115/3115 3114/3114/3114 3116/3116/3116
f 3117/3117/3117 3118/3118/3118 3119/3119/3119
f 3119/3119/3119 3118/3118/3118 3120/3120/3120
f 3121/3121/3121 3122/3122/3122 3123/3123/3123
f 3123/3123/3123 3122/3122/3122 3124/3124/3124
f 3125/3125/3125 3126/3126/3126 3127/3127/3127
f 3127/3127/3127 3126/3126/3126 3128/3128/3128
f 3129/3129/3129 3130/3130/3130 3131/3131/3131
f 3131/3131/3131 3130/3130/3130 3132/3132/3132
f 3133/3133/3133 3134/3134/3134 3135/3135/3135
f 3135/3135/3135 3134/3134/3134 3136/3136/3136
f 3137/3137/3137 3138/3138/3138 3139/3139/3139
f 3139/3139/3139 3138/3138/3138 3140/3140/3140
f 3141/3141/3141 3142/3142/3142 3143/3143/3143
f 3143/3143/3143 3142/3142/3142 3144/3144/3144
f 3145/3145/3145 3146/3146/3146 3147/3147/3147
f 3147/3147/3147 3146/3146/3146 3148/3148/3148
f 3149/3149/3149 3150/3150/3150 3151/3151/3151
f 3151/3151/3151 3150/3150/3150 3152/3152/3152
f 3153/3153/3153 3154/3154/3154 3155/3155/3155
f 3155/3155/3155 3154/3154/3154 3156/3156/3156
f 3157/3157/3157 3158/3158/3158 3159/3159/3159
f 3159/3159/3159 3158/3158/3158 3160/3160/3160
f 3161/3161/3161 3162/3162/3162 3163/3163/3163
f 3163/3163/3163 3162/3162/3162 3164/3164/3164
f 3165/3165/3165 3166/3166/3166 3167/3167/3167
f 3167/3167/3167 3166/3166/3166 3168/3168/3168
f 3169/3169/3169 3170/3170/3170 3171/3171/3171
f 3171/3171/3171 3170/3170/3170 3172/3172/3172
f 3173/3173/3173 3174/3174/3174 3175/3175/3175
f 3175/3175/3175 3174/3174/3174 3176/3176/3176
f 3177/3177/3177 3178/3178/3178 3179/3179/3179
f 3179/3179/3179 3178/3178/3178 3180/3180/3180
f 3181/3181/3181 3182/3182/3182 3183/3183/3183
f 3183/3183/3183 3182/3182/3182 3184/3184/3184
f 3185/3185/3185 3186/3186/3186 3187/3187/3187
f 3187/3187/3187 3186/3186/3186 3188/3188/3188
f 3189/3189/3189 3190/3190/3190 3191/3191/3191
f 3191/3191/3191 3190/3190/3190 3192/3192/3192
f 3193/3193/3193 3194/3194/3194 3195/3195/3195
f 3195/3195/3195 3194/3194/3194 3196/3196/3196
f 3197/3197/3197 3198/3198/3198 3199/3199/3199
f 3199/3199/3199 3198/3198/3198 3200/3200/3200
f 3201/3201/3201 3202/3202/3202 3203/3203/3203
f 3203/3203/3203 3202/3202/3202 3204/3204/3204
f 3205/3205/3205 3206/3206/3206 3207/3207/3207
f 3207/3207/3207 3206/3206/3206 3208/3208/3208
f 3209/3209/3209 3210/3210/3210 3211/3211/3211
f 3211/3211/3211 3210/3210/3210 3212/3212/3212
f 3213/3213/3213 3214/3214/3214 3215/3215/3215
f 3215/3215/3215 3214/3214/3214 3216/3216/3216
f 3217/3217/3217 3218/3218/3218 3219/3219/3219
f 3219/3219/3219 3218/3218/3218 3220/3220/3220
f 3221/3221/3221 3222/3222/3222 3223/3223/3223
f 3223/3223/3223 3222/3222/3222 3224/3224/3224
f 3225/3225/3225 3226/3226/3226 3227/3227/3227
f 3227/3227/3227 3226/3226/3226 3228/3228/3228
f 3229/3229/3229 3230/3230/3230 3231/3231/3231
f 3231/3231/3231 3230/3230/3230 3232/3232/3232
f 3233/3233/3233 3234/3234/3234 3235/3235/3235
f 3235/3235/3235 3234/3234/3234 3236/3236/3236
f 3237/3237/3237 3238/3238/3238 3239/3239/3239
f 3239/3239/3239 3238/3238/3238 3240/3240/3240
f 3241/3241/3241 3242/3242/3242 3243/3243/3243
f 3243/3243/3243 3242/3242/3242 3244/3244/3244
f 3245/3245/3245 3246/3246/3246 3247/3247/3247
f 3247/3247/3247 3246/3246/3246 3248/3248/3248
f 3249/3249/3249 3250/3250/3250 3251/3251/3251
f 3251/3251/3251 3250/3250/3250 3252/3252/3252
f 3253/3253/3253 3254/3254/3254 3255/3255/3255
f 3255/3255/3255 3254/3254/3254 3256/3256/3256
f 3257/3257/3257 3258/3258/3258 3259/3259/3259
f 3259/3259/3259 3258/3258/3258 3260/3260/3260
f 3261/3261/3261 3262/3262/3262 3263/3263/3263
f 3263/3263/3263 3262/3262/3262 3264/3264/3264
f 3265/3265/3265 3266/3266/3266 3267/3267/3267
f 3267/3267/3267 3266/3266/3266 3268/3268/3268
f 3269/3269/3269 3270/3270/3270 3271/3271/3271
f 3271/3271/3271 3270/3270/3270 3272/3272/3272
f 3273/3273/3273 3274/3274/3274 3275/3275/3275
f 3275/3275/3275 3274/3274/3274 3276/3276/3276
f 3277/3277/3277 3278/3278/3278 3279/3279/3279
f 3279/3279/3279 3278/3278/3278 3280/3280/3280
f 3281/3281/3281 3282/3282/3282 3283/3283/3283
f 3283/3283/3283 3282/3282/3282 3284/3284/3284
f 3285/3285/3285 3286/3286/3286 3287/3287/3287
f 3287/3287/3287 3286/3286/3286 3288/3288/3288
f 3289/3289/3289 3290/3290/3290 3291/3291/3291
f 3291/3291/3291 3290/3290/3290 3292/3292/3292
f 3293/3293/3293 3294/3294/3294 3295/3295/3295
f 3295/3295/3295 3294/3294/3294 3296/3296/3296
f 3297/3297/3297 3298/3298/3298 3299/3299/3299
f 3299/3299/3299 3298/3298/3298 3300/3300/3300
f 3301/3301/3301 3302/3302/3302 3303/3303/3303
f 3303/3303/3303 3302/3302/3302 3304/3304/3304
f 3305/3305/3305 3306/3306/3306 3307/3307/3307
f 3307/3307/3307 3306/3306/3306 3308/3308/3308
f 3309/3309/3309 3310/3310/3310 3311/3311/3311
f 3311/3311/3311 3310/3310/3310 3312/3312/3312
f 3313/3313/3313 3314/3314/3314 3315/3315/3315
f 3315/3315/3315 3314/3314/3314 3316/3316/3316
f 3317/3317/3317 3318/3318/3318 3319/3319/3319
f 3319/3319/3319 3318/3318/3318 3320/3320/3320
f 3321/3321/3321 3322/3322/3322 3323/3323/3323
f 3323/3323/3323 3322/3322/3322 3324/3324/3324
f 3325/3325/3325 3326/3326/3326 3327/3327/3327
f 3327/3327/3327 3326/3326/3326 3328/3328/3328
f 3329/3329/3329 3330/3330/3330 3331/3331/3331
f 3331/3331/3331 3330/3330/3330 3332/3332/3332
f 3333/3333/3333 3334/3334/3334 3335/3335/3335
f 3335/3335/3335 3334/3334/3334 3336/3336/3336
f 3337/3337/3337 3338/3338/3338 3339/3339/3339
f 3339/3339/3339 3338/3338/3338 3340/3340/3340
f 3341/3341/3341 3342/3342/3342 3343/3343/3343
f 3343/3343/3343 3342/3342/3342 3344/3344/3344
f 3345/3345/3345 3346/3346/3346 3347/3347/3347
f 3347/3347/3347 3346/3346/3346 3348/3348/3348
f 3349/3349/3349 3350/3350/3350 3351/3351/3351
f 3351/3351/3351 3350/3350/3350 3352/3352/3352
f 3353/3353/3353 3354/3354/3354 3355/3355/3355
f 3355/3355/3355 3354/3354/3354 3356/3356/3356
f 3357/3357/3357 3358/3358/3358 3359/3359/3359
f 3359/3359/3359 3358/3358/3358 3360/3360/3360
f 3361/3361/3361 3362/3362/3362 3363/3363/3363
f 3363/3363/3363 3362/3362/3362 3364/3364/3364
f 3365/3365/3365 3366/3366/3366 3367/3367/3367
f 3367/3367/3367 3366/3366/3366 3368/3368/3368
f 3369/3369/3369 3370/3370/3370 3371/3371/3371
f 3371/3371/3371 3370/3370/3370 3372/3372/3372
f 3373/3373/3373 3374/3374/3374 3375/3375/3375
f 3375/3375/3375 3374/3374/3374 3376/3376/3376
f 3377/3377/3377 3378/3378/3378 3379/3379/3379
f 3379/3379/3379 3378/3378/3378 3380/3380/3380
f 3381/3381/3381 3382/3382/3382 3383/3383/3383
f 3383/3383/3383 3382/3382/3382 3384/3384/3384
f 3385/3385/3385 3386/3386/3386 3387/3387/3387
f 3387/3387/3387 3386/3386/3386 3388/3388/3388
f 3389/3389/3389 3390/3390/3390 3391/3391/3391
f 3391/3391/3391 3390/3390/3390 3392/3392/3392
f 3393/3393/3393 3394/3394/3394 3395/3395/3395
f 3395/3395/3395 3394/3394/3394 3396/3396/3396
f 3397/3397/3397 3398/3398/3398 3399/3399/3399
f 3399/3399/3399 3398/3398/3398 3400/3400/3400
f 3401/3401/3401 3402/3402/3402 3403/3403/3403
f 3403/3403/3403 3402/3402/3402 3404/3404/3404
f 3405/3405/3405 3406/3406/3406 3407/3407/3407
f 3407/3407/3407 3406/3406/3406 3408/3408/3408
f 3409/3409/3409 3410/3410/3410 3411/3411/3411
f 3411/3411/3411 3410/3410/3410 3412/3412/3412
f 3413/3413/3413 3414/3414/3414 3415/3415/3415
f 3415/3415/3415 3414/3414/3414 3416/3416/3416
f 3417/3417/3417 3418/3418/3418 3419/3419/3419
f 3419/3419/3419 3418/3418/3418 3420/3420/3420
f 3421/3421/3421 3422/3422/3422 3423/3423/3423
f 3423/3423/3423 3422/3422/3422 3424/3424/3424
f 3425/3425/3425 3426/3426/3426 3427/3427/3427
f 3427/3427/3427 3426/3426/3426 3428/3428/3428
f 3429/3429/3429 3430/3430/3430 3431/3431/3431
f 3431/3431/3431 3430/3430/3430 3432/3432/3432
f 3433/3433/3433 3434/3434/3434 3435/3435/3435
f 3435/3435/3435 3434/3434/3434 3436/3436/3436
f 3437/3437/3437 3438/3438/3438 3439/3439/3439
f 3439/3439/3439 3438/3438/3438 3440/3440/3440
f 3441/3441/3441 3442/3442/3442 3443/3443/3443
f 3443/3443/3443 3442/3442/3442 3444/3444/3444
f 3445/3445/3445 3446/3446/3446 3447/3447/3447
f 3447/3447/3447 3446/3446/3446 3448/3448/3448
f 3449/3449/3449 3450/3450/3450 3451/3451/3451
f 3451/3451/3451 3450/3450/3450 3452/3452/3452
f 3453/3453/3453 3454/3454/3454 3455/3455/3455
f 3455/3455/3455 3454/3454/3454 3456/3456/3456
f 3457/3457/3457 3458/3458/3458 3459/3459/3459
f 3459/3459/3459 3458/3458/3458 3460/3460/3460
f 3461/3461/3461 3462/3462/3462 3463/3463/3463
f 3463/3463/3463 3462/3462/3462 3464/3464/3464
f 3465/3465/3465 3466/3466/3466 3467/3467/3467
f 3467/3467/3467 3466/3466/3466 3468/3468/3468
f 3469/3469/3469 3470/3470/3470 3471/3471/3471
f 3471/3471/3471 3470/3470/3470 3472/3472/3472
f 3473/3473/3473 3474/3474/3474 3475/3475/3475
f 3475/3475/3475 3474/3474/3474 3476/3476/3476
f 3477/3477/3477 3478/3478/3478 3479/3479/3479
f 3479/3479/3479 3478/3478/3478 3480/3480/3480
f 3481/3481/3481 3482/3482/3482 3483/3483/3483
f 3483/3483/3483 3482/3482/3482 3484/3484/3484
f 3485/3485/3485 3486/3486/3486 3487/3487/3487
f 3487/3487/3487 3486/3486/3486 3488/3488/3488
f 3489/3489/3489 3490/3490/3490 3491/3491/3491
f 3491/3491/3491 3490/3490/3490 3492/3492/3492
f 3493/3493/3493 3494/3494/3494 3495/3495/3495
f 3495/3495/3495 3494/3494/3494 3496/3496/3496
f 3497/3497/3497 3498/3498/3498 3499/3499/3499
f 3499/3499/3499 3498/3498/3498 3500/3500/3500
f 3501/3501/3501 3502/3502/3502 3503/3503/3503
f 3503/3503/3503 3502/3502/3502 3504/3504/3504
f 3505/3505/3505 3506/3506/3506 3507/3507/3507
f 3507/3507/3507 3506/3506/3506 3508/3508/3508
f 3509/3509/3509 3510/3510/3510 3511/3511/3511
f 3511/3511/3511 3510/3510/3510 3512/3512/3512
f 3513/3513/3513 3514/3514/3514 3515/3515/3515
f 3515/3515/3515 3514/3514/3514 3516/3516/3516
f 3517/3517/3517 3518/3518/3518 3519/3519/3519
f 3519/3519/3519 3518/3518/3518 3520/3520/3520
f 3521/3521/3521 3522/3522/3522 3523/3523/3523
f 3523/3523/3523 3522/3522/3522 3524/3524/3524
f 3525/3525/3525 3526/3526/3526 3527/3527/3527
f 3527/3527/3527 3526/3526/3526 3528/3528/3528
f 3529/3529/3529 3530/3530/3530 3531/3531/3531
f 3531/3531/3531 3530/3530/3530 3532/3532/3532
f 3533/3533/3533 3534/3534/3534 3535/3535/3535
f 3535/3535/3535 3534/3534/3534 3536/3536/3536
f 3537/3537/3537 3538/3538/3538 3539/3539/3539
f 3539/3539/3539 3538/3538/3538 3540/3540/3540
f 3541/3541/3541 3542/3542/3542 3543/3543/3543
f 3543/3543/3543 3542/3542/3542 3544/3544/3544
f 3545/3545/3545 3546/3546/3546 3547/3547/3547
f 3547/3547/3547 3546/3546/3546 3548/3548/3548
f 3549/3549/3549 3550/3550/3550 3551/3551/3551
f 3551/3551/3551 3550/3550/3550 3552/3552/3552
f 3553/3553/3553 3554/3554/3554 3555/3555/3555
f 3555/3555/3555 3554/3554/3554 3556/3556/3556
f 3557/3557/3557 3558/3558/3558 3559/3559/3559
f 3559/3559/3559 3558/3558/3558 3560/3560/3560
f 3561/3561/3561 3562/3562/3562 3563/3563/3563
f 3563/3563/3563 3562/3562/3562 3564/3564/3564
f 3565/3565/3565 3566/3566/3566 3567/3567/3567
f 3567/3567/3567 3566/3566/3566 3568/3568/3568
f 3569/3569/3569 3570/3570/3570 3571/3571/3571
f 3571/3571/3571 3570/3570/3570 3572/3572/3572
f 3573/3573/3573 3574/3574/3574 3575/3575/3575
f 3575/3575/3575 3574/3574/3574 3576/3576/3576
f 3577/3577/3577 3578/3578/3578 3579/3579/3579
f 3579/3579/3579 3578/3578/3578 3580/3580/3580
f 3581/3581/3581 3582/3582/3582 3583/3583/3583
f 3583/3583/3583 3582/3582/3582 3584/3584/3584
f 3585/3585/3585 3586/3586/3586 3587/3587/3587
f 3587/3587/3587 3586/3586/3586 3588/3588/3588
f 3589/3589/3589 3590/3590/3590 3591/3591/3591
f 3591/3591/3591 3590/3590/3590 3592/3592/3592
f 3593/3593/3593 3594/3594/3594 3595/3595/3595
f 3595/3595/3595 3594/3594/3594 3596/3596/3596
f 3597/3597/3597 3598/3598/3598 3599/3599/3599
f 3599/3599/3599 3598/3598/3598 3600/3600/3600
f 3601/3601/3601 3602/3602/3602 3603/3603/3603
f 3603/3603/3603 3602/3602/3602 3604/3604/3604
f 3605/3605/3605 3606/3606/3606 3607/3607/3607
f 3607/3607/3607 3606/3606/3606 3608/3608/3608
f 3609/3609/3609 3610/3610/3610 3611/3611/3611
f 3611/3611/3611 3610/3610/3610 3612/3612/3612
f 3613/3613/3613 3614/3614/3614 3615/3615/3615
f 3615/3615/3615 3614/3614/3614 3616/3616/3616
f 3617/3617/3617 3618/3618/3618 3619/3619/3619
f 3619/3619/3619 3618/3618/3618 3620/3620/3620
f 3621/3621/3621 3622/3622/3622 3623/3623/3623
f 3623/3623/3623 3622/3622/3622 3624/3624/3624
f 3625/3625/3625 3626/3626/3626 3627/3627/3627
f 3627/3627/3627 3626/3626/3626 3628/3628/3628
f 3629/3629/3629 3630/3630/3630 3631/3631/3631
f 3631/3631/3631 3630/3630/3630 3632/3632/3632
f 3633/3633/3633 3634/3634/3634 3635/3635/3635
f 3635/3635/3635 3634/3634/3634 3636/3636/3636
f 3637/3637/3637 3638/3638/3638 3639/3639/3639
f 3639/3639/3639 3638/3638/3638 3640/3640/3640
f 3641/3641/3641 3642/3642/3642 3643/3643/3643
f 3643/3643/3643 3642/3642/3642 3644/3644/3644
f 3645/3645/3645 3646/3646/3646 3647/3647/3647
f 3647/3647/3647 3646/3646/3646 3648/3648/3648
f 3649/3649/3649 3650/3650/3650 3651/3651/3651
f 3651/3651/3651 3650/3650/3650 3652/3652/3652
f 3653/3653/3653 3654/3654/3654 3655/3655/3655
f 3655/3655/3655 3654/3654/3654 3656/3656/3656
f 3657/3657/3657 3658/3658/3658 3659/3659/3659
f 3659/3659/3659 3658/3658/3658 3660/3660/3660
f 3661/3661/3661 3662/3662/3662 3663/3663/3663
f 3663/3663/3663 3662/3662/3662 3664/3664/3664
f 3665/3665/3665 3666/3666/3666 3667/3667/3667
f 3667/3667/3667 3666/3666/3666 3668/3668/3668
f 3669/3669/3669 3670/3670/3670 3671/3671/3671
f 3671/3671/3671 3670/3670/3670 3672/3672/3672
f 3673/3673/3673 3674/3674/3674 3675/3675/3675
f 3675/3675/3675 3674/3674/3674 3676/3676/3676
f 3677/3677/3677 3678/3678/3678 3679/3679/3679
f 3679/3679/3679 3678/3678/3678 3680/3680/3680
f 3681/3681/3681 3682/3682/3682 3683/3683/3683
f 3683/3683/3683 3682/3682/3682 3684/3684/3684
f 3685/3685/3685 3686/3686/3686 3687/3687/3687
f 3687/3687/3687 3686/3686/3686 3688/3688/3688
f 3689/3689/3689 3690/3690/3690 3691/3691/3691
f 3691/3691/3691 3690/3690/3690 3692/3692/3692
f 3693/3693/3693 3694/3694/3694 3695/3695/3695
f 3695/3695/3695 3694/3694/3694 3696/3696/3696
f 3697/3697/3697 3698/3698/3698 3699/3699/3699
f 3699/3699/3699 3698/3698/3698 3700/3700/3700
f 3701/3701/3701 3702/3702/3702 3703/3703/3703
f 3703/3703/3703 3702/3702/3702 3704/3704/3704
f 3705/3705/3705 3706/3706/3706 3707/3707/3707
f 3707/3707/3707 3706/3706/3706 3708/3708/3708
f 3709/3709/3709 3710/3710/3710 3711/3711/3711
f 3711/3711/3711 3710/3710/3710 3712/3712/3712
f 3713/3713/3713 3714/3714/3714 3715/3715/3715
f 3715/3715/3715 3714/3714/3714 3716/3716/3716
f 3717/3717/3717 3718/3718/3718 3719/3719/3719
f 3719/3719/3719 3718/3718/3718 3720/3720/3720
f 3721/3721/3721 3722/3722/3722 3723/3723/3723
f 3723/3723/3723 3722/3722/3722 3724/3724/3724
f 3725/3725/3725 3726/3726/3726 3727/3727/3727
f 3727/3727/3727 3726/3726/3726 3728/3728/3728
f 3729/3729/3729 3730/3730/3730 3731/3731/3731
f 3731/3731/3731 3730/3730/3730 3732/3732/3732
f 3733/3733/3733 3734/3734/3734 3735/3735/3735
f 3735/3735/3735 3734/3734/3734 3736/3736/3736
f 3737/3737/3737 3738/3738/3738 3739/3739/3739
f 3739/3739/3739 3738/3738/3738 3740/3740/3740
f 3741/3741/3741 3742/3742/3742 3743/3743/3743
f 3743/3743/3743 3742/3742/3742 3744/3744/3744
f 3745/3745/3745 3746/3746/3746 3747/3747/3747
f 3747/3747/3747 3746/3746/3746 3748/3748/3748
f 3749/3749/3749 3750/3750/3750 3751/3751/3751
f 3751/3751/3751 3750/3750/3750 3752/3752/3752
f 3753/3753/3753 3754/3754/3754 3755/3755/3755
f 3755/3755/3755 3754/3754/3754 3756/3756/3756
f 3757/3757/3757 3758/3758/3758 3759/3759/3759
f 3759/3759/3759 3758/3758/3758 3760/3760/3760
f 3761/3761/3761 3762/3762/3762 3763/3763/3763
f 3763/3763/3763 3762/3762/3762 3764/3764/3764
f 3765/3765/3765 3766/3766/3766 3767/3767/3767
f 3767/3767/3767 3766/3766/3766 3768/3768/3768
f 3769/3769/3769 3770/3770/3770 3771/3771/3771
f 3771/3771/3771 3770/3770/3770 3772/3772/3772
f 3773/3773/3773 3774/3774/3774 3775/3775/3775
f 3775/3775/3775 3774/3774/3774 3776/3776/3776
f 3777/3777/3777 3778/3778/3778 3779/3779/3779
f 3779/3779/3779 3778/3778/3778 3780/3780/3780
f 3781/3781/3781 3782/3782/3782 3783/3783/3783
f 3783/3783/3783 3782/3782/3782 3784/3784/3784
f 3785/3785/3785 3786/3786/3786 3787/3787/3787
f 3787/3787/3787 3786/3786/3786 3788/3788/3788
f 3789/3789/3789 3790/3790/3790 3791/3791/3791
f 3791/3791/3791 3790/3790/3790 3792/3792/3792
f 3793/3793/3793 3794/3794/3794 3795/3795/3795
f 3795/3795/3795 3794/3794/3794 3796/3796/3796
f 3797/3797/3797 3798/3798/3798 3799/3799/3799
f 3799/3799/3799 3798/3798/3798 3800/3800/3800
f 3801/3801/3801 3802/3802/3802 3803/3803/3803
f 3803/3803/3803 3802/3802/3802 3804/3804/3804
f 3805/3805/3805 3806/3806/3806 3807/3807/3807
f 3807/3807/3807 3806/3806/3806 3808/3808/3808
f 3809/3809/3809 3810/3810/3810 3811/3811/3811
f 3811/3811/3811 3810/3810/3810 3812/3812/3812
f 3813/3813/3813 3814/3814/3814 3815/3815/3815
f 3815/3815/3815 3814/3814/3814 3816/3816/3816
f 3817/3817/3817 3818/3818/3818 3819/3819/3819
f 3819/3819/3819 3818/3818/3818 3820/3820/3820
f 3821/3821/3821 3822/3822/3822 3823/3823/3823
f 3823/3823/3823 3822/3822/3822 3824/3824/3824
f 3825/3825/3825 3826/3826/3826 3827/3827/3827
f 3827/3827/3827 3826/3826/3826 3828/3828/3828
f 3829/3829/3829 3830/3830/3830 3831/3831/3831
f 3831/3831/3831 3830/3830/3830 3832/3832/3832
f 3833/3833/3833 3834/3834/3834 3835/3835/3835
f 3835/3835/3835 3834/3834/3834 3836/3836/3836
f 3837/3837/3837 3838/3838/3838 3839/3839/3839
f 3839/3839/3839 3838/3838/3838 3840/3840/3840
f 3841/3841/3841 3842/3842/3842 3843/3843/3843
f 3843/3843/3843 3842/3842/3842 3844/3844/3844
f 3845/3845/3845 3846/3846/3846 3847/3847/3847
f 3847/3847/3847 3846/3846/3846 3848/3848/3848
f 3849/3849/3849 3850/3850/3850 3851/3851/3851
f 3851/3851/3851 3850/3850/3850 3852/3852/3852
f 3853/3853/3853 3854/3854/3854 3855/3855/3855
f 3855/3855/3855 3854/3854/3854 3856/3856/3856
f 3857/3857/3857 3858/3858/3858 3859/3859/3859
f 3859/3859/3859 3858/3858/3858 3860/3860/3860
f 3861/3861/3861 3862/3862/3862 3863/3863/3863
f 3863/3863/3863 3862/3862/3862 3864/3864/3864
f 3865/3865/3865 3866/3866/3866 3867/3867/3867
f 3867/3867/3867 3866/3866/3866 3868/3868/3868
f 3869/3869/3869 3870/3870/3870 3871/3871/3871
f 3871/3871/3871 3870/3870/3870 3872/3872/3872
f 3873/3873/3873 3874/3874/3874 3875/3875/3875
f 3875/3875/3875 3874/3874/3874 3876/3876/3876
f 3877/3877/3877 3878/3878/3878 3879/3879/3879
f 3879/3879/3879 3878/3878/3878 3880/3880/3880
f 3881/3881/3881 3882/3882/3882 3883/3883/3883
f 3883/3883/3883 3882/3882/3882 3884/3884/3884
f 3885/3885/3885 3886/3886/3886 3887/3887/3887
f 3887/3887/3887 3886/3886/3886 3888/3888/3888
f 3889/3889/3889 3890/3890/3890 3891/3891/3891
f 3891/3891/3891 3890/3890/3890 3892/3892/3892
f 3893/3893/3893 3894/3894/3894 3895/3895/3895
f 3895/3895/3895 3894/3894/3894 3896/3896/3896
f 3897/3897/3897 3898/3898/3898 3899/3899/3899
f 3899/3899/3899 3898/3898/3898 3900/3900/3900
f 3901/3901/3901 3902/3902/3902 3903/3903/3903
f 3903/3903/3903 3902/3902/3902 3904/3904/3904
f 3905/3905/3905 3906/3906/3906 3907/3907/3907
f 3907/3907/3907 3906/3906/3906 3908/3908/3908
f 3909/3909/3909 3910/3910/3910 3911/3911/3911
f 3911/3911/3911 3910/3910/3910 3912/3912/3912
f 3913/3913/3913 3914/3914/3914 3915/3915/3915
f 3915/3915/3915 3914/3914/3914 3916/3916/3916
f 3917/3917/3917 3918/3918/3918 3919/3919/3919
f 3919/3919/3919 3918/3918/3918 3920/3920/3920
f 3921/3921/3921 3922/3922/3922 3923/3923/3923
f 3923/3923/3923 3922/3922/3922 3924/3924/3924
f 3925/3925/3925 3926/3926/3926 3927/3927/3927
f 3927/3927/3927 3926/3926/3926 3928/3928/3928
f 3929/3929/3929 3930/3930/3930 3931/3931/3931
f 3931/3931/3931 3930/3930/3930 3932/3932/3932
f 3933/3933/3933 3934/3934/3934 3935/3935/3935
f 3935/3935/3935 3934/3934/3934 3936/3936/3936
f 3937/3937/3937 3938/3938/3938 3939/3939/3939
f 3939/3939/3939 3938/3938/3938 3940/3940/3940
f 3941/3941/3941 3942/3942/3942 3943/3943/3943
f 3943/3943/3943 3942/3942/3942 3944/3944/3944
f 3945/3945/3945 3946/3946/3946 3947/3947/3947
f 3947/3947/3947 3946/3946/3946 3948/3948/3948
f 3949/3949/3949 3950/3950/3950 3951/3951/3951
f 3951/3951/3951 3950/3950/3950 3952/3952/3952
f 3953/3953/3953 3954/3954/3954 3955/3955/3955
f 3955/3955/3955 3954/3954/3954 3956/3956/3956
f 3957/3957/3957 3958/3958/3958 3959/3959/3959
f 3959/3959/3959 3958/3958/3958 3960/3960/3960
f 3961/3961/3961 3962/3962/3962 3963/3963/3963
f 3963/3963/3963 3962/3962/3962 3964/3964/3964
f 3965/3965/3965 3966/3966/3966 3967/3967/3967
f 3967/3967/3967 3966/3966/3966 3968/3968/3968
f 3969/3969/3969 3970/3970/3970 3971/3971/3971
f 3971/3971/3971 3970/3970/3970 3972/3972/3972
f 3973/3973/3973 3974/3974/3974 3975/3975/3975
f 3975/3975/3975 3974/3974/3974 3976/3976/3976
f 3977/3977/3977 3978/3978/3978 3979/3979/3979
f 3979/3979/3979 3978/3978/3978 3980/3980/3980
f 3981/3981/3981 3982/3982/3982 3983/3983/3983
f 3983/3983/3983 3982/3982/3982 3984/3984/3984
f 3985/3985/3985 3986/3986/3986 3987/3987/3987
f 3987/3987/3987 3986/3986/3986 3988/3988/3988
f 3989/3989/3989 3990/3990/3990 3991/3991/3991
f 3991/3991/3991 3990/3990/3990 3992/3992/3992
f 3993/3993/3993 3994/3994/3994 3995/3995/3995
f 3995/3995/3995 3994/3994/3994 3996/3996/3996
f 3997/3997/3997 3998/3998/3998 3999/3999/3999
f 3999/3999/3999 3998/3998/3998 4000/4000/4000
f 4001/4001/4001 4002/4002/4002 4003/4003/4003
f 4003/4003/4003 4002/4002/4002 4004/4004/4004
f 4005/4005/4005 4006/4006/4006 4007/4007/4007
f 4007/4007/4007 4006/4006/4006 4008/4008/4008
f 4009/4009/4009 4010/4010/4010 4011/4011/4011
f 4011/4011/4011 4010/4010/4010 4012/4012/4012
f 4013/4013/4013 4014/4014/4014 4015/4015/4015
f 4015/4015/4015 4014/4014/4014 4016/4016/4016
f 4017/4017/4017 4018/4018/4018 4019/4019/4019
f 4019/4019/4019 4018/4018/4018 4020/4020/4020
f 4021/4021/4021 4022/4022/4022 4023/4023/4023
f 4023/4023/4023 4022/4022/4022 4024/4024/4024
f 4025/4025/4025 4026/4026/4026 4027/4027/4027
f 4027/4027/4027 4026/4026/4026 4028/4028/4028
f 4029/4029/4029 4030/4030/4030 4031/4031/4031
f 4031/4031/4031 4030/4030/4030 4032/4032/4032
f 4033/4033/4033 4034/4034/4034 4035/4035/4035
f 4035/4035/4035 4034/4034/4034 4036/4036/4036
f 4037/4037/4037 4038/4038/4038 4039/4039/4039
f 4039/4039/4039 4038/4038/4038 4040/4040/4040
f 4041/4041/4041 4042/4042/4042 4043/4043/4043
f 4043/4043/4043 4042/4042/4042 4044/4044/4044
f 4045/4045/4045 4046/4046/4046 4047/4047/4047
f 4047/4047/4047 4046/4046/4046 4048/4048/4048
f 4049/4049/4049 4050/4050/4050 4051/4051/4051
f 4051/4051/4051 4050/4050/4050 4052/4052/4052
f 4053/4053/4053 4054/4054/4054 4055/4055/4055
f 4055/4055/4055 4054/4054/4054 4056/4056/4056
f 4057/4057/4057 4058/4058/4058 4059/4059/4059
f 4059/4059/4059 4058/4058/4058 4060/4060/4060
f 4061/4061/4061 4062/4062/4062 4063/4063/4063
f 4063/4063/4063 4062/4062/4062 4064/4064/4064
f 4065/4065/4065 4066/4066/4066 4067/4067/4067
f 4067/4067/4067 4066/4066/4066 4068/4068/4068
f 4069/4069/4069 4070/4070/4070 4071/4071/4071
f 4071/4071/4071 4070/4070/4070 4072/4072/4072
f 4073/4073/4073 4074/4074/4074 4075/4075/4075
f 4075/4075/4075 4074/4074/4074 4076/4076/4076
f 4077/4077/4077 4078/4078/4078 4079/4079/4079
f 4079/4079/4079 4078/4078/4078 4080/4080/4080
f 4081/4081/4081 4082/4082/4082 4083/4083/4083
f 4083/4083/4083 4082/4082/4082 4084/4084/4084
f 4085/4085/4085 4086/4086/4086 4087/4087/4087
f 4087/4087/4087 4086/4086/4086 4088/4088/4088
f 4089/4089/4089 4090/4090/4090 4091/4091/4091
f 4091/4091/4091 4090/4090/4090 4092/4092/4092
f 4093/4093/4093 4094/4094/4094 4095/4095/4095
f 4095/4095/4095 4094/4094/4094 4096/4096/4096
f 4097/4097/4097 4098/4098/4098 4099/4099/4099
f 4099/4099/4099 4098/4098/4098 4100/4100/4100
f 4101/4101/4101 4102/4102/4102 4103/4103/4103
f 4103/4103/4103 4102/4102/4102 4104/4104/4104
f 4105/4105/4105 4106/4106/4106 4107/4107/4107
f 4107/4107/4107 4106/4106/4106 4108/4108/4108
f 4109/4109/4109 4110/4110/4110 4111/4111/4111
f 4111/4111/4111 4110/4110/4110 4112/4112/4112
f 4113/4113/4113 4114/4114/4114 4115/4115/4115
f 4115/4115/4115 4114/4114/4114 4116/4116/4116
f 4117/4117/4117 4118/4118/4118 4119/4119/4119
f 4119/4119/4119 4118/4118/4118 4120/4120/4120
f 4121/4121/4121 4122/4122/4122 4123/4123/4123
f 4123/4123/4123 4122/4122/4122 4124/4124/4124
f 4125/4125/4125 4126/4126/4126 4127/4127/4127
f 4127/4127/4127 4126/4126/4126 4128/4128/4128
f 4129/4129/4129 4130/4130/4130 4131/4131/4131
f 4131/4131/4131 4130/4130/4130 4132/4132/4132
f 4133/4133/4133 4134/4134/4134 4135/4135/4135
f 4135/4135/4135 4134/4134/4134 4136/4136/4136
f 4137/4137/4137 4138/4138/4138 4139/4139/4139
f 4139/4139/4139 4138/4138/4138 4140/4140/4140
f 4141/4141/4141 4142/4142/4142 4143/4143/4143
f 4143/4143/4143 4142/4142/4142 4144/4144/4144
f 4145/4145/4145 4146/4146/4146 4147/4147/4147
f 4147/4147/4147 4146/4146/4146 4148/4148/4148
f 4149/4149/4149 4150/4150/4150 4151/4151/4151
f 4151/4151/4151 4150/4150/4150 4152/4152/4152
f 4153/4153/4153 4154/4154/4154 4155/4155/4155
f 4155/4155/4155 4154/4154/4154 4156/4156/4156
f 4157/4157/4157 4158/4158/4158 4159/4159/4159
f 4159/4159/4159 4158/4158/4158 4160/4160/4160
f 4161/4161/4161 4162/4162/4162 4163/4163/4163
f 4163/4163/4163 4162/4162/4162 4164/4164/4164
f 4165/4165/4165 4166/4166/4166 4167/4167/4167
f 4167/4167/4167 4166/4166/4166 4168/4168/4168
f 4169/4169/4169 4170/4170/4170 4171/4171/4171
f 4171/4171/4171 4170/4170/4170 4172/4172/4172
f 4173/4173/4173 4174/4174/4174 4175/4175/4175
f 4175/4175/4175 4174/4174/4174 4176/4176/4176
f 4177/4177/4177 4178/4178/4178 4179/4179/4179
f 4179/4179/4179 4178/4178/4178 4180/4180/4180
f 4181/4181/4181 4182/4182/4182 4183/4183/4183
f 4183/4183/4183 4182/4182/4182 4184/4184/4184
f 4185/4185/4185 4186/4186/4186 4187/4187/4187
f 4187/4187/4187 4186/4186/4186 4188/4188/4188
f 4189/4189/4189 4190/4190/4190 4191/4191/4191
f 4191/4191/4191 4190/4190/4190 4192/4192/4192
f 4193/4193/4193 4194/4194/4194 4195/4195/4195
f 4195/4195/4195 4194/4194/4194 4196/4196/4196
f 4197/4197/4197 4198/4198/4198 4199/4199/4199
f 4199/4199/4199 4198/4198/4198 4200/4200/4200
f 4201/4201/4201 4202/4202/4202 4203/4203/4203
f 4203/4203/4203 4202/4202/4202 4204/4204/4204
f 4205/4205/4205 4206/4206/4206 4207/4207/4207
f 4207/4207/4207 4206/4206/4206 4208/4208/4208
f 4209/4209/4209 4210/4210/4210 4211/4211/4211
f 4211/4211/4211 4210/4210/4210 4212/4212/4212
f 4213/4213/4213 4214/4214/4214 4215/4215/4215
f 4215/4215/4215 4214/4214/4214 4216/4216/4216
f 4217/4217/4217 4218/4218/4218 4219/4219/4219
f 4219/4219/4219 4218/4218/4218 4220/4220/4220
f 4221/4221/4221 4222/4222/4222 4223/4223/4223
f 4223/4223/4223 4222/4222/4222 4224/4224/4224
f 4225/4225/4225 4226/4226/4226 4227/4227/4227
f 4227/4227/4227 4226/4226/4226 4228/4228/4228
f 4229/4229/4229 4230/4230/4230 4231/4231/4231
f 4231/4231/4231 4230/4230/4230 4232/4232/4232
f 4233/4233/4233 4234/4234/4234 4235/4235/4235
f 4235/4235/4235 4234/4234/4234 4236/4236/4236
f 4237/4237/4237 4238/4238/4238 4239/4239/4239
f 4239/4239/4239 4238/4238/4238 4240/4240/4240
f 4241/4241/4241 4242/4242/4242 4243/4243/4243
f 4243/4243/4243 4242/4242/4242 4244/4244/4244
f 4245/4245/4245 4246/4246/4246 4247/4247/4247
f 4247/4247/4247 4246/4246/4246 4248/4248/4248
f 4249/4249/4249 4250/4250/4250 4251/4251/4251
f 4251/4251/4251 4250/4250/4250 4252/4252/4252
f 4253/4253/4253 4254/4254/4254 4255/4255/4255
f 4255/4255/4255 4254/4254/4254 4256/4256/4256
f 4257/4257/4257 4258/4258/4258 4259/4259/4259
f 4259/4259/4259 4258/4258/4258 4260/4260/4260
f 4261/4261/4261 4262/4262/4262 4263/4263/4263
f 4263/4263/4263 4262/4262/4262 4264/4264/4264
f 4265/4265/4265 4266/4266/4266 4267/4267/4267
f 4267/4267/4267 4266/4266/4266 4268/4268/4268
f 4269/4269/4269 4270/4270/4270 4271/4271/4271
f 4271/4271/4271 4270/4270/4270 4272/4272/4272
f 4273/4273/4273 4274/4274/4274 4275/4275/4275
f 4275/4275/4275 4274/4274/4274 4276/4276/4276
f 4277/4277/4277 4278/4278/4278 4279/4279/4279
f 4279/4279/4279 4278/4278/4278 4280/4280/4280
f 4281/4281/4281 4282/4282/4282 4283/4283/4283
f 4283/4283/4283 4282/4282/4282 4284/4284/4284
f 4285/4285/4285 4286/4286/4286 4287/4287/4287
f 4287/4287/4287 4286/4286/4286 4288/4288/4288
f 4289/4289/4289 4290/4290/4290 4291/4291/4291
f 4291/4291/4291 4290/4290/4290 4292/4292/4292
f 4293/4293/4293 4294/4294/4294 4295/4295/4295
f 4295/4295/4295 4294/4294/4294 4296/4296/4296
f 4297/4297/4297 4298/4298/4298 4299/4299/4299
f 4299/4299/4299 4298/4298/4298 4300/4300/4300
f 4301/4301/4301 4302/4302/4302 4303/4303/4303
f 4303/4303/4303 4302/4302/4302 4304/4304/4304
f 4305/4305/4305 4306/4306/4306 4307/4307/4307
f 4307/4307/4307 4306/4306/4306 4308/4308/4308
f 4309/4309/4309 4310/4310/4310 4311/4311/4311
f 4311/4311/4311 4310/4310/4310 4312/4312/4312
f 4313/4313/4313 4314/4314/4314 4315/4315/4315
f 4315/4315/4315 4314/4314/4314 4316/4316/4316
f 4317/4317/4317 4318/4318/4318 4319/4319/4319
f 4319/4319/4319 4318/4318/4318 4320/4320/4320
f 4321/4321/4321 4322/4322/4322 4323/4323/4323
f 4323/4323/4323 4322/4322/4322 4324/4324/4324
f 4325/4325/4325 4326/4326/4326 4327/4327/4327
f 4327/4327/4327 4326/4326/4326 4328/4328/4328
f 4329/4329/4329 4330/4330/4330 4331/4331/4331
f 4331/4331/4331 4330/4330/4330 4332/4332/4332
f 4333/4333/4333 4334/4334/4334 4335/4335/4335
f 4335/4335/4335 4334/4334/4334 4336/4336/4336
f 4337/4337/4337 4338/4338/4338 4339/4339/4339
f 4339/4339/4339 4338/4338/4338 4340/4340/4340
f 4341/4341/4341 4342/4342/4342 4343/4343/4343
f 4343/4343/4343 4342/4342/4342 4344/4344/4344
f 4345/4345/4345 4346/4346/4346 4347/4347/4347
f 4347/4347/4347 4346/4346/4346 4348/4348/4348
f 4349/4349/4349 4350/4350/4350 4351/4351/4351
f 4351/4351/4351 4350/4350/4350 4352/4352/4352
f 4353/4353/4353 4354/4354/4354 4355/4355/4355
f 4355/4355/4355 4354/4354/4354 4356/4356/4356
f 4357/4357/4357 4358/4358/4358 4359/4359/4359
f 4359/4359/4359 4358/4358/4358 4360/4360/4360
f 4361/4361/4361 4362/4362/4362 4363/4363/4363
f 4363/4363/4363 4362/4362/4362 4364/4364/4364
f 4365/4365/4365 4366/4366/4366 4367/4367/4367
f 4367/4367/4367 4366/4366/4366 4368/4368/4368
f 4369/4369/4369 4370/4370/4370 4371/4371/4371
f 4371/4371/4371 4370/4370/4370 4372/4372/4372
f 4373/4373/4373 4374/4374/4374 4375/4375/4375
f 4375/4375/4375 4374/4374/4374 4376/4376/4376
f 4377/4377/4377 4378/4378/4378 4379/4379/4379
f 4379/4379/4379 4378/4378/4378 4380/4380/4380
f 4381/4381/4381 4382/4382/4382 4383/4383/4383
f 4383/4383/4383 4382/4382/4382 4384/4384/4384
f 4385/4385/4385 4386/4386/4386 4387/4387/4387
f 4387/4387/4387 4386/4386/4386 4388/4388/4388
f 4389/4389/4389 4390/4390/4390 4391/4391/4391
f 4391/4391/4391 4390/4390/4390 4392/4392/4392
f 4393/4393/4393 4394/4394/4394 4395/4395/4395
f 4395/4395/4395 4394/4394/4394 4396/4396/4396
f 4397/4397/4397 4398/4398/4398 4399/4399/4399
f 4399/4399/4399 4398/4398/4398 4400/4400/4400
f 4401/4401/4401 4402/4402/4402 4403/4403/4403
f 4403/4403/4403 4402/4402/4402 4404/4404/4404
f 4405/4405/4405 4406/4406/4406 4407/4407/4407
f 4407/4407/4407 4406/4406/4406 4408/4408/4408
f 4409/4409/4409 4410/4410/4410 4411/4411/4411
f 4411/4411/4411 4410/4410/4410 4412/4412/4412
f 4413/4413/4413 4414/4414/4414 4415/4415/4415
f 4415/4415/4415 4414/4414/4414 4416/4416/4416
f 4417/4417/4417 4418/4418/4418 4419/4419/4419
f 4419/4419/4419 4418/4418/4418 4420/4420/4420
f 4421/4421/4421 4422/4422/4422 4423/4423/4423
f 4423/4423/4423 4422/4422/4422 4424/4424/4424
f 4425/4425/4425 4426/4426/4426 4427/4427/4427
f 4427/4427/4427 4426/4426/4426 4428/4428/4428
f 4429/4429/4429 4430/4430/4430 4431/4431/4431
f 4431/4431/4431 4430/4430/4430 4432/4432/4432
f 4433/4433/4433 4434/4434/4434 4435/4435/4435
f 4435/4435/4435 4434/4434/4434 4436/4436/4436
f 4437/4437/4437 4438/4438/4438 4439/4439/4439
f 4439/4439/4439 4438/4438/4438 4440/4440/4440
f 4441/4441/4441 4442/4442/4442 4443/4443/4443
f 4443/4443/4443 4442/4442/4442 4444/4444/4444
f 4445/4445/4445 4446/4446/4446 4447/4447/4447
f 4447/4447/4447 4446/4446/4446 4448/4448/4448
f 4449/4449/4449 4450/4450/4450 4451/4451/4451
f 4451/4451/4451 4450/4450/4450 4452/4452/4452
f 4453/4453/4453 4454/4454/4454 4455/4455/4455
f 4455/4455/4455 4454/4454/4454 4456/4456/4456
f 4457/4457/4457 4458/4458/4458 4459/4459/4459
f 4459/4459/4459 4458/4458/4458 4460/4460/4460
f 4461/4461/4461 4462/4462/4462 4463/4463/4463
f 4463/4463/4463 4462/4462/4462 4464/4464/4464
f 4465/4465/4465 4466/4466/4466 4467/4467/4467
f 4467/4467/4467 4466/4466/4466 4468/4468/4468
f 4469/4469/4469 4470/4470/4470 4471/4471/4471
f 4471/4471/4471 4470/4470/4470 4472/4472/4472
f 4473/4473/4473 4474/4474/4474 4475/4475/4475
f 4475/4475/4475 4474/4474/4474 4476/4476/4476
f 4477/4477/4477 4478/4478/4478 4479/4479/4479
f 4479/4479/4479 4478/4478/4478 4480/4480/4480
f 4481/4481/4481 4482/4482/4482 4483/4483/4483
f 4483/4483/4483 4482/4482/4482 4484/4484/4484
f 4485/4485/4485 4486/4486/4486 4487/4487/4487
f 4487/4487/4487 4486/4486/4486 4488/4488/4488
f 4489/4489/4489 4490/4490/4490 4491/4491/4491
f 4491/4491/4491 4490/4490/4490 4492/4492/4492
f 4493/4493/4493 4494/4494/4494 4495/4495/4495
f 4495/4495/4495 4494/4494/4494 4496/4496/4496
f 4497/4497/4497 4498/4498/4498 4499/4499/4499
f 4499/4499/4499 4498/4498/4498 4500/4500/4500
f 4501/4501/4501 4502/4502/4502 4503/4503/4503
f 4503/4503/4503 4502/4502/4502 4504/4504/4504
f 4505/4505/4505 4506/4506/4506 4507/4507/4507
f 4507/4507/4507 4506/4506/4506 4508/4508/4508
f 4509/4509/4509 4510/4510/4510 4511/4511/4511
f 4511/4511/4511 4510/4510/4510 4512/4512/4512
f 4513/4513/4513 4514/4514/4514 4515/4515/4515
f 4515/4515/4515 4514/4514/4514 4516/4516/4516
f 4517/4517/4517 4518/4518/4518 4519/4519/4519
f 4519/4519/4519 4518/4518/4518 4520/4520/4520
f 4521/4521/4521 4522/4522/4522 4523/4523/4523
f 4523/4523/4523 4522/4522/4522 4524/4524/4524
f 4525/4525/4525 4526/4526/4526 4527/4527/4527
f 4527/4527/4527 4526/4526/4526 4528/4528/4528
f 4529/4529/4529 4530/4530/4530 4531/4531/4531
f 4531/4531/4531 4530/4530/4530 4532/4532/4532
f 4533/4533/4533 4534/4534/4534 4535/4535/4535
f 4535/4535/4535 4534/4534/4534 4536/4536/4536
f 4537/4537/4537 4538/4538/4538 4539/4539/4539
f 4539/4539/4539 4538/4538/4538 4540/4540/4540
f 4541/4541/4541 4542/4542/4542 4543/4543/4543
f 4543/4543/4543 4542/4542/4542 4544/4544/4544
f 4545/4545/4545 4546/4546/4546 4547/4547/4547
f 4547/4547/4547 4546/4546/4546 4548/4548/4548
f 4549/4549/4549 4550/4550/4550 4551/4551/4551
f 4551/4551/4551 4550/4550/4550 4552/4552/4552
f 4553/4553/4553 4554/4554/4554 4555/4555/4555
f 4555/4555/4555 4554/4554/4554 4556/4556/4556
f 4557/4557/4557 4558/4558/4558 4559/4559/4559
f 4559/4559/4559 4558/4558/4558 4560/4560/4560
f 4561/4561/4561 4562/4562/4562 4563/4563/4563
f 4563/4563/4563 4562/4562/4562 4564/4564/4564
f 4565/4565/4565 4566/4566/4566 4567/4567/4567
f 4567/4567/4567 4566/4566/4566 4568/4568/4568
f 4569/4569/4569 4570/4570/4570 4571/4571/4571
f 4571/4571/4571 4570/4570/4570 4572/4572/4572
f 4573/4573/4573 4574/4574/4574 4575/4575/4575
f 4575/4575/4575 4574/4574/4574 4576/4576/4576
f 4577/4577/4577 4578/4578/4578 4579/4579/4579
f 4579/4579/4579 4578/4578/4578 4580/4580/4580
f 4581/4581/4581 4582/4582/4582 4583/4583/4583
f 4583/4583/4583 4582/4582/4582 4584/4584/4584
f 4585/4585/4585 4586/4586/4586 4587/4587/4587
f 4587/4587/4587 4586/4586/4586 4588/4588/4588
f 4589/4589/4589 4590/4590/4590 4591/4591/4591
f 4591/4591/4591 4590/4590/4590 4592/4592/4592
f 4593/4593/4593 4594/4594/4594 4595/4595/4595
f 4595/4595/4595 4594/4594/4594 4596/4596/4596
f 4597/4597/4597 4598/4598/4598 4599/4599/4599
f 4599/4599/4599 4598/4598/4598 4600/4600/4600
f 4601/4601/4601 4602/4602/4602 4603/4603/4603
f 4603/4603/4603 4602/4602/4602 4604/4604/4604
f 4605/4605/4605 4606/4606/4606 4607/4607/4607
f 4607/4607/4607 4606/4606/4606 4608/4608/4608
f 4609/4609/4609 4610/4610/4610 4611/4611/4611
f 4611/4611/4611 4610/4610/4610 4612/4612/4612
f 4613/4613/4613 4614/4614/4614 4615/4615/4615
f 4615/4615/4615 4614/4614/4614 4616/4616/4616
f 4617/4617/4617 4618/4618/4618 4619/4619/4619
f 4619/4619/4619 4618/4618/4618 4620/4620/4620
f 4621/4621/4621 4622/4622/4622 4623/4623/4623
f 4623/4623/4623 4622/4622/4622 4624/4624/4624
f 4625/4625/4625 4626/4626/4626 4627/4627/4627
f 4627/4627/4627 4626/4626/4626 4628/4628/4628
f 4629/4629/4629 4630/4630/4630 4631/4631/4631
f 4631/4631/4631 4630/4630/4630 4632/4632/4632
f 4633/4633/4633 4634/4634/4634 4635/4635/4635
f 4635/4635/4635 4634/4634/4634 4636/4636/4636
f 4637/4637/4637 4638/4638/4638 4639/4639/4639
f 4639/4639/4639 4638/4638/4638 4640/4640/4640
f 4641/4641/4641 4642/4642/4642 4643/4643/4643
f 4643/4643/4643 4642/4642/4642 4644/4644/4644
f 4645/4645/4645 4646/4646/4646 4647/4647/4647
f 4647/4647/4647 4646/4646/4646 4648/4648/4648
f 4649/4649/4649 4650/4650/4650 4651/4651/4651
f 4651/4651/4651 4650/4650/4650 4652/4652/4652
f 4653/4653/4653 4654/4654/4654 4655/4655/4655
f 4655/4655/4655 4654/4654/4654 4656/4656/4656
f 4657/4657/4657 4658/4658/4658 4659/4659/4659
f 4659/4659/4659 4658/4658/4658 4660/4660/4660
f 4661/4661/4661 4662/4662/4662 4663/4663/4663
f 4663/4663/4663 4662/4662/4662 4664/4664/4664
f 4665/4665/4665 4666/4666/4666 4667/4667/4667
f 4667/4667/4667 4666/4666/4666 4668/4668/4668
f 4669/4669/4669 4670/4670/4670 4671/4671/4671
f 4671/4671/4671 4670/4670/4670 4672/4672/4672
f 4673/4673/4673 4674/4674/4674 4675/4675/4675
f 4675/4675/4675 4674/4674/4674 4676/4676/4676
f 4677/4677/4677 4678/4678/4678 4679/4679/4679
f 4679/4679/4679 4678/4678/4678 4680/4680/4680
f 4681/4681/4681 4682/4682/4682 4683/4683/4683
f 4683/4683/4683 4682/4682/4682 4684/4684/4684
f 4685/4685/4685 4686/4686/4686 4687/4687/4687
f 4687/4687/4687 4686/4686/4686 4688/4688/4688
f 4689/4689/4689 4690/4690/4690 4691/4691/4691
f 4691/4691/4691 4690/4690/4690 4692/4692/4692
f 4693/4693/4693 4694/4694/4694 4695/4695/4695
f 4695/4695/4695 4694/4694/4694 4696/4696/4696
f 4697/4697/4697 4698/4698/4698 4699/4699/4699
f 4699/4699/4699 4698/4698/4698 4700/4700/4700
f 4701/4701/4701 4702/4702/4702 4703/4703/4703
f 4703/4703/4703 4702/4702/4702 4704/4704/4704
f 4705/4705/4705 4706/4706/4706 4707/4707/4707
f 4707/4707/4707 4706/4706/4706 4708/4708/4708
f 4709/4709/4709 4710/4710/4710 4711/4711/4711
f 4711/4711/4711 4710/4710/4710 4712/4712/4712
f 4713/4713/4713 4714/4714/4714 4715/4715/4715
f 4715/4715/4715 4714/4714/4714 4716/4716/4716
f 4717/4717/4717 4718/4718/4718 4719/4719/4719
f 4719/4719/4719 4718/4718/4718 4720/4720/4720
f 4721/4721/4721 4722/4722/4722 4723/4723/4723
f 4723/4723/4723 4722/4722/4722 4724/4724/4724
f 4725/4725/4725 4726/4726/4726 4727/4727/4727
f 4727/4727/4727 4726/4726/4726 4728/4728/4728
f 4729/4729/4729 4730/4730/4730 4731/4731/4731
f 4731/4731/4731 4730/4730/4730 4732/4732/4732
f 4733/4733/4733 4734/4734/4734 4735/4735/4735
f 4735/4735/4735 4734/4734/4734 4736/4736/4736
f 4737/4737/4737 4738/4738/4738 4739/4739/4739
f 4739/4739/4739 4738/4738/4738 4740/4740/4740
f 4741/4741/4741 4742/4742/4742 4743/4743/4743
f 4743/4743/4743 4742/4742/4742 4744/4744/4744
f 4745/4745/4745 4746/4746/4746 4747/4747/4747
f 4747/4747/4747 4746/4746/4746 4748/4748/4748
f 4749/4749/4749 4750/4750/4750 4751/4751/4751
f 4751/4751/4751 4750/4750/4750 4752/4752/4752
f 4753/4753/4753 4754/4754/4754 4755/4755/4755
f 4755/4755/4755 4754/4754/4754 4756/4756/4756
f 4757/4757/4757 4758/4758/4758 4759/4759/4759
f 4759/4759/4759 4758/4758/4758 4760/4760/4760
f 4761/4761/4761 4762/4762/4762 4763/4763/4763
f 4763/4763/4763 4762/4762/4762 4764/4764/4764
f 4765/4765/4765 4766/4766/4766 4767/4767/4767
f 4767/4767/4767 4766/4766/4766 4768/4768/4768
f 4769/4769/4769 4770/4770/4770 4771/4771/4771
f 4771/4771/4771 4770/4770/4770 4772/4772/4772
f 4773/4773/4773 4774/4774/4774 4775/4775/4775
f 4775/4775/4775 4774/4774/4774 4776/4776/4776
f 4777/4777/4777 4778/4778/4778 4779/4779/4779
f 4779/4779/4779 4778/4778/4778 4780/4780/4780
f 4781/4781/4781 4782/4782/4782 4783/4783/4783
f 4783/4783/4783 4782/4782/4782 4784/4784/4784
f 4785/4785/4785 4786/4786/4786 4787/4787/4787
f 4787/4787/4787 4786/4786/4786 4788/4788/4788
f 4789/4789/4789 4790/4790/4790 4791/4791/4791
f 4791/4791/4791 4790/4790/4790 4792/4792/4792
f 4793/4793/4793 4794/4794/4794 4795/4795/4795
f 4795/4795/4795 4794/4794/4794 4796/4796/4796
f 4797/4797/4797 4798/4798/4798 4799/4799/4799
f 4799/4799/4799 4798/4798/4798 4800/4800/4800
f 4801/4801/4801 4802/4802/4802 4803/4803/4803
f 4803/4803/4803 4802/4802/4802 4804/4804/4804
f 4805/4805/4805 4806/4806/4806 4807/4807/4807
f 4807/4807/4807 4806/4806/4806 4808/4808/4808
f 4809/4809/4809 4810/4810/4810 4811/4811/4811
f 4811/4811/4811 4810/4810/4810 4812/4812/4812
f 4813/4813/4813 4814/4814/4814 4815/4815/4815
f 4815/4815/4815 4814/4814/4814 4816/4816/4816
f 4817/4817/4817 4818/4818/4818 4819/4819/4819
f 4819/4819/4819 4818/4818/4818 4820/4820/4820
f 4821/4821/4821 4822/4822/4822 4823/4823/4823
f 4823/4823/4823 4822/4822/4822 4824/4824/4824
f 4825/4825/4825 4826/4826/4826 4827/4827/4827
f 4827/4827/4827 4826/4826/4826 4828/4828/4828
f 4829/4829/4829 4830/4830/4830 4831/4831/4831
f 4831/4831/4831 4830/4830/4830 4832/4832/4832
f 4833/4833/4833 4834/4834/4834 4835/4835/4835
f 4835/4835/4835 4834/4834/4834 4836/4836/4836
f 4837/4837/4837 4838/4838/4838 4839/4839/4839
f 4839/4839/4839 4838/4838/4838 4840/4840/4840
f 4841/4841/4841 4842/4842/4842 4843/4843/4843
f 4843/4843/4843 4842/4842/4842 4844/4844/4844
f 4845/4845/4845 4846/4846/4846 4847/4847/4847
f 4847/4847/4847 4846/4846/4846 4848/4848/4848
f 4849/4849/4849 4850/4850/4850 4851/4851/4851
f 4851/4851/4851 4850/4850/4850 4852/4852/4852
f 4853/4853/4853 4854/4854/4854 4855/4855/4855
f 4855/4855/4855 4854/4854/4854 4856/4856/4856
f 4857/4857/4857 4858/4858/4858 4859/4859/4859
f 4859/4859/4859 4858/4858/4858 4860/4860/4860
f 4861/4861/4861 4862/4862/4862 4863/4863/4863
f 4863/4863/4863 4862/4862/4862 4864/4864/4864
f 4865/4865/4865 4866/4866/4866 4867/4867/4867
f 4867/4867/4867 4866/4866/4866 4868/4868/4868
f 4869/4869/4869 4870/4870/4870 4871/4871/4871
f 4871/4871/4871 4870/4870/4870 4872/4872/4872
f 4873/4873/4873 4874/4874/4874 4875/4875/4875
f 4875/4875/4875 4874/4874/4874 4876/4876/4876
f 4877/4877/4877 4878/4878/4878 4879/4879/4879
f 4879/4879/4879 4878/4878/4878 4880/4880/4880
f 4881/4881/4881 4882/4882/4882 4883/4883/4883
f 4883/4883/4883 4882/4882/4882 4884/4884/4884
f 4885/4885/4885 4886/4886/4886 4887/4887/4887
f 4887/4887/4887 4886/4886/4886 4888/4888/4888
f 4889/4889/4889 4890/4890/4890 4891/4891/4891
f 4891/4891/4891 4890/4890/4890 4892/4892/4892
f 4893/4893/4893 4894/4894/4894 4895/4895/4895
f 4895/4895/4895 4894/4894/4894 4896/4896/4896
f 4897/4897/4897 4898/4898/4898 4899/4899/4899
f 4899/4899/4899 4898/4898/4898 4900/4900/4900
f 4901/4901/4901 4902/4902/4902 4903/4903/4903
f 4903/4903/4903 4902/4902/4902 4904/4904/4904
f 4905/4905/4905 4906/4906/4906 4907/4907/4907
f 4907/4907/4907 4906/4906/4906 4908/4908/4908
f 4909/4909/4909 4910/4910/4910 4911/4911/4911
f 4911/4911/4911 4910/4910/4910 4912/4912/4912
f 4913/4913/4913 4914/4914/4914 4915/4915/4915
f 4915/4915/4915 4914/4914/4914 4916/4916/4916
f 4917/4917/4917 4918/4918/4918 4919/4919/4919
f 4919/4919/4919 4918/4918/4918 4920/4920/4920
f 4921/4921/4921 4922/4922/4922 4923/4923/4923
f 4923/4923/4923 4922/4922/4922 4924/4924/4924
f 4925/4925/4925 4926/4926/4926 4927/4927/4927
f 4927/4927/4927 4926/4926/4926 4928/4928/4928
f 4929/4929/4929 4930/4930/4930 4931/4931/4931
f 4931/4931/4931 4930/4930/4930 4932/4932/4932
f 4933/4933/4933 4934/4934/4934 4935/4935/4935
f 4935/4935/4935 4934/4934/4934 4936/4936/4936
f 4937/4937/4937 4938/4938/4938 4939/4939/4939
f 4939/4939/4939 4938/4938/4938 4940/4940/4940
f 4941/4941/4941 4942/4942/4942 4943/4943/4943
f 4943/4943/4943 4942/4942/4942 4944/4944/4944
f 4945/4945/4945 4946/4946/4946 4947/4947/4947
f 4947/4947/4947 4946/4946/4946 4948/4948/4948
f 4949/4949/4949 4950/4950/4950 4951/4951/4951
f 4951/4951/4951 4950/4950/4950 4952/4952/4952
f 4953/4953/4953 4954/4954/4954 4955/4955/4955
f 4955/4955/4955 4954/4954/4954 4956/4956/4956
f 4957/4957/4957 4958/4958/4958 4959/4959/4959
f 4959/4959/4959 4958/4958/4958 4960/4960/4960
f 4961/4961/4961 4962/4962/4962 4963/4963/4963
f 4963/4963/4963 4962/4962/4962 4964/4964/4964
f 4965/4965/4965 4966/4966/4966 4967/4967/4967
f 4967/4967/4967 4966/4966/4966 4968/4968/4968
f 4969/4969/4969 4970/4970/4970 4971/4971/4971
f 4971/4971/4971 4970/4970/4970 4972/4972/4972
f 4973/4973/4973 4974/4974/4974 4975/4975/4975
f 4975/4975/4975 4974/4974/4974 4976/4976/4976
f 4977/4977/4977 4978/4978/4978 4979/4979/4979
f 4979/4979/4979 4978/4978/4978 4980/4980/4980
f 4981/4981/4981 4982/4982/4982 4983/4983/4983
f 4983/4983/4983 4982/4982/4982 4984/4984/4984
f 4985/4985/4985 4986/4986/4986 4987/4987/4987
f 4987/4987/4987 4986/4986/4986 4988/4988/4988
f 4989/4989/4989 4990/4990/4990 4991/4991/4991
f 4991/4991/4991 4990/4990/4990 4992/4992/4992
f 4993/4993/4993 4994/4994/4994 4995/4995/4995
f 4995/4995/4995 4994/4994/4994 4996/4996/4996
f 4997/4997/4997 4998/4998/4998 4999/4999/4999
f 4999/4999/4999 4998/4998/4998 5000/5000/5000
f 5001/5001/5001 5002/5002/5002 5003/5003/5003
f 5003/5003/5003 5002/5002/5002 5004/5004/5004
f 5005/5005/5005 5006/5006/5006 5007/5007/5007
f 5007/5007/5007 5006/5006/5006 5008/5008/5008
f 5009/5009/5009 5010/5010/5010 5011/5011/5011
f 5011/5011/5011 5010/5010/5010 5012/5012/5012
f 5013/5013/5013 5014/5014/5014 5015/5015/5015
f 5015/5015/5015 5014/5014/5014 5016/5016/5016
f 5017/5017/5017 5018/5018/5018 5019/5019/5019
f 5019/5019/5019 5018/5018/5018 5020/5020/5020
f 5021/5021/5021 5022/5022/5022 5023/5023/5023
f 5023/5023/5023 5022/5022/5022 5024/5024/5024
f 5025/5025/5025 5026/5026/5026 5027/5027/5027
f 5027/5027/5027 5026/5026/5026 5028/5028/5028
f 5029/5029/5029 5030/5030/5030 5031/5031/5031
f 5031/5031/5031 5030/5030/5030 5032/5032/5032
f 5033/5033/5033 5034/5034/5034 5035/5035/5035
f 5035/5035/5035 5034/5034/5034 5036/5036/5036
f 5037/5037/5037 5038/5038/5038 5039/5039/5039
f 5039/5039/5039 5038/5038/5038 5040/5040/5040
f 5041/5041/5041 5042/5042/5042 5043/5043/5043
f 5043/5043/5043 5042/5042/5042 5044/5044/5044
f 5045/5045/5045 5046/5046/5046 5047/5047/5047
f 5047/5047/5047 5046/5046/5046 5048/5048/5048
f 5049/5049/5049 5050/5050/5050 5051/5051/5051
f 5051/5051/5051 5050/5050/5050 5052/5052/5052
f 5053/5053/5053 5054/5054/5054 5055/5055/5055
f 5055/5055/5055 5054/5054/5054 5056/5056/5056
f 5057/5057/5057 5058/5058/5058 5059/5059/5059
f 5059/5059/5059 5058/5058/5058 5060/5060/5060
f 5061/5061/5061 5062/5062/5062 5063/5063/5063
f 5063/5063/5063 5062/5062/5062 5064/5064/5064
f 5065/5065/5065 5066/5066/5066 5067/5067/5067
f 5067/5067/5067 5066/5066/5066 5068/5068/5068
f 5069/5069/5069 5070/5070/5070 5071/5071/5071
f 5071/5071/5071 5070/5070/5070 5072/5072/5072
f 5073/5073/5073 5074/5074/5074 5075/5075/5075
f 5075/5075/5075 5074/5074/5074 5076/5076/5076
f 5077/5077/5077 5078/5078/5078 5079/5079/5079
f 5079/5079/5079 5078/5078/5078 5080/5080/5080
f 5081/5081/5081 5082/5082/5082 5083/5083/5083
f 5083/5083/5083 5082/5082/5082 5084/5084/5084
f 5085/5085/5085 5086/5086/5086 5087/5087/5087
f 5087/5087/5087 5086/5086/5086 5088/5088/5088
f 5089/5089/5089 5090/5090/5090 5091/5091/5091
f 5091/5091/5091 5090/5090/5090 5092/5092/5092
f 5093/5093/5093 5094/5094/5094 5095/5095/5095
f 5095/5095/5095 5094/5094/5094 5096/5096/5096
f 5097/5097/5097 5098/5098/5098 5099/5099/5099
f 5099/5099/5099 5098/5098/5098 5100/5100/5100
f 5101/5101/5101 5102/5102/5102 5103/5103/5103
f 5103/5103/5103 5102/5102/5102 5104/5104/5104
f 5105/5105/5105 5106/5106/5106 5107/5107/5107
f 5107/5107/5107 5106/5106/5106 5108/5108/5108
f 5109/5109/5109 5110/5110/5110 5111/5111/5111
f 5111/5111/5111 5110/5110/5110 5112/5112/5112
f 5113/5113/5113 5114/5114/5114 5115/5115/5115
f 5115/5115/5115 5114/5114/5114 5116/5116/5116
f 5117/5117/5117 5118/5118/5118 5119/5119/5119
f 5119/5119/5119 5118/5118/5118 5120/5120/5120
f 5121/5121/5121 5122/5122/5122 5123/5123/5123
f 5123/5123/5123 5122/5122/5122 5124/5124/5124
f 5125/5125/5125 5126/5126/5126 5127/5127/5127
f 5127/5127/5127 5126/5126/5126 5128/5128/5128
f 5129/5129/5129 5130/5130/5130 5131/5131/5131
f 5131/5131/5131 5130/5130/5130 5132/5132/5132
f 5133/5133/5133 5134/5134/5134 5135/5135/5135
f 5135/5135/5135 5134/5134/5134 5136/5136/5136
f 5137/5137/5137 5138/5138/5138 5139/5139/5139
f 5139/5139/5139 5138/5138/5138 5140/5140/5140
f 5141/5141/5141 5142/5142/5142 5143/5143/5143
f 5143/5143/5143 5142/5142/5142 5144/5144/5144
f 5145/5145/5145 5146/5146/5146 5147/5147/5147
f 5147/5147/5147 5146/5146/5146 5148/5148/5148
f 5149/5149/5149 5150/5150/5150 5151/5151/5151
f 5151/5151/5151 5150/5150/5150 5152/5152/5152
f 5153/5153/5153 5154/5154/5154 5155/5155/5155
f 5155/5155/5155 5154/5154/5154 5156/5156/5156
f 5157/5157/5157 5158/5158/5158 5159/5159/5159
f 5159/5159/5159 5158/5158/5158 5160/5160/5160
f 5161/5161/5161 5162/5162/5162 5163/5163/5163
f 5163/5163/5163 5162/5162/5162 5164/5164/5164
f 5165/5165/5165 5166/5166/5166 5167/5167/5167
f 5167/5167/5167 5166/5166/5166 5168/5168/5168
f 5169/5169/5169 5170/5170/5170 5171/5171/5171
f 5171/5171/5171 5170/5170/5170 5172/5172/5172
f 5173/5173/5173 5174/5174/5174 5175/5175/5175
f 5175/5175/5175 5174/5174/5174 5176/5176/5176
f 5177/5177/5177 5178/5178/5178 5179/5179/5179
f 5179/5179/5179 5178/5178/5178 5180/5180/5180
f 5181/5181/5181 5182/5182/5182 5183/5183/5183
f 5183/5183/5183 5182/5182/5182 5184/5184/5184
f 5185/5185/5185 5186/5186/5186 5187/5187/5187
f 5187/5187/5187 5186/5186/5186 5188/5188/5188
f 5189/5189/5189 5190/5190/5190 5191/5191/5191
f 5191/5191/5191 5190/5190/5190 5192/5192/5192
f 5193/5193/5193 5194/5194/5194 5195/5195/5195
f 5195/5195/5195 5194/5194/5194 5196/5196/5196
f 5197/5197/5197 5198/5198/5198 5199/5199/5199
f 5199/5199/5199 5198/5198/5198 5200/5200/5200
f 5201/5201/5201 5202/5202/5202 5203/5203/5203
f 5203/5203/5203 5202/5202/5202 5204/5204/5204
f 5205/5205/5205 5206/5206/5206 5207/5207/5207
f 5207/5207/5207 5206/5206/5206 5208/5208/5208
f 5209/5209/5209 5210/5210/5210 5211/5211/5211
f 5211/5211/5211 5210/5210/5210 5212/5212/5212
f 5213/5213/5213 5214/5214/5214 5215/5215/5215
f 5215/5215/5215 5214/5214/5214 5216/5216/5216
f 5217/5217/5217 5218/5218/5218 5219/5219/5219
f 5219/5219/5219 5218/5218/5218 5220/5220/5220
f 5221/5221/5221 5222/5222/5222 5223/5223/5223
f 5223/5223/5223 5222/5222/5222 5224/5224/5224
f 5225/5225/5225 5226/5226/5226 5227/5227/5227
f 5227/5227/5227 5226/5226/5226 5228/5228/5228
f 5229/5229/5229 5230/5230/5230 5231/5231/5231
f 5231/5231/5231 5230/5230/5230 5232/5232/5232
f 5233/5233/5233 5234/5234/5234 5235/5235/5235
f 5235/5235/5235 5234/5234/5234 5236/5236/5236
f 5237/5237/5237 5238/5238/5238 5239/5239/5239
f 5239/5239/5239 5238/5238/5238 5240/5240/5240
f 5241/5241/5241 5242/5242/5242 5243/5243/5243
f 5243/5243/5243 5242/5242/5242 5244/5244/5244
f 5245/5245/5245 5246/5246/5246 5247/5247/5247
f 5247/5247/5247 5246/5246/5246 5248/5248/5248
f 5249/5249/5249 5250/5250/5250 5251/5251/5251
f 5251/5251/5251 5250/5250/5250 5252/5252/5252
f 5253/5253/5253 5254/5254/5254 5255/5255/5255
f 5255/5255/5255 5254/5254/5254 5256/5256/5256
f 5257/5257/5257 5258/5258/5258 5259/5259/5259
f 5259/5259/5259 5258/5258/5258 5260/5260/5260
f 5261/5261/5261 5262/5262/5262 5263/5263/5263
f 5263/5263/5263 5262/5262/5262 5264/5264/5264
f 5265/5265/5265 5266/5266/5266 5267/5267/5267
f 5267/5267/5267 5266/5266/5266 5268/5268/5268
f 5269/5269/5269 5270/5270/5270 5271/5271/5271
f 5271/5271/5271 5270/5270/5270 5272/5272/5272
f 5273/5273/5273 5274/5274/5274 5275/5275/5275
f 5275/5275/5275 5274/5274/5274 5276/5276/5276
f 5277/5277/5277 5278/5278/5278 5279/5279/5279
f 5279/5279/5279 5278/5278/5278 5280/5280/5280
f 5281/5281/5281 5282/5282/5282 5283/5283/5283
f 5283/5283/5283 5282/5282/5282 5284/5284/5284
f 5285/5285/5285 5286/5286/5286 5287/5287/5287
f 5287/5287/5287 5286/5286/5286 5288/5288/5288
f 5289/5289/5289 5290/5290/5290 5291/5291/5291
f 5291/5291/5291 5290/5290/5290 5292/5292/5292
f 5293/5293/5293 5294/5294/5294 5295/5295/5295
f 5295/5295/5295 5294/5294/5294 5296/5296/5296
f 5297/5297/5297 5298/5298/5298 5299/5299/5299
f 5299/5299/5299 5298/5298/5298 5300/5300/5300
f 5301/5301/5301 5302/5302/5302 5303/5303/5303
f 5303/5303/5303 5302/5302/5302 5304/5304/5304
f 5305/5305/5305 5306/5306/5306 5307/5307/5307
f 5307/5307/5307 5306/5306/5306 5308/5308/5308
f 5309/5309/5309 5310/5310/5310 5311/5311/5311
f 5311/5311/5311 5310/5310/5310 5312/5312/5312
f 5313/5313/5313 5314/5314/5314 5315/5315/5315
f 5315/5315/5315 5314/5314/5314 5316/5316/5316
f 5317/5317/5317 5318/5318/5318 5319/5319/5319
f 5319/5319/5319 5318/5318/5318 5320/5320/5320
f 5321/5321/5321 5322/5322/5322 5323/5323/5323
f 5323/5323/5323 5322/5322/5322 5324/5324/5324
f 5325/5325/5325 5326/5326/5326 5327/5327/5327
f 5327/5327/5327 5326/5326/5326 5328/5328/5328
f 5329/5329/5329 5330/5330/5330 5331/5331/5331
f 5331/5331/5331 5330/5330/5330 5332/5332/5332
f 5333/5333/5333 5334/5334/5334 5335/5335/5335
f 5335/5335/5335 5334/5334/5334 5336/5336/5336
f 5337/5337/5337 5338/5338/5338 5339/5339/5339
f 5339/5339/5339 5338/5338/5338 5340/5340/5340
f 5341/5341/5341 5342/5342/5342 5343/5343/5343
f 5343/5343/5343 5342/5342/5342 5344/5344/5344
f 5345/5345/5345 5346/5346/5346 5347/5347/5347
f 5347/5347/5347 5346/5346/5346 5348/5348/5348
f 5349/5349/5349 5350/5350/5350 5351/5351/5351
f 5351/5351/5351 5350/5350/5350 5352/5352/5352
f 5353/5353/5353 5354/5354/5354 5355/5355/5355
f 5355/5355/5355 5354/5354/5354 5356/5356/5356
f 5357/5357/5357 5358/5358/5358 5359/5359/5359
f 5359/5359/5359 5358/5358/5358 5360/5360/5360
f 5361/5361/5361 5362/5362/5362 5363/5363/5363
f 5363/5363/5363 5362/5362/5362 5364/5364/5364
f 5365/5365/5365 5366/5366/5366 5367/5367/5367
f 5367/5367/5367 5366/5366/5366 5368/5368/5368
f 5369/5369/5369 5370/5370/5370 5371/5371/5371
f 5371/5371/5371 5370/5370/5370 5372/5372/5372
f 5373/5373/5373 5374/5374/5374 5375/5375/5375
f 5375/5375/5375 5374/5374/5374 5376/5376/5376
f 5377/5377/5377 5378/5378/5378 5379/5379/5379
f 5379/5379/5379 5378/5378/5378 5380/5380/5380
f 5381/5381/5381 5382/5382/5382 5383/5383/5383
f 5383/5383/5383 5382/5382/5382 5384/5384/5384
f 5385/5385/5385 5386/5386/5386 5387/5387/5387
f 5387/5387/5387 5386/5386/5386 5388/5388/5388
f 5389/5389/5389 5390/5390/5390 5391/5391/5391
f 5391/5391/5391 5390/5390/5390 5392/5392/5392
f 5393/5393/5393 5394/5394/5394 5395/5395/5395
f 5395/5395/5395 5394/5394/5394 5396/5396/5396
f 5397/5397/5397 5398/5398/5398 5399/5399/5399
f 5399/5399/5399 5398/5398/5398 5400/5400/5400
f 5401/5401/5401 5402/5402/5402 5403/5403/5403
f 5403/5403/5403 5402/5402/5402 5404/5404/5404
f 5405/5405/5405 5406/5406/5406 5407/5407/5407
f 5407/5407/5407 5406/5406/5406 5408/5408/5408
f 5409/5409/5409 5410/5410/5410 5411/5411/5411
f 5411/5411/5411 5410/5410/5410 5412/5412/5412
f 5413/5413/5413 5414/5414/5414 5415/5415/5415
f 5415/5415/5415 5414/5414/5414 5416/5416/5416
f 5417/5417/5417 5418/5418/5418 5419/5419/5419
f 5419/5419/5419 5418/5418/5418 5420/5420/5420
f 5421/5421/5421 5422/5422/5422 5423/5423/5423
f 5423/5423/5423 5422/5422/5422 5424/5424/5424
f 5425/5425/5425 5426/5426/5426 5427/5427/5427
f 5427/5427/5427 5426/5426/5426 5428/5428/5428
f 5429/5429/5429 5430/5430/5430 5431/5431/5431
f 5431/5431/5431 5430/5430/5430 5432/5432/5432
f 5433/5433/5433 5434/5434/5434 5435/5435/5435
f 5435/5435/5435 5434/5434/5434 5436/5436/5436
f 5437/5437/5437 5438/5438/5438 5439/5439/5439
f 5439/5439/5439 5438/5438/5438 5440/5440/5440
f 5441/5441/5441 5442/5442/5442 5443/5443/5443
f 5443/5443/5443 5442/5442/5442 5444/5444/5444
f 5445/5445/5445 5446/5446/5446 5447/5447/5447
f 5447/5447/5447 5446/5446/5446 5448/5448/5448
f 5449/5449/5449 5450/5450/5450 5451/5451/5451
f 5451/5451/5451 5450/5450/5450 5452/5452/5452
f 5453/5453/5453 5454/5454/5454 5455/5455/5455
f 5455/5455/5455 5454/5454/5454 5456/5456/5456
f 5457/5457/5457 5458/5458/5458 5459/5459/5459
f 5459/5459/5459 5458/5458/5458 5460/5460/5460
f 5461/5461/5461 5462/5462/5462 5463/5463/5463
f 5463/5463/5463 5462/5462/5462 5464/5464/5464
f 5465/5465/5465 5466/5466/5466 5467/5467/5467
f 5467/5467/5467 5466/5466/5466 5468/5468/5468
f 5469/5469/5469 5470/5470/5470 5471/5471/5471
f 5471/5471/5471 5470/5470/5470 5472/5472/5472
f 5473/5473/5473 5474/5474/5474 5475/5475/5475
f 5475/5475/5475 5474/5474/5474 5476/5476/5476
f 5477/5477/5477 5478/5478/5478 5479/5479/5479
f 5479/5479/5479 5478/5478/5478 5480/5480/5480
f 5481/5481/5481 5482/5482/5482 5483/5483/5483
f 5483/5483/5483 5482/5482/5482 5484/5484/5484
f 5485/5485/5485 5486/5486/5486 5487/5487/5487
f 5487/5487/5487 5486/5486/5486 5488/5488/5488
f 5489/5489/5489 5490/5490/5490 5491/5491/5491
f 5491/5491/5491 5490/5490/5490 5492/5492/5492
f 5493/5493/5493 5494/5494/5494 5495/5495/5495
f 5495/5495/5495 5494/5494/5494 5496/5496/5496
f 5497/5497/5497 5498/5498/5498 5499/5499/5499
f 5499/5499/5499 5498/5498/5498 5500/5500/5500
f 5501/5501/5501 5502/5502/5502 5503/5503/5503
f 5503/5503/5503 5502/5502/5502 5504/5504/5504
f 5505/5505/5505 5506/5506/5506 5507/5507/5507
f 5507/5507/5507 5506/5506/5506 5508/5508/5508
f 5509/5509/5509 5510/5510/5510 5511/5511/5511
f 5511/5511/5511 5510/5510/5510 5512/5512/5512
f 5513/5513/5513 5514/5514/5514 5515/5515/5515
f 5515/5515/5515 5514/5514/5514 5516/5516/5516
f 5517/5517/5517 5518/5518/5518 5519/5519/5519
f 5519/5519/5519 5518/5518/5518 5520/5520/5520
f 5521/5521/5521 5522/5522/5522 5523/5523/5523
f 5523/5523/5523 5522/5522/5522 5524/5524/5524
f 5525/5525/5525 5526/5526/5526 5527/5527/5527
f 5527/5527/5527 5526/5526/5526 5528/5528/5528
f 5529/5529/5529 5530/5530/5530 5531/5531/5531
f 5531/5531/5531 5530/5530/5530 5532/5532/5532
f 5533/5533/5533 5534/5534/5534 5535/5535/5535
f 5535/5535/5535 5534/5534/5534 5536/5536/5536
f 5537/5537/5537 5538/5538/5538 5539/5539/5539
f 5539/5539/5539 5538/5538/5538 5540/5540/5540
f 5541/5541/5541 5542/5542/5542 5543/5543/5543
f 5543/5543/5543 5542/5542/5542 5544/5544/5544
f 5545/5545/5545 5546/5546/5546 5547/5547/5547
f 5547/5547/5547 5546/5546/5546 5548/5548/5548
f 5549/5549/5549 5550/5550/5550 5551/5551/5551
f 5551/5551/5551 5550/5550/5550 5552/5552/5552
f 5553/5553/5553 5554/5554/5554 5555/5555/5555
f 5555/5555/5555 5554/5554/5554 5556/5556/5556
f 5557/5557/5557 5558/5558/5558 5559/5559/5559
f 5559/5559/5559 5558/5558/5558 5560/5560/5560
f 5561/5561/5561 5562/5562/5562 5563/5563/5563
f 5563/5563/5563 5562/5562/5562 5564/5564/5564
f 5565/5565/5565 5566/5566/5566 5567/5567/5567
f 5567/5567/5567 5566/5566/5566 5568/5568/5568
f 5569/5569/5569 5570/5570/5570 5571/5571/5571
f 5571/5571/5571 5570/5570/5570 5572/5572/5572
f 5573/5573/5573 5574/5574/5574 5575/5575/5575
f 5575/5575/5575 5574/5574/5574 5576/5576/5576
f 5577/5577/5577 5578/5578/5578 5579/5579/5579
f 5579/5579/5579 5578/5578/5578 5580/5580/5580
f 5581/5581/5581 5582/5582/5582 5583/5583/5583
f 5583/5583/5583 5582/5582/5582 5584/5584/5584
f 5585/5585/5585 5586/5586/5586 5587/5587/5587
f 5587/5587/5587 5586/5586/5586 5588/5588/5588
f 5589/5589/5589 5590/5590/5590 5591/5591/5591
f 5591/5591/5591 5590/5590/5590 5592/5592/5592
f 5593/5593/5593 5594/5594/5594 5595/5595/5595
f 5595/5595/5595 5594/5594/5594 5596/5596/5596
f 5597/5597/5597 5598/5598/5598 5599/5599/5599
f 5599/5599/5599 5598/5598/5598 5600/5600/5600
f 5601/5601/5601 5602/5602/5602 5603/5603/5603
f 5603/5603/5603 5602/5602/5602 5604/5604/5604
f 5605/5605/5605 5606/5606/5606 5607/5607/5607
f 5607/5607/5607 5606/5606/5606 5608/5608/5608
f 5609/5609/5609 5610/5610/5610 5611/5611/5611
f 5611/5611/5611 5610/5610/5610 5612/5612/5612
f 5613/5613/5613 5614/5614/5614 5615/5615/5615
f 5615/5615/5615 5614/5614/5614 5616/5616/5616
f 5617/5617/5617 5618/5618/5618 5619/5619/5619
f 5619/5619/5619 5618/5618/5618 5620/5620/5620
f 5621/5621/5621 5622/5622/5622 5623/5623/5623
f 5623/5623/5623 5622/5622/5622 5624/5624/5624
f 5625/5625/5625 5626/5626/5626 5627/5627/5627
f 5627/5627/5627 5626/5626/5626 5628/5628/5628
f 5629/5629/5629 5630/5630/5630 5631/5631/5631
f 5631/5631/5631 5630/5630/5630 5632/5632/5632
f 5633/5633/5633 5634/5634/5634 5635/5635/5635
f 5635/5635/5635 5634/5634/5634 5636/5636/5636
f 5637/5637/5637 5638/5638/5638 5639/5639/5639
f 5639/5639/5639 5638/5638/5638 5640/5640/5640
f 5641/5641/5641 5642/5642/5642 5643/5643/5643
f 5643/5643/5643 5642/5642/5642 5644/5644/5644
f 5645/5645/5645 5646/5646/5646 5647/5647/5647
f 5647/5647/5647 5646/5646/5646 5648/5648/5648
f 5649/5649/5649 5650/5650/5650 5651/5651/5651
f 5651/5651/5651 5650/5650/5650 5652/5652/5652
f 5653/5653/5653 5654/5654/5654 5655/5655/5655
f 5655/5655/5655 5654/5654/5654 5656/5656/5656
f 5657/5657/5657 5658/5658/5658 5659/5659/5659
f 5659/5659/5659 5658/5658/5658 5660/5660/5660
f 5661/5661/5661 5662/5662/5662 5663/5663/5663
f 5663/5663/5663 5662/5662/5662 5664/5664/5664
f 5665/5665/5665 5666/5666/5666 5667/5667/5667
f 5667/5667/5667 5666/5666/5666 5668/5668/5668
f 5669/5669/5669 5670/5670/5670 5671/5671/5671
f 5671/5671/5671 5670/5670/5670 5672/5672/5672
f 5673/5673/5673 5674/5674/5674 5675/5675/5675
f 5675/5675/5675 5674/5674/5674 5676/5676/5676
f 5677/5677/5677 5678/5678/5678 5679/5679/5679
f 5679/5679/5679 5678/5678/5678 5680/5680/5680
f 5681/5681/5681 5682/5682/5682 5683/5683/5683
f 5683/5683/5683 5682/5682/5682 5684/5684/5684
f 5685/5685/5685 5686/5686/5686 5687/5687/5687
f 5687/5687/5687 5686/5686/5686 5688/5688/5688
f 5689/5689/5689 5690/5690/5690 5691/5691/5691
f 5691/5691/5691 5690/5690/5690 5692/5692/5692
f 5693/5693/5693 5694/5694/5694 5695/5695/5695
f 5695/5695/5695 5694/5694/5694 5696/5696/5696
f 5697/5697/5697 5698/5698/5698 5699/5699/5699
f 5699/5699/5699 5698/5698/5698 5700/5700/5700
f 5701/5701/5701 5702/5702/5702 5703/5703/5703
f 5703/5703/5703 5702/5702/5702 5704/5704/5704
f 5705/5705/5705 5706/5706/5706 5707/5707/5707
f 5707/5707/5707 5706/5706/5706 5708/5708/5708
f 5709/5709/5709 5710/5710/5710 5711/5711/5711
f 5711/5711/5711 5710/5710/5710 5712/5712/5712
f 5713/5713/5713 5714/5714/5714 5715/5715/5715
f 5715/5715/5715 5714/5714/5714 5716/5716/5716
f 5717/5717/5717 5718/5718/5718 5719/5719/5719
f 5719/5719/5719 5718/5718/5718 5720/5720/5720
f 5721/5721/5721 5722/5722/5722 5723/5723/5723
f 5723/5723/5723 5722/5722/5722 5724/5724/5724
f 5725/5725/5725 5726/5726/5726 5727/5727/5727
f 5727/5727/5727 5726/5726/5726 5728/5728/5728
f 5729/5729/5729 5730/5730/5730 5731/5731/5731
f 5731/5731/5731 5730/5730/5730 5732/5732/5732
f 5733/5733/5733 5734/5734/5734 5735/5735/5735
f 5735/5735/5735 5734/5734/5734 5736/5736/5736
f 5737/5737/5737 5738/5738/5738 5739/5739/5739
f 5739/5739/5739 5738/5738/5738 5740/5740/5740
f 5741/5741/5741 5742/5742/5742 5743/5743/5743
f 5743/5743/5743 5742/5742/5742 5744/5744/5744
f 5745/5745/5745 5746/5746/5746 5747/5747/5747
f 5747/5747/5747 5746/5746/5746 5748/5748/5748
f 5749/5749/5749 5750/5750/5750 5751/5751/5751
f 5751/5751/5751 5750/5750/5750 5752/5752/5752
f 5753/5753/5753 5754/5754/5754 5755/5755/5755
f 5755/5755/5755 5754/5754/5754 5756/5756/5756
f 5757/5757/5757 5758/5758/5758 5759/5759/5759
f 5759/5759/5759 5758/5758/5758 5760/5760/5760
f 5761/5761/5761 5762/5762/5762 5763/5763/5763
f 5763/5763/5763 5762/5762/5762 5764/5764/5764
f 5765/5765/5765 5766/5766/5766 5767/5767/5767
f 5767/5767/5767 5766/5766/5766 5768/5768/5768
f 5769/5769/5769 5770/5770/5770 5771/5771/5771
f 5771/5771/5771 5770/5770/5770 5772/5772/5772
f 5773/5773/5773 5774/5774/5774 5775/5775/5775
f 5775/5775/5775 5774/5774/5774 5776/5776/5776
f 5777/5777/5777 5778/5778/5778 5779/5779/5779
f 5779/5779/5779 5778/5778/5778 5780/5780/5780
f 5781/5781/5781 5782/5782/5782 5783/5783/5783
f 5783/5783/5783 5782/5782/5782 5784/5784/5784
f 5785/5785/5785 5786/5786/5786 5787/5787/5787
f 5787/5787/5787 5786/5786/5786 5788/5788/5788
f 5789/5789/5789 5790/5790/5790 5791/5791/5791
f 5791/5791/5791 5790/5790/5790 5792/5792/5792
f 5793/5793/5793 5794/5794/5794 5795/5795/5795
f 5795/5795/5795 5794/5794/5794 5796/5796/5796
f 5797/5797/5797 5798/5798/5798 5799/5799/5799
f 5799/5799/5799 5798/5798/5798 5800/5800/5800
f 5801/5801/5801 5802/5802/5802 5803/5803/5803
f 5803/5803/5803 5802/5802/5802 5804/5804/5804
f 5805/5805/5805 5806/5806/5806 5807/5807/5807
f 5807/5807/5807 5806/5806/5806 5808/5808/5808
f 5809/5809/5809 5810/5810/5810 5811/5811/5811
f 5811/5811/5811 5810/5810/5810 5812/5812/5812
f 5813/5813/5813 5814/5814/5814 5815/5815/5815
f 5815/5815/5815 5814/5814/5814 5816/5816/5816
f 5817/5817/5817 5818/5818/5818 5819/5819/5819
f 5819/5819/5819 5818/5818/5818 5820/5820/5820
f 5821/5821/5821 5822/5822/5822 5823/5823/5823
f 5823/5823/5823 5822/5822/5822 5824/5824/5824
f 5825/5825/5825 5826/5826/5826 5827/5827/5827
f 5827/5827/5827 5826/5826/5826 5828/5828/5828
f 5829/5829/5829 5830/5830/5830 5831/5831/5831
f 5831/5831/5831 5830/5830/5830 5832/5832/5832
f 5833/5833/5833 5834/5834/5834 5835/5835/5835
f 5835/5835/5835 5834/5834/5834 5836/5836/5836
f 5837/5837/5837 5838/5838/5838 5839/5839/5839
f 5839/5839/5839 5838/5838/5838 5840/5840/5840
f 5841/5841/5841 5842/5842/5842 5843/5843/5843
f 5843/5843/5843 5842/5842/5842 5844/5844/5844
f 5845/5845/5845 5846/5846/5846 5847/5847/5847
f 5847/5847/5847 5846/5846/5846 5848/5848/5848
f 5849/5849/5849 5850/5850/5850 5851/5851/5851
f 5851/5851/5851 5850/5850/5850 5852/5852/5852
f 5853/5853/5853 5854/5854/5854 5855/5855/5855
f 5855/5855/5855 5854/5854/5854 5856/5856/5856
f 5857/5857/5857 5858/5858/5858 5859/5859/5859
f 5859/5859/5859 5858/5858/5858 5860/5860/5860
f 5861/5861/5861 5862/5862/5862 5863/5863/5863
f 5863/5863/5863 5862/5862/5862 5864/5864/5864
f 5865/5865/5865 5866/5866/5866 5867/5867/5867
f 5867/5867/5867 5866/5866/5866 5868/5868/5868
f 5869/5869/5869 5870/5870/5870 5871/5871/5871
f 5871/5871/5871 5870/5870/5870 5872/5872/5872
f 5873/5873/5873 5874/5874/5874 5875/5875/5875
f 5875/5875/5875 5874/5874/5874 5876/5876/5876
f 5877/5877/5877 5878/5878/5878 5879/5879/5879
f 5879/5879/5879 5878/5878/5878 5880/5880/5880
f 5881/5881/5881 5882/5882/5882 5883/5883/5883
f 5883/5883/5883 5882/5882/5882 5884/5884/5884
f 5885/5885/5885 5886/5886/5886 5887/5887/5887
f 5887/5887/5887 5886/5886/5886 5888/5888/5888
f 5889/5889/5889 5890/5890/5890 5891/5891/5891
f 5891/5891/5891 5890/5890/5890 5892/5892/5892
f 5893/5893/5893 5894/5894/5894 5895/5895/5895
f 5895/5895/5895 5894/5894/5894 5896/5896/5896
f 5897/5897/5897 5898/5898/5898 5899/5899/5899
f 5899/5899/5899 5898/5898/5898 5900/5900/5900
f 5901/5901/5901 5902/5902/5902 5903/5903/5903
f 5903/5903/5903 5902/5902/5902 5904/5904/5904
f 5905/5905/5905 5906/5906/5906 5907/5907/5907
f 5907/5907/5907 5906/5906/5906 5908/5908/5908
f 5909/5909/5909 5910/5910/5910 5911/5911/5911
f 5911/5911/5911 5910/5910/5910 5912/5912/5912
f 5913/5913/5913 5914/5914/5914 5915/5915/5915
f 5915/5915/5915 5914/5914/5914 5916/5916/5916
f 5917/5917/5917 5918/5918/5918 5919/5919/5919
f 5919/5919/5919 5918/5918/5918 5920/5920/5920
f 5921/5921/5921 5922/5922/5922 5923/5923/5923
f 5923/5923/5923 5922/5922/5922 5924/5924/5924
f 5925/5925/5925 5926/5926/5926 5927/5927/5927
f 5927/5927/5927 5926/5926/5926 5928/5928/5928
f 5929/5929/5929 5930/5930/5930 5931/5931/5931
f 5931/5931/5931 5930/5930/5930 5932/5932/5932
f 5933/5933/5933 5934/5934/5934 5935/5935/5935
f 5935/5935/5935 5934/5934/5934 5936/5936/5936
f 5937/5937/5937 5938/5938/5938 5939/5939/5939
f 5939/5939/5939 5938/5938/5938 5940/5940/5940
f 5941/5941/5941 5942/5942/5942 5943/5943/5943
f 5943/5943/5943 5942/5942/5942 5944/5944/5944
f 5945/5945/5945 5946/5946/5946 5947/5947/5947
f 5947/5947/5947 5946/5946/5946 5948/5948/5948
f 5949/5949/5949 5950/5950/5950 5951/5951/5951
f 5951/5951/5951 5950/5950/5950 5952/5952/5952
f 5953/5953/5953 5954/5954/5954 5955/5955/5955
f 5955/5955/5955 5954/5954/5954 5956/5956/5956
f 5957/5957/5957 5958/5958/5958 5959/5959/5959
f 5959/5959/5959 5958/5958/5958 5960/5960/5960
f 5961/5961/5961 5962/5962/5962 5963/5963/5963
f 5963/5963/5963 5962/5962/5962 5964/5964/5964
f 5965/5965/5965 5966/5966/5966 5967/5967/5967
f 5967/5967/5967 5966/5966/5966 5968/5968/5968
f 5969/5969/5969 5970/5970/5970 5971/5971/5971
f 5971/5971/5971 5970/5970/5970 5972/5972/5972
f 5973/5973/5973 5974/5974/5974 5975/5975/5975
f 5975/5975/5975 5974/5974/5974 5976/5976/5976
f 5977/5977/5977 5978/5978/5978 5979/5979/5979
f 5979/5979/5979 5978/5978/5978 5980/5980/5980
f 5981/5981/5981 5982/5982/5982 5983/5983/5983
f 5983/5983/5983 5982/5982/5982 5984/5984/5984
f 5985/5985/5985 5986/5986/5986 5987/5987/5987
f 5987/5987/5987 5986/5986/5986 5988/5988/5988
f 5989/5989/5989 5990/5990/5990 5991/5991/5991
f 5991/5991/5991 5990/5990/5990 5992/5992/5992
f 5993/5993/5993 5994/5994/5994 5995/5995/5995
f 5995/5995/5995 5994/5994/5994 5996/5996/5996
f 5997/5997/5997 5998/5998/5998 5999/5999/5999
f 5999/5999/5999 5998/5998/5998 6000/6000/6000
f 6001/6001/6001 6002/6002/6002 6003/6003/6003
f 6003/6003/6003 6002/6002/6002 6004/6004/6004
f 6005/6005/6005 6006/6006/6006 6007/6007/6007
f 6007/6007/6007 6006/6006/6006 6008/6008/6008
f 6009/6009/6009 6010/6010/6010 6011/6011/6011
f 6011/6011/6011 6010/6010/6010 6012/6012/6012
f 6013/6013/6013 6014/6014/6014 6015/6015/6015
f 6015/6015/6015 6014/6014/6014 6016/6016/6016
f 6017/6017/6017 6018/6018/6018 6019/6019/6019
f 6019/6019/6019 6018/6018/6018 6020/6020/6020
f 6021/6021/6021 6022/6022/6022 6023/6023/6023
f 6023/6023/6023 6022/6022/6022 6024/6024/6024
f 6025/6025/6025 6026/6026/6026 6027/6027/6027
f 6027/6027/6027 6026/6026/6026 6028/6028/6028
f 6029/6029/6029 6030/6030/6030 6031/6031/6031
f 6031/6031/6031 6030/6030/6030 6032/6032/6032
f 6033/6033/6033 6034/6034/6034 6035/6035/6035
f 6035/6035/6035 6034/6034/6034 6036/6036/6036
f 6037/6037/6037 6038/6038/6038 6039/6039/6039
f 6039/6039/6039 6038/6038/6038 6040/6040/6040
f 6041/6041/6041 6042/6042/6042 6043/6043/6043
f 6043/6043/6043 6042/6042/6042 6044/6044/6044
f 6045/6045/6045 6046/6046/6046 6047/6047/6047
f 6047/6047/6047 6046/6046/6046 6048/6048/6048
f 6049/6049/6049 6050/6050/6050 6051/6051/6051
f 6051/6051/6051 6050/6050/6050 6052/6052/6052
f 6053/6053/6053 6054/6054/6054 6055/6055/6055
f 6055/6055/6055 6054/6054/6054 6056/6056/6056
f 6057/6057/6057 6058/6058/6058 6059/6059/6059
f 6059/6059/6059 6058/6058/6058 6060/6060/6060
f 6061/6061/6061 6062/6062/6062 6063/6063/6063
f 6063/6063/6063 6062/6062/6062 6064/6064/6064
f 6065/6065/6065 6066/6066/6066 6067/6067/6067
f 6067/6067/6067 6066/6066/6066 6068/6068/6068
f 6069/6069/6069 6070/6070/6070 6071/6071/6071
f 6071/6071/6071 6070/6070/6070 6072/6072/6072
f 6073/6073/6073 6074/6074/6074 6075/6075/6075
f 6075/6075/6075 6074/6074/6074 6076/6076/6076
f 6077/6077/6077 6078/6078/6078 6079/6079/6079
f 6079/6079/6079 6078/6078/6078 6080/6080/6080
f 6081/6081/6081 6082/6082/6082 6083/6083/6083
f 6083/6083/6083 6082/6082/6082 6084/6084/6084
f 6085/6085/6085 6086/6086/6086 6087/6087/6087
f 6087/6087/6087 6086/6086/6086 6088/6088/6088
f 6089/6089/6089 6090/6090/6090 6091/6091/6091
f 6091/6091/6091 6090/6090/6090 6092/6092/6092
f 6093/6093/6093 6094/6094/6094 6095/6095/6095
f 6095/6095/6095 6094/6094/6094 6096/6096/6096
f 6097/6097/6097 6098/6098/6098 6099/6099/6099
f 6099/6099/6099 6098/6098/6098 6100/6100/6100
f 6101/6101/6101 6102/6102/6102 6103/6103/6103
f 6103/6103/6103 6102/6102/6102 6104/6104/6104
f 6105/6105/6105 6106/6106/6106 6107/6107/6107
f 6107/6107/6107 6106/6106/6106 6108/6108/6108
f 6109/6109/6109 6110/6110/6110 6111/6111/6111
f 6111/6111/6111 6110/6110/6110 6112/6112/6112
f 6113/6113/6113 6114/6114/6114 6115/6115/6115
f 6115/6115/6115 6114/6114/6114 6116/6116/6116
f 6117/6117/6117 6118/6118/6118 6119/6119/6119
f 6119/6119/6119 6118/6118/6118 6120/6120/6120
f 6121/6121/6121 6122/6122/6122 6123/6123/6123
f 6123/6123/6123 6122/6122/6122 6124/6124/6124
f 6125/6125/6125 6126/6126/6126 6127/6127/6127
f 6127/6127/6127 6126/6126/6126 6128/6128/6128
f 6129/6129/6129 6130/6130/6130 6131/6131/6131
f 6131/6131/6131 6130/6130/6130 6132/6132/6132
f 6133/6133/6133 6134/6134/6134 6135/6135/6135
f 6135/6135/6135 6134/6134/6134 6136/6136/6136
f 6137/6137/6137 6138/6138/6138 6139/6139/6139
f 6139/6139/6139 6138/6138/6138 6140/6140/6140
f 6141/6141/6141 6142/6142/6142 6143/6143/6143
f 6143/6143/6143 6142/6142/6142 6144/6144/6144
f 6145/6145/6145 6146/6146/6146 6147/6147/6147
f 6147/6147/6147 6146/6146/6146 6148/6148/6148
f 6149/6149/6149 6150/6150/6150 6151/6151/6151
f 6151/6151/6151 6150/6150/6150 6152/6152/6152
f 6153/6153/6153 6154/6154/6154 6155/6155/6155
f 6155/6155/6155 6154/6154/6154 6156/6156/6156
f 6157/6157/6157 6158/6158/6158 6159/6159/6159
f 6159/6159/6159 6158/6158/6158 6160/6160/6160
f 6161/6161/6161 6162/6162/6162 6163/6163/6163
f 6163/6163/6163 6162/6162/6162 6164/6164/6164
f 6165/6165/6165 6166/6166/6166 6167/6167/6167
f 6167/6167/6167 6166/6166/6166 6168/6168/6168
f 6169/6169/6169 6170/6170/6170 6171/6171/6171
f 6171/6171/6171 6170/6170/6170 6172/6172/6172
f 6173/6173/6173 6174/6174/6174 6175/6175/6175
f 6175/6175/6175 6174/6174/6174 6176/6176/6176
f 6177/6177/6177 6178/6178/6178 6179/6179/6179
f 6179/6179/6179 6178/6178/6178 6180/6180/6180
f 6181/6181/6181 6182/6182/6182 6183/6183/6183
f 6183/6183/6183 6182/6182/6182 6184/6184/6184
f 6185/6185/6185 6186/6186/6186 6187/6187/6187
f 6187/6187/6187 6186/6186/6186 6188/6188/6188
f 6189/6189/6189 6190/6190/6190 6191/6191/6191
f 6191/6191/6191 6190/6190/6190 6192/6192/6192
f 6193/6193/6193 6194/6194/6194 6195/6195/6195
f 6195/6195/6195 6194/6194/6194 6196/6196/6196
f 6197/6197/6197 6198/6198/6198 6199/6199/6199
f 6199/6199/6199 6198/6198/6198 6200/6200/6200
f 6201/6201/6201 6202/6202/6202 6203/6203/6203
f 6203/6203/6203 6202/6202/6202 6204/6204/6204
f 6205/6205/6205 6206/6206/6206 6207/6207/6207
f 6207/6207/6207 6206/6206/6206 6208/6208/6208
f 6209/6209/6209 6210/6210/6210 6211/6211/6211
f 6211/6211/6211 6210/6210/6210 6212/6212/6212
f 6213/6213/6213 6214/6214/6214 6215/6215/6215
f 6215/6215/6215 6214/6214/6214 6216/6216/6216
f 6217/6217/6217 6218/6218/6218 6219/6219/6219
f 6219/6219/6219 6218/6218/6218 6220/6220/6220
f 6221/6221/6221 6222/6222/6222 6223/6223/6223
f 6223/6223/6223 6222/6222/6222 6224/6224/6224
f 6225/6225/6225 6226/6226/6226 6227/6227/6227
f 6227/6227/6227 6226/6226/6226 6228/6228/6228
f 6229/6229/6229 6230/6230/6230 6231/6231/6231
f 6231/6231/6231 6230/6230/6230 6232/6232/6232
f 6233/6233/6233 6234/6234/6234 6235/6235/6235
f 6235/6235/6235 6234/6234/6234 6236/6236/6236
f 6237/6237/6237 6238/6238/6238 6239/6239/6239
f 6239/6239/6239 6238/6238/6238 6240/6240/6240
f 6241/6241/6241 6242/6242/6242 6243/6243/6243
f 6243/6243/6243 6242/6242/6242 6244/6244/6244
f 6245/6245/6245 6246/6246/6246 6247/6247/6247
f 6247/6247/6247 6246/6246/6246 6248/6248/6248
f 6249/6249/6249 6250/6250/6250 6251/6251/6251
f 6251/6251/6251 6250/6250/6250 6252/6252/6252
f 6253/6253/6253 6254/6254/6254 6255/6255/6255
f 6255/6255/6255 6254/6254/6254 6256/6256/6256
f 6257/6257/6257 6258/6258/6258 6259/6259/6259
f 6259/6259/6259 6258/6258/6258 6260/6260/6260
f 6261/6261/6261 6262/6262/6262 6263/6263/6263
f 6263/6263/6263 6262/6262/6262 6264/6264/6264
f 6265/6265/6265 6266/6266/6266 6267/6267/6267
f 6267/6267/6267 6266/6266/6266 6268/6268/6268
f 6269/6269/6269 6270/6270/6270 6271/6271/6271
f 6271/6271/6271 6270/6270/6270 6272/6272/6272
f 6273/6273/6273 6274/6274/6274 6275/6275/6275
f 6275/6275/6275 6274/6274/6274 6276/6276/6276
f 6277/6277/6277 6278/6278/6278 6279/6279/6279
f 6279/6279/6279 6278/6278/6278 6280/6280/6280
f 6281/6281/6281 6282/6282/6282 6283/6283/6283
f 6283/6283/6283 6282/6282/6282 6284/6284/6284
f 6285/6285/6285 6286/6286/6286 6287/6287/6287
f 6287/6287/6287 6286/6286/6286 6288/6288/6288
f 6289/6289/6289 6290/6290/6290 6291/6291/6291
f 6291/6291/6291 6290/6290/6290 6292/6292/6292
f 6293/6293/6293 6294/6294/6294 6295/6295/6295
f 6295/6295/6295 6294/6294/6294 6296/6296/6296
f 6297/6297/6297 6298/6298/6298 6299/6299/6299
f 6299/6299/6299 6298/6298/6298 6300/6300/6300
f 6301/6301/6301 6302/6302/6302 6303/6303/6303
f 6303/6303/6303 6302/6302/6302 6304/6304/6304
f 6305/6305/6305 6306/6306/6306 6307/6307/6307
f 6307/6307/6307 6306/6306/6306 6308/6308/6308
f 6309/6309/6309 6310/6310/6310 6311/6311/6311
f 6311/6311/6311 6310/6310/6310 6312/6312/6312
f 6313/6313/6313 6314/6314/6314 6315/6315/6315
f 6315/6315/6315 6314/6314/6314 6316/6316/6316
f 6317/6317/6317 6318/6318/6318 6319/6319/6319
f 6319/6319/6319 6318/6318/6318 6320/6320/6320
f 6321/6321/6321 6322/6322/6322 6323/6323/6323
f 6323/6323/6323 6322/6322/6322 6324/6324/6324
f 6325/6325/6325 6326/6326/6326 6327/6327/6327
f 6327/6327/6327 6326/6326/6326 6328/6328/6328
f 6329/6329/6329 6330/6330/6330 6331/6331/6331
f 6331/6331/6331 6330/6330/6330 6332/6332/6332
f 6333/6333/6333 6334/6334/6334 6335/6335/6335
f 6335/6335/6335 6334/6334/6334 6336/6336/6336
f 6337/6337/6337 6338/6338/6338 6339/6339/6339
f 6339/6339/6339 6338/6338/6338 6340/6340/6340
f 6341/6341/6341 6342/6342/6342 6343/6343/6343
f 6343/6343/6343 6342/6342/6342 6344/6344/6344
f 6345/6345/6345 6346/6346/6346 6347/6347/6347
f 6347/6347/6347 6346/6346/6346 6348/6348/6348
f 6349/6349/6349 6350/6350/6350 6351/6351/6351
f 6351/6351/6351 6350/6350/6350 6352/6352/6352
f 6353/6353/6353 6354/6354/6354 6355/6355/6355
f 6355/6355/6355 6354/6354/6354 6356/6356/6356
f 6357/6357/6357 6358/6358/6358 6359/6359/6359
f 6359/6359/6359 6358/6358/6358 6360/6360/6360
f 6361/6361/6361 6362/6362/6362 6363/6363/6363
f 6363/6363/6363 6362/6362/6362 6364/6364/6364
f 6365/6365/6365 6366/6366/6366 6367/6367/6367
f 6367/6367/6367 6366/6366/6366 6368/6368/6368
f 6369/6369/6369 6370/6370/6370 6371/6371/6371
f 6371/6371/6371 6370/6370/6370 6372/6372/6372
f 6373/6373/6373 6374/6374/6374 6375/6375/6375
f 6375/6375/6375 6374/6374/6374 6376/6376/6376
f 6377/6377/6377 6378/6378/6378 6379/6379/6379
f 6379/6379/6379 6378/6378/6378 6380/6380/6380
f 6381/6381/6381 6382/6382/6382 6383/6383/6383
f 6383/6383/6383 6382/6382/6382 6384/6384/6384
f 6385/6385/6385 6386/6386/6386 6387/6387/6387
f 6387/6387/6387 6386/6386/6386 6388/6388/6388
f 6389/6389/6389 6390/6390/6390 6391/6391/6391
f 6391/6391/6391 6390/6390/6390 6392/6392/6392
f 6393/6393/6393 6394/6394/6394 6395/6395/6395
f 6395/6395/6395 6394/6394/6394 6396/6396/6396
f 6397/6397/6397 6398/6398/6398 6399/6399/6399
f 6399/6399/6399 6398/6398/6398 6400/6400/6400
f 6401/6401/6401 6402/6402/6402 6403/6403/6403
f 6403/6403/6403 6402/6402/6402 6404/6404/6404
f 6405/6405/6405 6406/6406/6406 6407/6407/6407
f 6407/6407/6407 6406/6406/6406 6408/6408/6408
f 6409/6409/6409 6410/6410/6410 6411/6411/6411
f 6411/6411/6411 6410/6410/6410 6412/6412/6412
f 6413/6413/6413 6414/6414/6414 6415/6415/6415
f 6415/6415/6415 6414/6414/6414 6416/6416/6416
f 6417/6417/6417 6418/6418/6418 6419/6419/6419
f 6419/6419/6419 6418/6418/6418 6420/6420/6420
f 6421/6421/6421 6422/6422/6422 6423/6423/6423
f 6423/6423/6423 6422/6422/6422 6424/6424/6424
f 6425/6425/6425 6426/6426/6426 6427/6427/6427
f 6427/6427/6427 6426/6426/6426 6428/6428/6428
f 6429/6429/6429 6430/6430/6430 6431/6431/6431
f 6431/6431/6431 6430/6430/6430 6432/6432/6432
f 6433/6433/6433 6434/6434/6434 6435/6435/6435
f 6435/6435/6435 6434/6434/6434 6436/6436/6436
f 6437/6437/6437 6438/6438/6438 6439/6439/6439
f 6439/6439/6439 6438/6438/6438 6440/6440/6440
f 6441/6441/6441 6442/6442/6442 6443/6443/6443
f 6443/6443/6443 6442/6442/6442 6444/6444/6444
f 6445/6445/6445 6446/6446/6446 6447/6447/6447
f 6447/6447/6447 6446/6446/6446 6448/6448/6448
f 6449/6449/6449 6450/6450/6450 6451/6451/6451
f 6451/6451/6451 6450/6450/6450 6452/6452/6452
f 6453/6453/6453 6454/6454/6454 6455/6455/6455
f 6455/6455/6455 6454/6454/6454 6456/6456/6456
f 6457/6457/6457 6458/6458/6458 6459/6459/6459
f 6459/6459/6459 6458/6458/6458 6460/6460/6460
f 6461/6461/6461 6462/6462/6462 6463/6463/6463
f 6463/6463/6463 6462/6462/6462 6464/6464/6464
f 6465/6465/6465 6466/6466/6466 6467/6467/6467
f 6467/6467/6467 6466/6466/6466 6468/6468/6468
f 6469/6469/6469 6470/6470/6470 6471/6471/6471
f 6471/6471/6471 6470/6470/6470 6472/6472/6472
f 6473/6473/6473 6474/6474/6474 6475/6475/6475
f 6475/6475/6475 6474/6474/6474 6476/6476/6476
f 6477/6477/6477 6478/6478/6478 6479/6479/6479
f 6479/6479/6479 6478/6478/6478 6480/6480/6480
f 6481/6481/6481 6482/6482/6482 6483/6483/6483
f 6483/6483/6483 6482/6482/6482 6484/6484/6484
f 6485/6485/6485 6486/6486/6486 6487/6487/6487
f 6487/6487/6487 6486/6486/6486 6488/6488/6488
f 6489/6489/6489 6490/6490/6490 6491/6491/6491
f 6491/6491/6491 6490/6490/6490 6492/6492/6492
f 6493/6493/6493 6494/6494/6494 6495/6495/6495
f 6495/6495/6495 6494/6494/6494 6496/6496/6496
f 6497/6497/6497 6498/6498/6498 6499/6499/6499
f 6499/6499/6499 6498/6498/6498 6500/6500/6500
f 6501/6501/6501 6502/6502/6502 6503/6503/6503
f 6503/6503/6503 6502/6502/6502 6504/6504/6504
f 6505/6505/6505 6506/6506/6506 6507/6507/6507
f 6507/6507/6507 6506/6506/6506 6508/6508/6508
f 6509/6509/6509 6510/6510/6510 6511/6511/6511
f 6511/6511/6511 6510/6510/6510 6512/6512/6512
f 6513/6513/6513 6514/6514/6514 6515/6515/6515
f 6515/6515/6515 6514/6514/6514 6516/6516/6516
f 6517/6517/6517 6518/6518/6518 6519/6519/6519
f 6519/6519/6519 6518/6518/6518 6520/6520/6520
f 6521/6521/6521 6522/6522/6522 6523/6523/6523
f 6523/6523/6523 6522/6522/6522 6524/6524/6524
f 6525/6525/6525 6526/6526/6526 6527/6527/6527
f 6527/6527/6527 6526/6526/6526 6528/6528/6528
f 6529/6529/6529 6530/6530/6530 6531/6531/6531
f 6531/6531/6531 6530/6530/6530 6532/6532/6532
f 6533/6533/6533 6534/6534/6534 6535/6535/6535
f 6535/6535/6535 6534/6534/6534 6536/6536/6536
f 6537/6537/6537 6538/6538/6538 6539/6539/6539
f 6539/6539/6539 6538/6538/6538 6540/6540/6540
f 6541/6541/6541 6542/6542/6542 6543/6543/6543
f 6543/6543/6543 6542/6542/6542 6544/6544/6544
f 6545/6545/6545 6546/6546/6546 6547/6547/6547
f 6547/6547/6547 6546/6546/6546 6548/6548/6548
f 6549/6549/6549 6550/6550/6550 6551/6551/6551
f 6551/6551/6551 6550/6550/6550 6552/6552/6552
f 6553/6553/6553 6554/6554/6554 6555/6555/6555
f 6555/6555/6555 6554/6554/6554 6556/6556/6556
f 6557/6557/6557 6558/6558/6558 6559/6559/6559
f 6559/6559/6559 6558/6558/6558 6560/6560/6560
f 6561/6561/6561 6562/6562/6562 6563/6563/6563
f 6563/6563/6563 6562/6562/6562 6564/6564/6564
f 6565/6565/6565 6566/6566/6566 6567/6567/6567
f 6567/6567/6567 6566/6566/6566 6568/6568/6568
f 6569/6569/6569 6570/6570/6570 6571/6571/6571
f 6571/6571/6571 6570/6570/6570 6572/6572/6572
f 6573/6573/6573 6574/6574/6574 6575/6575/6575
f 6575/6575/6575 6574/6574/6574 6576/6576/6576
f 6577/6577/6577 6578/6578/6578 6579/6579/6579
f 6579/6579/6579 6578/6578/6578 6580/6580/6580
f 6581/6581/6581 6582/6582/6582 6583/6583/6583
f 6583/6583/6583 6582/6582/6582 6584/6584/6584
f 6585/6585/6585 6586/6586/6586 6587/6587/6587
f 6587/6587/6587 6586/6586/6586 6588/6588/6588
f 6589/6589/6589 6590/6590/6590 6591/6591/6591
f 6591/6591/6591 6590/6590/6590 6592/6592/6592
f 6593/6593/6593 6594/6594/6594 6595/6595/6595
f 6595/6595/6595 6594/6594/6594 6596/6596/6596
f 6597/6597/6597 6598/6598/6598 6599/6599/6599
f 6599/6599/6599 6598/6598/6598 6600/6600/6600
f 6601/6601/6601 6602/6602/6602 6603/6603/6603
f 6603/6603/6603 6602/6602/6602 6604/6604/6604
f 6605/6605/6605 6606/6606/6606 6607/6607/6607
f 6607/6607/6607 6606/6606/6606 6608/6608/6608
f 6609/6609/6609 6610/6610/6610 6611/6611/6611
f 6611/6611/6611 6610/6610/6610 6612/6612/6612
f 6613/6613/6613 6614/6614/6614 6615/6615/6615
f 6615/6615/6615 6614/6614/6614 6616/6616/6616
f 6617/6617/6617 6618/6618/6618 6619/6619/6619
f 6619/6619/6619 6618/6618/6618 6620/6620/6620
f 6621/6621/6621 6622/6622/6622 6623/6623/6623
f 6623/6623/6623 6622/6622/6622 6624/6624/6624
f 6625/6625/6625 6626/6626/6626 6627/6627/6627
f 6627/6627/6627 6626/6626/6626 6628/6628/6628
f 6629/6629/6629 6630/6630/6630 6631/6631/6631
f 6631/6631/6631 6630/6630/6630 6632/6632/6632
f 6633/6633/6633 6634/6634/6634 6635/6635/6635
f 6635/6635/6635 6634/6634/6634 6636/6636/6636
f 6637/6637/6637 6638/6638/6638 6639/6639/6639
f 6639/6639/6639 6638/6638/6638 6640/6640/6640
f 6641/6641/6641 6642/6642/6642 6643/6643/6643
f 6643/6643/6643 6642/6642/6642 6644/6644/6644
f 6645/6645/6645 6646/6646/6646 6647/6647/6647
f 6647/6647/6647 6646/6646/6646 6648/6648/6648
f 6649/6649/6649 6650/6650/6650 6651/6651/6651
f 6651/6651/6651 6650/6650/6650 6652/6652/6652
f 6653/6653/6653 6654/6654/6654 6655/6655/6655
f 6655/6655/6655 6654/6654/6654 6656/6656/6656
f 6657/6657/6657 6658/6658/6658 6659/6659/6659
f 6659/6659/6659 6658/6658/6658 6660/6660/6660
f 6661/6661/6661 6662/6662/6662 6663/6663/6663
f 6663/6663/6663 6662/6662/6662 6664/6664/6664
f 6665/6665/6665 6666/6666/6666 6667/6667/6667
f 6667/6667/6667 6666/6666/6666 6668/6668/6668
f 6669/6669/6669 6670/6670/6670 6671/6671/6671
f 6671/6671/6671 6670/6670/6670 6672/6672/6672
f 6673/6673/6673 6674/6674/6674 6675/6675/6675
f 6675/6675/6675 6674/6674/6674 6676/6676/6676
f 6677/6677/6677 6678/6678/6678 6679/6679/6679
f 6679/6679/6679 6678/6678/6678 6680/6680/6680
f 6681/6681/6681 6682/6682/6682 6683/6683/6683
f 6683/6683/6683 6682/6682/6682 6684/6684/6684
f 6685/6685/6685 6686/6686/6686 6687/6687/6687
f 6687/6687/6687 6686/6686/6686 6688/6688/6688
f 6689/6689/6689 6690/6690/6690 6691/6691/6691
f 6691/6691/6691 6690/6690/6690 6692/6692/6692
f 6693/6693/6693 6694/6694/6694 6695/6695/6695
f 6695/6695/6695 6694/6694/6694 6696/6696/6696
f 6697/6697/6697 6698/6698/6698 6699/6699/6699
f 6699/6699/6699 6698/6698/6698 6700/6700/6700
f 6701/6701/6701 6702/6702/6702 6703/6703/6703
f 6703/6703/6703 6702/6702/6702 6704/6704/6704
f 6705/6705/6705 6706/6706/6706 6707/6707/6707
f 6707/6707/6707 6706/6706/6706 6708/6708/6708
f 6709/6709/6709 6710/6710/6710 6711/6711/6711
f 6711/6711/6711 6710/6710/6710 6712/6712/6712
f 6713/6713/6713 6714/6714/6714 6715/6715/6715
f 6715/6715/6715 6714/6714/6714 6716/6716/6716
f 6717/6717/6717 6718/6718/6718 6719/6719/6719
f 6719/6719/6719 6718/6718/6718 6720/6720/6720
f 6721/6721/6721 6722/6722/6722 6723/6723/6723
f 6723/6723/6723 6722/6722/6722 6724/6724/6724
f 6725/6725/6725 6726/6726/6726 6727/6727/6727
f 6727/6727/6727 6726/6726/6726 6728/6728/6728
f 6729/6729/6729 6730/6730/6730 6731/6731/6731
f 6731/6731/6731 6730/6730/6730 6732/6732/6732
f 6733/6733/6733 6734/6734/6734 6735/6735/6735
f 6735/6735/6735 6734/6734/6734 6736/6736/6736
f 6737/6737/6737 6738/6738/6738 6739/6739/6739
f 6739/6739/6739 6738/6738/6738 6740/6740/6740
f 6741/6741/6741 6742/6742/6742 6743/6743/6743
f 6743/6743/6743 6742/6742/6742 6744/6744/6744
f 6745/6745/6745 6746/6746/6746 6747/6747/6747
f 6747/6747/6747 6746/6746/6746 6748/6748/6748
f 6749/6749/6749 6750/6750/6750 6751/6751/6751
f 6751/6751/6751 6750/6750/6750 6752/6752/6752
f 6753/6753/6753 6754/6754/6754 6755/6755/6755
f 6755/6755/6755 6754/6754/6754 6756/6756/6756
f 6757/6757/6757 6758/6758/6758 6759/6759/6759
f 6759/6759/6759 6758/6758/6758 6760/6760/6760
f 6761/6761/6761 6762/6762/6762 6763/6763/6763
f 6763/6763/6763 6762/6762/6762 6764/6764/6764
f 6765/6765/6765 6766/6766/6766 6767/6767/6767
f 6767/6767/6767 6766/6766/6766 6768/6768/6768
f 6769/6769/6769 6770/6770/6770 6771/6771/6771
f 6771/6771/6771 6770/6770/6770 6772/6772/6772
f 6773/6773/6773 6774/6774/6774 6775/6775/6775
f 6775/6775/6775 6774/6774/6774 6776/6776/6776
f 6777/6777/6777 6778/6778/6778 6779/6779/6779
f 6779/6779/6779 6778/6778/6778 6780/6780/6780
f 6781/6781/6781 6782/6782/6782 6783/6783/6783
f 6783/6783/6783 6782/6782/6782 6784/6784/6784
f 6785/6785/6785 6786/6786/6786 6787/6787/6787
f 6787/6787/6787 6786/6786/6786 6788/6788/6788
f 6789/6789/6789 6790/6790/6790 6791/6791/6791
f 6791/6791/6791 6790/6790/6790 6792/6792/6792
f 6793/6793/6793 6794/6794/6794 6795/6795/6795
f 6795/6795/6795 6794/6794/6794 6796/6796/6796
f 6797/6797/6797 6798/6798/6798 6799/6799/6799
f 6799/6799/6799 6798/6798/6798 6800/6800/6800
f 6801/6801/6801 6802/6802/6802 6803/6803/6803
f 6803/6803/6803 6802/6802/6802 6804/6804/6804
f 6805/6805/6805 6806/6806/6806 6807/6807/6807
f 6807/6807/6807 6806/6806/6806 6808/6808/6808
f 6809/6809/6809 6810/6810/6810 6811/6811/6811
f 6811/6811/6811 6810/6810/6810 6812/6812/6812
f 6813/6813/6813 6814/6814/6814 6815/6815/6815
f 6815/6815/6815 6814/6814/6814 6816/6816/6816
f 6817/6817/6817 6818/6818/6818 6819/6819/6819
f 6819/6819/6819 6818/6818/6818 6820/6820/6820
f 6821/6821/6821 6822/6822/6822 6823/6823/6823
f 6823/6823/6823 6822/6822/6822 6824/6824/6824
f 6825/6825/6825 6826/6826/6826 6827/6827/6827
f 6827/6827/6827 6826/6826/6826 6828/6828/6828
f 6829/6829/6829 6830/6830/6830 6831/6831/6831
f 6831/6831/6831 6830/6830/6830 6832/6832/6832
f 6833/6833/6833 6834/6834/6834 6835/6835/6835
f 6835/6835/6835 6834/6834/6834 6836/6836/6836
f 6837/6837/6837 6838/6838/6838 6839/6839/6839
f 6839/6839/6839 6838/6838/6838 6840/6840/6840
f 6841/6841/6841 6842/6842/6842 6843/6843/6843
f 6843/6843/6843 6842/6842/6842 6844/6844/6844
f 6845/6845/6845 6846/6846/6846 6847/6847/6847
f 6847/6847/6847 6846/6846/6846 6848/6848/6848
f 6849/6849/6849 6850/6850/6850 6851/6851/6851
f 6851/6851/6851 6850/6850/6850 6852/6852/6852
f 6853/6853/6853 6854/6854/6854 6855/6855/6855
f 6855/6855/6855 6854/6854/6854 6856/6856/6856
f 6857/6857/6857 6858/6858/6858 6859/6859/6859
f 6859/6859/6859 6858/6858/6858 6860/6860/6860
f 6861/6861/6861 6862/6862/6862 6863/6863/6863
f 6863/6863/6863 6862/6862/6862 6864/6864/6864
f 6865/6865/6865 6866/6866/6866 6867/6867/6867
f 6867/6867/6867 6866/6866/6866 6868/6868/6868
f 6869/6869/6869 6870/6870/6870 6871/6871/6871
f 6871/6871/6871 6870/6870/6870 6872/6872/6872
f 6873/6873/6873 6874/6874/6874 6875/6875/6875
f 6875/6875/6875 6874/6874/6874 6876/6876/6876
f 6877/6877/6877 6878/6878/6878 6879/6879/6879
f 6879/6879/6879 6878/6878/6878 6880/6880/6880
f 6881/6881/6881 6882/6882/6882 6883/6883/6883
f 6883/6883/6883 6882/6882/6882 6884/6884/6884
f 6885/6885/6885 6886/6886/6886 6887/6887/6887
f 6887/6887/6887 6886/6886/6886 6888/6888/6888
f 6889/6889/6889 6890/6890/6890 6891/6891/6891
f 6891/6891/6891 6890/6890/6890 6892/6892/6892
f 6893/6893/6893 6894/6894/6894 6895/6895/6895
f 6895/6895/6895 6894/6894/6894 6896/6896/6896
f 6897/6897/6897 6898/6898/6898 6899/6899/6899
f 6899/6899/6899 6898/6898/6898 6900/6900/6900
f 6901/6901/6901 6902/6902/6902 6903/6903/6903
f 6903/6903/6903 6902/6902/6902 6904/6904/6904
f 6905/6905/6905 6906/6906/6906 6907/6907/6907
f 6907/6907/6907 6906/6906/6906 6908/6908/6908
f 6909/6909/6909 6910/6910/6910 6911/6911/6911
f 6911/6911/6911 6910/6910/6910 6912/6912/6912
f 6913/6913/6913 6914/6914/6914 6915/6915/6915
f 6915/6915/6915 6914/6914/6914 6916/6916/6916
f 6917/6917/6917 6918/6918/6918 6919/6919/6919
f 6919/6919/6919 6918/6918/6918 6920/6920/6920
f 6921/6921/6921 6922/6922/6922 6923/6923/6923
f 6923/6923/6923 6922/6922/6922 6924/6924/6924
f 6925/6925/6925 6926/6926/6926 6927/6927/6927
f 6927/6927/6927 6926/6926/6926 6928/6928/6928
f 6929/6929/6929 6930/6930/6930 6931/6931/6931
f 6931/6931/6931 6930/6930/6930 6932/6932/6932
f 6933/6933/6933 6934/6934/6934 6935/6935/6935
f 6935/6935/6935 6934/6934/6934 6936/6936/6936
f 6937/6937/6937 6938/6938/6938 6939/6939/6939
f 6939/6939/6939 6938/6938/6938 6940/6940/6940
f 6941/6941/6941 6942/6942/6942 6943/6943/6943
f 6943/6943/6943 6942/6942/6942 6944/6944/6944
f 6945/6945/6945 6946/6946/6946 6947/6947/6947
f 6947/6947/6947 6946/6946/6946 6948/6948/6948
f 6949/6949/6949 6950/6950/6950 6951/6951/6951
f 6951/6951/6951 6950/6950/6950 6952/6952/6952
f 6953/6953/6953 6954/6954/6954 6955/6955/6955
f 6955/6955/6955 6954/6954/6954 6956/6956/6956
f 6957/6957/6957 6958/6958/6958 6959/6959/6959
f 6959/6959/6959 6958/6958/6958 6960/6960/6960
f 6961/6961/6961 6962/6962/6962 6963/6963/6963
f 6963/6963/6963 6962/6962/6962 6964/6964/6964
f 6965/6965/6965 6966/6966/6966 6967/6967/6967
f 6967/6967/6967 6966/6966/6966 6968/6968/6968
f 6969/6969/6969 6970/6970/6970 6971/6971/6971
f 6971/6971/6971 6970/6970/6970 6972/6972/6972
f 6973/6973/6973 6974/6974/6974 6975/6975/6975
f 6975/6975/6975 6974/6974/6974 6976/6976/6976
f 6977/6977/6977 6978/6978/6978 6979/6979/6979
f 6979/6979/6979 6978/6978/6978 6980/6980/6980
f 6981/6981/6981 6982/6982/6982 6983/6983/6983
f 6983/6983/6983 6982/6982/6982 6984/6984/6984
f 6985/6985/6985 6986/6986/6986 6987/6987/6987
f 6987/6987/6987 6986/6986/6986 6988/6988/6988
f 6989/6989/6989 6990/6990/6990 6991/6991/6991
f 6991/6991/6991 6990/6990/6990 6992/6992/6992
f 6993/6993/6993 6994/6994/6994 6995/6995/6995
f 6995/6995/6995 6994/6994/6994 6996/6996/6996
f 6997/6997/6997 6998/6998/6998 6999/6999/6999
f 6999/6999/6999 6998/6998/6998 7000/7000/7000
f 7001/7001/7001 7002/7002/7002 7003/7003/7003
f 7003/7003/7003 7002/7002/7002 7004/7004/7004
f 7005/7005/7005 7006/7006/7006 7007/7007/7007
f 7007/7007/7007 7006/7006/7006 7008/7008/7008
f 7009/7009/7009 7010/7010/7010 7011/7011/7011
f 7011/7011/7011 7010/7010/7010 7012/7012/7012
f 7013/7013/7013 7014/7014/7014 7015/7015/7015
f 7015/7015/7015 7014/7014/7014 7016/7016/7016
f 7017/7017/7017 7018/7018/7018 7019/7019/7019
f 7019/7019/7019 7018/7018/7018 7020/7020/7020
f 7021/7021/7021 7022/7022/7022 7023/7023/7023
f 7023/7023/7023 7022/7022/7022 7024/7024/7024
f 7025/7025/7025 7026/7026/7026 7027/7027/7027
f 7027/7027/7027 7026/7026/7026 7028/7028/7028
f 7029/7029/7029 7030/7030/7030 7031/7031/7031
f 7031/7031/7031 7030/7030/7030 7032/7032/7032
f 7033/7033/7033 7034/7034/7034 7035/7035/7035
f 7035/7035/7035 7034/7034/7034 7036/7036/7036
f 7037/7037/7037 7038/7038/7038 7039/7039/7039
f 7039/7039/7039 7038/7038/7038 7040/7040/7040
f 7041/7041/7041 7042/7042/7042 7043/7043/7043
f 7043/7043/7043 7042/7042/7042 7044/7044/7044
f 7045/7045/7045 7046/7046/7046 7047/7047/7047
f 7047/7047/7047 7046/7046/7046 7048/7048/7048
f 7049/7049/7049 7050/7050/7050 7051/7051/7051
f 7051/7051/7051 7050/7050/7050 7052/7052/7052
f 7053/7053/7053 7054/7054/7054 7055/7055/7055
f 7055/7055/7055 7054/7054/7054 7056/7056/7056
f 7057/7057/7057 7058/7058/7058 7059/7059/7059
f 7059/7059/7059 7058/7058/7058 7060/7060/7060
f 7061/7061/7061 7062/7062/7062 7063/7063/7063
f 7063/7063/7063 7062/7062/7062 7064/7064/7064
f 7065/7065/7065 7066/7066/7066 7067/7067/7067
f 7067/7067/7067 7066/7066/7066 7068/7068/7068
f 7069/7069/7069 7070/7070/7070 7071/7071/7071
f 7071/7071/7071 7070/7070/7070 7072/7072/7072
f 7073/7073/7073 7074/7074/7074 7075/7075/7075
f 7075/7075/7075 7074/7074/7074 7076/7076/7076
f 7077/7077/7077 7078/7078/7078 7079/7079/7079
f 7079/7079/7079 7078/7078/7078 7080/7080/7080
f 7081/7081/7081 7082/7082/7082 7083/7083/7083
f 7083/7083/7083 7082/7082/7082 7084/7084/7084
f 7085/7085/7085 7086/7086/7086 7087/7087/7087
f 7087/7087/7087 7086/7086/7086 7088/7088/7088
f 7089/7089/7089 7090/7090/7090 7091/7091/7091
f 7091/7091/7091 7090/7090/7090 7092/7092/7092
f 7093/7093/7093 7094/7094/7094 7095/7095/7095
f 7095/7095/7095 7094/7094/7094 7096/7096/7096
f 7097/7097/7097 7098/7098/7098 7099/7099/7099
f 7099/7099/7099 7098/7098/7098 7100/7100/7100
f 7101/7101/7101 7102/7102/7102 7103/7103/7103
f 7103/7103/7103 7102/7102/7102 7104/7104/7104
f 7105/7105/7105 7106/7106/7106 7107/7107/7107
f 7107/7107/7107 7106/7106/7106 7108/7108/7108
f 7109/7109/7109 7110/7110/7110 7111/7111/7111
f 7111/7111/7111 7110/7110/7110 7112/7112/7112
f 7113/7113/7113 7114/7114/7114 7115/7115/7115
f 7115/7115/7115 7114/7114/7114 7116/7116/7116
f 7117/7117/7117 7118/7118/7118 7119/7119/7119
f 7119/7119/7119 7118/7118/7118 7120/7120/7120
f 7121/7121/7121 7122/7122/7122 7123/7123/7123
f 7123/7123/7123 7122/7122/7122 7124/7124/7124
f 7125/7125/7125 7126/7126/7126 7127/7127/7127
f 7127/7127/7127 7126/7126/7126 7128/7128/7128
f 7129/7129/7129 7130/7130/7130 7131/7131/7131
f 7131/7131/7131 7130/7130/7130 7132/7132/7132
f 7133/7133/7133 7134/7134/7134 7135/7135/7135
f 7135/7135/7135 7134/7134/7134 7136/7136/7136
f 7137/7137/7137 7138/7138/7138 7139/7139/7139
f 7139/7139/7139 7138/7138/7138 7140/7140/7140
f 7141/7141/7141 7142/7142/7142 7143/7143/7143
f 7143/7143/7143 7142/7142/7142 7144/7144/7144
f 7145/7145/7145 7146/7146/7146 7147/7147/7147
f 7147/7147/7147 7146/7146/7146 7148/7148/7148
f 7149/7149/7149 7150/7150/7150 7151/7151/7151
f 7151/7151/7151 7150/7150/7150 7152/7152/7152
f 7153/7153/7153 7154/7154/7154 7155/7155/7155
f 7155/7155/7155 7154/7154/7154 7156/7156/7156
f 7157/7157/7157 7158/7158/7158 7159/7159/7159
f 7159/7159/7159 7158/7158/7158 7160/7160/7160
f 7161/7161/7161 7162/7162/7162 7163/7163/7163
f 7163/7163/7163 7162/7162/7162 7164/7164/7164
f 7165/7165/7165 7166/7166/7166 7167/7167/7167
f 7167/7167/7167 7166/7166/7166 7168/7168/7168
f 7169/7169/7169 7170/7170/7170 7171/7171/7171
f 7171/7171/7171 7170/7170/7170 7172/7172/7172
f 7173/7173/7173 7174/7174/7174 7175/7175/7175
f 7175/7175/7175 7174/7174/7174 7176/7176/7176
f 7177/7177/7177 7178/7178/7178 7179/7179/7179
f 7179/7179/7179 7178/7178/7178 7180/7180/7180
f 7181/7181/7181 7182/7182/7182 7183/7183/7183
f 7183/7183/7183 7182/7182/7182 7184/7184/7184
f 7185/7185/7185 7186/7186/7186 7187/7187/7187
f 7187/7187/7187 7186/7186/7186 7188/7188/7188
f 7189/7189/7189 7190/7190/7190 7191/7191/7191
f 7191/7191/7191 7190/7190/7190 7192/7192/7192
f 7193/7193/7193 7194/7194/7194 7195/7195/7195
f 7195/7195/7195 7194/7194/7194 7196/7196/7196
f 7197/7197/7197 7198/7198/7198 7199/7199/7199
f 7199/7199/7199 7198/7198/7198 7200/7200/7200
f 7201/7201/7201 7202/7202/7202 7203/7203/7203
f 7203/7203/7203 7202/7202/7202 7204/7204/7204
f 7205/7205/7205 7206/7206/7206 7207/7207/7207
f 7207/7207/7207 7206/7206/7206 7208/7208/7208
f 7209/7209/7209 7210/7210/7210 7211/7211/7211
f 7211/7211/7211 7210/7210/7210 7212/7212/7212
f 7213/7213/7213 7214/7214/7214 7215/7215/7215
f 7215/7215/7215 7214/7214/7214 7216/7216/7216
f 7217/7217/7217 7218/7218/7218 7219/7219/7219
f 7219/7219/7219 7218/7218/7218 7220/7220/7220
f 7221/7221/7221 7222/7222/7222 7223/7223/7223
f 7223/7223/7223 7222/7222/7222 7224/7224/7224
f 7225/7225/7225 7226/7226/7226 7227/7227/7227
f 7227/7227/7227 7226/7226/7226 7228/7228/7228
f 7229/7229/7229 7230/7230/7230 7231/7231/7231
f 7231/7231/7231 7230/7230/7230 7232/7232/7232
f 7233/7233/7233 7234/7234/7234 7235/7235/7235
f 7235/7235/7235 7234/7234/7234 7236/7236/7236
f 7237/7237/7237 7238/7238/7238 7239/7239/7239
f 7239/7239/7239 7238/7238/7238 7240/7240/7240
f 7241/7241/7241 7242/7242/7242 7243/7243/7243
f 7243/7243/7243 7242/7242/7242 7244/7244/7244
f 7245/7245/7245 7246/7246/7246 7247/7247/7247
f 7247/7247/7247 7246/7246/7246 7248/7248/7248
f 7249/7249/7249 7250/7250/7250 7251/7251/7251
f 7251/7251/7251 7250/7250/7250 7252/7252/7252
f 7253/7253/7253 7254/7254/7254 7255/7255/7255
f 7255/7255/7255 7254/7254/7254 7256/7256/7256
f 7257/7257/7257 7258/7258/7258 7259/7259/7259
f 7259/7259/7259 7258/7258/7258 7260/7260/7260
f 7261/7261/7261 7262/7262/7262 7263/7263/7263
f 7263/7263/7263 7262/7262/7262 7264/7264/7264
f 7265/7265/7265 7266/7266/7266 7267/7267/7267
f 7267/7267/7267 7266/7266/7266 7268/7268/7268
f 7269/7269/7269 7270/7270/7270 7271/7271/7271
f 7271/7271/7271 7270/7270/7270 7272/7272/7272
f 7273/7273/7273 7274/7274/7274 7275/7275/7275
f 7275/7275/7275 7274/7274/7274 7276/7276/7276
f 7277/7277/7277 7278/7278/7278 7279/7279/7279
f 7279/7279/7279 7278/7278/7278 7280/7280/7280
f 7281/7281/7281 7282/7282/7282 7283/7283/7283
f 7283/7283/7283 7282/7282/7282 7284/7284/7284
f 7285/7285/7285 7286/7286/7286 7287/7287/7287
f 7287/7287/7287 7286/7286/7286 7288/7288/7288
f 7289/7289/7289 7290/7290/7290 7291/7291/7291
f 7291/7291/7291 7290/7290/7290 7292/7292/7292
f 7293/7293/7293 7294/7294/7294 7295/7295/7295
f 7295/7295/7295 7294/7294/7294 7296/7296/7296
f 7297/7297/7297 7298/7298/7298 7299/7299/7299
f 7299/7299/7299 7298/7298/7298 7300/7300/7300
f 7301/7301/7301 7302/7302/7302 7303/7303/7303
f 7303/7303/7303 7302/7302/7302 7304/7304/7304
f 7305/7305/7305 7306/7306/7306 7307/7307/7307
f 7307/7307/7307 7306/7306/7306 7308/7308/7308
f 7309/7309/7309 7310/7310/7310 7311/7311/7311
f 7311/7311/7311 7310/7310/7310 7312/7312/7312
f 7313/7313/7313 7314/7314/7314 7315/7315/7315
f 7315/7315/7315 7314/7314/7314 7316/7316/7316
f 7317/7317/7317 7318/7318/7318 7319/7319/7319
f 7319/7319/7319 7318/7318/7318 7320/7320/7320
f 7321/7321/7321 7322/7322/7322 7323/7323/7323
f 7323/7323/7323 7322/7322/7322 7324/7324/7324
f 7325/7325/7325 7326/7326/7326 7327/7327/7327
f 7327/7327/7327 7326/7326/7326 7328/7328/7328
f 7329/7329/7329 7330/7330/7330 7331/7331/7331
f 7331/7331/7331 7330/7330/7330 7332/7332/7332
f 7333/7333/7333 7334/7334/7334 7335/7335/7335
f 7335/7335/7335 7334/7334/7334 7336/7336/7336
f 7337/7337/7337 7338/7338/7338 7339/7339/7339
f 7339/7339/7339 7338/7338/7338 7340/7340/7340
f 7341/7341/7341 7342/7342/7342 7343/7343/7343
f 7343/7343/7343 7342/7342/7342 7344/7344/7344
f 7345/7345/7345 7346/7346/7346 7347/7347/7347
f 7347/7347/7347 7346/7346/7346 7348/7348/7348
f 7349/7349/7349 7350/7350/7350 7351/7351/7351
f 7351/7351/7351 7350/7350/7350 7352/7352/7352
f 7353/7353/7353 7354/7354/7354 7355/7355/7355
f 7355/7355/7355 7354/7354/7354 7356/7356/7356
f 7357/7357/7357 7358/7358/7358 7359/7359/7359
f 7359/7359/7359 7358/7358/7358 7360/7360/7360
f 7361/7361/7361 7362/7362/7362 7363/7363/7363
f 7363/7363/7363 7362/7362/7362 7364/7364/7364
f 7365/7365/7365 7366/7366/7366 7367/7367/7367
f 7367/7367/7367 7366/7366/7366 7368/7368/7368
f 7369/7369/7369 7370/7370/7370 7371/7371/7371
f 7371/7371/7371 7370/7370/7370 7372/7372/7372
f 7373/7373/7373 7374/7374/7374 7375/7375/7375
f 7375/7375/7375 7374/7374/7374 7376/7376/7376
f 7377/7377/7377 7378/7378/7378 7379/7379/7379
f 7379/7379/7379 7378/7378/7378 7380/7380/7380
f 7381/7381/7381 7382/7382/7382 7383/7383/7383
f 7383/7383/7383 7382/7382/7382 7384/7384/7384
f 7385/7385/7385 7386/7386/7386 7387/7387/7387
f 7387/7387/7387 7386/7386/7386 7388/7388/7388
f 7389/7389/7389 7390/7390/7390 7391/7391/7391
f 7391/7391/7391 7390/7390/7390 7392/7392/7392
f 7393/7393/7393 7394/7394/7394 7395/7395/7395
f 7395/7395/7395 7394/7394/7394 7396/7396/7396
f 7397/7397/7397 7398/7398/7398 7399/7399/7399
f 7399/7399/7399 7398/7398/7398 7400/7400/7400
f 7401/7401/7401 7402/7402/7402 7403/7403/7403
f 7403/7403/7403 7402/7402/7402 7404/7404/7404
f 7405/7405/7405 7406/7406/7406 7407/7407/7407
f 7407/7407/7407 7406/7406/7406 7408/7408/7408
f 7409/7409/7409 7410/7410/7410 7411/7411/7411
f 7411/7411/7411 7410/7410/7410 7412/7412/7412
f 7413/7413/7413 7414/7414/7414 7415/7415/7415
f 7415/7415/7415 7414/7414/7414 7416/7416/7416
f 7417/7417/7417 7418/7418/7418 7419/7419/7419
f 7419/7419/7419 7418/7418/7418 7420/7420/7420
f 7421/7421/7421 7422/7422/7422 7423/7423/7423
f 7423/7423/7423 7422/7422/7422 7424/7424/7424
f 7425/7425/7425 7426/7426/7426 7427/7427/7427
f 7427/7427/7427 7426/7426/7426 7428/7428/7428
f 7429/7429/7429 7430/7430/7430 7431/7431/7431
f 7431/7431/7431 7430/7430/7430 7432/7432/7432
f 7433/7433/7433 7434/7434/7434 7435/7435/7435
f 7435/7435/7435 7434/7434/7434 7436/7436/7436
f 7437/7437/7437 7438/7438/7438 7439/7439/7439
f 7439/7439/7439 7438/7438/7438 7440/7440/7440
f 7441/7441/7441 7442/7442/7442 7443/7443/7443
f 7443/7443/7443 7442/7442/7442 7444/7444/7444
f 7445/7445/7445 7446/7446/7446 7447/7447/7447
f 7447/7447/7447 7446/7446/7446 7448/7448/7448
f 7449/7449/7449 7450/7450/7450 7451/7451/7451
f 7451/7451/7451 7450/7450/7450 7452/7452/7452
f 7453/7453/7453 7454/7454/7454 7455/7455/7455
f 7455/7455/7455 7454/7454/7454 7456/7456/7456
f 7457/7457/7457 7458/7458/7458 7459/7459/7459
f 7459/7459/7459 7458/7458/7458 7460/7460/7460
f 7461/7461/7461 7462/7462/7462 7463/7463/7463
f 7463/7463/7463 7462/7462/7462 7464/7464/7464
f 7465/7465/7465 7466/7466/7466 7467/7467/7467
f 7467/7467/7467 7466/7466/7466 7468/7468/7468
f 7469/7469/7469 7470/7470/7470 7471/7471/7471
f 7471/7471/7471 7470/7470/7470 7472/7472/7472
f 7473/7473/7473 7474/7474/7474 7475/7475/7475
f 7475/7475/7475 7474/7474/7474 7476/7476/7476
f 7477/7477/7477 7478/7478/7478 7479/7479/7479
f 7479/7479/7479 7478/7478/7478 7480/7480/7480
f 7481/7481/7481 7482/7482/7482 7483/7483/7483
f 7483/7483/7483 7482/7482/7482 7484/7484/7484
f 7485/7485/7485 7486/7486/7486 7487/7487/7487
f 7487/7487/7487 7486/7486/7486 7488/7488/7488
f 7489/7489/7489 7490/7490/7490 7491/7491/7491
f 7491/7491/7491 7490/7490/7490 7492/7492/7492
f 7493/7493/7493 7494/7494/7494 7495/7495/7495
f 7495/7495/7495 7494/7494/7494 7496/7496/7496
f 7497/7497/7497 7498/7498/7498 7499/7499/7499
f 7499/7499/7499 7498/7498/7498 7500/7500/7500
f 7501/7501/7501 7502/7502/7502 7503/7503/7503
f 7503/7503/7503 7502/7502/7502 7504/7504/7504
f 7505/7505/7505 7506/7506/7506 7507/7507/7507
f 7507/7507/7507 7506/7506/7506 7508/7508/7508
f 7509/7509/7509 7510/7510/7510 7511/7511/7511
f 7511/7511/7511 7510/7510/7510 7512/7512/7512
f 7513/7513/7513 7514/7514/7514 7515/7515/7515
f 7515/7515/7515 7514/7514/7514 7516/7516/7516
f 7517/7517/7517 7518/7518/7518 7519/7519/7519
f 7519/7519/7519 7518/7518/7518 7520/7520/7520
f 7521/7521/7521 7522/7522/7522 7523/7523/7523
f 7523/7523/7523 7522/7522/7522 7524/7524/7524
f 7525/7525/7525 7526/7526/7526 7527/7527/7527
f 7527/7527/7527 7526/7526/7526 7528/7528/7528
f 7529/7529/7529 7530/7530/7530 7531/7531/7531
f 7531/7531/7531 7530/7530/7530 7532/7532/7532
f 7533/7533/7533 7534/7534/7534 7535/7535/7535
f 7535/7535/7535 7534/7534/7534 7536/7536/7536
f 7537/7537/7537 7538/7538/7538 7539/7539/7539
f 7539/7539/7539 7538/7538/7538 7540/7540/7540
f 7541/7541/7541 7542/7542/7542 7543/7543/7543
f 7543/7543/7543 7542/7542/7542 7544/7544/7544
f 7545/7545/7545 7546/7546/7546 7547/7547/7547
f 7547/7547/7547 7546/7546/7546 7548/7548/7548
f 7549/7549/7549 7550/7550/7550 7551/7551/7551
f 7551/7551/7551 7550/7550/7550 7552/7552/7552
f 7553/7553/7553 7554/7554/7554 7555/7555/7555
f 7555/7555/7555 7554/7554/7554 7556/7556/7556
f 7557/7557/7557 7558/7558/7558 7559/7559/7559
f 7559/7559/7559 7558/7558/7558 7560/7560/7560
f 7561/7561/7561 7562/7562/7562 7563/7563/7563
f 7563/7563/7563 7562/7562/7562 7564/7564/7564
f 7565/7565/7565 7566/7566/7566 7567/7567/7567
f 7567/7567/7567 7566/7566/7566 7568/7568/7568
f 7569/7569/7569 7570/7570/7570 7571/7571/7571
f 7571/7571/7571 7570/7570/7570 7572/7572/7572
f 7573/7573/7573 7574/7574/7574 7575/7575/7575
f 7575/7575/7575 7574/7574/7574 7576/7576/7576
f 7577/7577/7577 7578/7578/7578 7579/7579/7579
f 7579/7579/7579 7578/7578/7578 7580/7580/7580
f 7581/7581/7581 7582/7582/7582 7583/7583/7583
f 7583/7583/7583 7582/7582/7582 7584/7584/7584
f 7585/7585/7585 7586/7586/7586 7587/7587/7587
f 7587/7587/7587 7586/7586/7586 7588/7588/7588
f 7589/7589/7589 7590/7590/7590 7591/7591/7591
f 7591/7591/7591 7590/7590/7590 7592/7592/7592
f 7593/7593/7593 7594/7594/7594 7595/7595/7595
f 7595/7595/7595 7594/7594/7594 7596/7596/7596
f 7597/7597/7597 7598/7598/7598 7599/7599/7599
f 7599/7599/7599 7598/7598/7598 7600/7600/7600
f 7601/7601/7601 7602/7602/7602 7603/7603/7603
f 7603/7603/7603 7602/7602/7602 7604/7604/7604
f 7605/7605/7605 7606/7606/7606 7607/7607/7607
f 7607/7607/7607 7606/7606/7606 7608/7608/7608
f 7609/7609/7609 7610/7610/7610 7611/7611/7611
f 7611/7611/7611 7610/7610/7610 7612/7612/7612
f 7613/7613/7613 7614/7614/7614 7615/7615/7615
f 7615/7615/7615 7614/7614/7614 7616/7616/7616
f 7617/7617/7617 7618/7618/7618 7619/7619/7619
f 7619/7619/7619 7618/7618/7618 7620/7620/7620
f 7621/7621/7621 7622/7622/7622 7623/7623/7623
f 7623/7623/7623 7622/7622/7622 7624/7624/7624
f 7625/7625/7625 7626/7626/7626 7627/7627/7627
f 7627/7627/7627 7626/7626/7626 7628/7628/7628
f 7629/7629/7629 7630/7630/7630 7631/7631/7631
f 7631/7631/7631 7630/7630/7630 7632/7632/7632
f 7633/7633/7633 7634/7634/7634 7635/7635/7635
f 7635/7635/7635 7634/7634/7634 7636/7636/7636
f 7637/7637/7637 7638/7638/7638 7639/7639/7639
f 7639/7639/7639 7638/7638/7638 7640/7640/7640
f 7641/7641/7641 7642/7642/7642 7643/7643/7643
f 7643/7643/7643 7642/7642/7642 7644/7644/7644
f 7645/7645/7645 7646/7646/7646 7647/7647/7647
f 7647/7647/7647 7646/7646/7646 7648/7648/7648
f 7649/7649/7649 7650/7650/7650 7651/7651/7651
f 7651/7651/7651 7650/7650/7650 7652/7652/7652
f 7653/7653/7653 7654/7654/7654 7655/7655/7655
f 7655/7655/7655 7654/7654/7654 7656/7656/7656
f 7657/7657/7657 7658/7658/7658 7659/7659/7659
f 7659/7659/7659 7658/7658/7658 7660/7660/7660
f 7661/7661/7661 7662/7662/7662 7663/7663/7663
f 7663/7663/7663 7662/7662/7662 7664/7664/7664
f 7665/7665/7665 7666/7666/7666 7667/7667/7667
f 7667/7667/7667 7666/7666/7666 7668/7668/7668
f 7669/7669/7669 7670/7670/7670 7671/7671/7671
f 7671/7671/7671 7670/7670/7670 7672/7672/7672
f 7673/7673/7673 7674/7674/7674 7675/7675/7675
f 7675/7675/7675 7674/7674/7674 7676/7676/7676
f 7677/7677/7677 7678/7678/7678 7679/7679/7679
f 7679/7679/7679 7678/7678/7678 7680/7680/7680
f 7681/7681/7681 7682/7682/7682 7683/7683/7683
f 7683/7683/7683 7682/7682/7682 7684/7684/7684
f 7685/7685/7685 7686/7686/7686 7687/7687/7687
f 7687/7687/7687 7686/7686/7686 7688/7688/7688
f 7689/7689/7689 7690/7690/7690 7691/7691/7691
f 7691/7691/7691 7690/7690/7690 7692/7692/7692
f 7693/7693/7693 7694/7694/7694 7695/7695/7695
f 7695/7695/7695 7694/7694/7694 7696/7696/7696
f 7697/7697/7697 7698/7698/7698 7699/7699/7699
f 7699/7699/7699 7698/7698/7698 7700/7700/7700
f 7701/7701/7701 7702/7702/7702 7703/7703/7703
f 7703/7703/7703 7702/7702/7702 7704/7704/7704
f 7705/7705/7705 7706/7706/7706 7707/7707/7707
f 7707/7707/7707 7706/7706/7706 7708/7708/7708
f 7709/7709/7709 7710/7710/7710 7711/7711/7711
f 7711/7711/7711 7710/7710/7710 7712/7712/7712
f 7713/7713/7713 7714/7714/7714 7715/7715/7715
f 7715/7715/7715 7714/7714/7714 7716/7716/7716
f 7717/7717/7717 7718/7718/7718 7719/7719/7719
f 7719/7719/7719 7718/7718/7718 7720/7720/7720
f 7721/7721/7721 7722/7722/7722 7723/7723/7723
f 7723/7723/7723 7722/7722/7722 7724/7724/7724
f 7725/7725/7725 7726/7726/7726 7727/7727/7727
f 7727/7727/7727 7726/7726/7726 7728/7728/7728
f 7729/7729/7729 7730/7730/7730 7731/7731/7731
f 7731/7731/7731 7730/7730/7730 7732/7732/7732
f 7733/7733/7733 7734/7734/7734 7735/7735/7735
f 7735/7735/7735 7734/7734/7734 7736/7736/7736
f 7737/7737/7737 7738/7738/7738 7739/7739/7739
f 7739/7739/7739 7738/7738/7738 7740/7740/7740
f 7741/7741/7741 7742/7742/7742 7743/7743/7743
f 7743/7743/7743 7742/7742/7742 7744/7744/7744
f 7745/7745/7745 7746/7746/7746 7747/7747/7747
f 7747/7747/7747 7746/7746/7746 7748/7748/7748
f 7749/7749/7749 7750/7750/7750 7751/7751/7751
f 7751/7751/7751 7750/7750/7750 7752/7752/7752
f 7753/7753/7753 7754/7754/7754 7755/7755/7755
f 7755/7755/7755 7754/7754/7754 7756/7756/7756
f 7757/7757/7757 7758/7758/7758 7759/7759/7759
f 7759/7759/7759 7758/7758/7758 7760/7760/7760
f 7761/7761/7761 7762/7762/7762 7763/7763/7763
f 7763/7763/7763 7762/7762/7762 7764/7764/7764
f 7765/7765/7765 7766/7766/7766 7767/7767/7767
f 7767/7767/7767 7766/7766/7766 7768/7768/7768
f 7769/7769/7769 7770/7770/7770 7771/7771/7771
f 7771/7771/7771 7770/7770/7770 7772/7772/7772
f 7773/7773/7773 7774/7774/7774 7775/7775/7775
f 7775/7775/7775 7774/7774/7774 7776/7776/7776
f 7777/7777/7777 7778/7778/7778 7779/7779/7779
f 7779/7779/7779 7778/7778/7778 7780/7780/7780
f 7781/7781/7781 7782/7782/7782 7783/7783/7783
f 7783/7783/7783 7782/7782/7782 7784/7784/7784
f 7785/7785/7785 7786/7786/7786 7787/7787/7787
f 7787/7787/7787 7786/7786/7786 7788/7788/7788
f 7789/7789/7789 7790/7790/7790 7791/7791/7791
f 7791/7791/7791 7790/7790/7790 7792/7792/7792
f 7793/7793/7793 7794/7794/7794 7795/7795/7795
f 7795/7795/7795 7794/7794/7794 7796/7796/7796
f 7797/7797/7797 7798/7798/7798 7799/7799/7799
f 7799/7799/7799 7798/7798/7798 7800/7800/7800
